<?xml version="1.0" encoding="utf-8"?>
<nitf xmlns:xs="http://www.w3.org/2001/XMLSchema" version="//IPTC/DTD NITF 3.2/EN">
   <head>
      <story.date>02-01-2013</story.date>
      <pubdata name="Globe" position.section="News" position.subsection="Obits"
               position.sequence="B,12,507"
               type="print"
               date.publication="20130201000000-05:00"
               ex-ref="http://www.bostonglobe.com/metro/obituaries/2013/02/01/brother-serbian-strongman-milosevic-dies/sRhnZtlU1eaAprzrv1HGyH/story.html"/>
      <title>01milosevic</title>
      <docdata>
         <doc.id>23b74fd0-6a5c-11e2-a242-50e79c56738a</doc.id>
         <doc.copyright holder="Associated Press"/>
         <doc.rights owner="Associated Press"/>
         <date.issue norm="20130201002024-05:00">2013-02-01T00:20:24</date.issue>
         <identified-content>
            <classifier type="tom">News</classifier>
            <classifier type="taxonomy">News/Europe</classifier>
            <classifier type="contentdesk">Obits</classifier>
            <classifier type="subdesk"/>
            <location class="latitudelongitude">(44.8205556,20.4622222)</location>
         </identified-content>
      </docdata>
   </head>
   <body>
      <body.head>
         <hedline>
            <hl1>Borislav Milosevic, brother of former Serbian leader</hl1>
            <hl2 hl2class="subhead"/>
            <hl2 hl2class="overline"/>
            <hl2 hl2class="label"/>
         </hedline>
         <byline>
            <person/>
            <byttl>Associated Press</byttl>
         </byline>
         <abstract>Borislav Milosevic, the brother of late Serbian strongman Slobodan Milosevic, has died at the age of 79.</abstract>
      </body.head>
      <body.content>
         <block class="txt">
            <media mediaid="1">
               <media-reference>eefe0ac0-6b43-11e2-a242-50e79c56738a.jpg</media-reference>
               <media-caption>Mr. Milosevic was critical of the UN war crimes tribunal, which tried his brother.</media-caption>
               <media-producer>Alexander Merkushev/A.P./2001</media-producer>
               <media-metadata name="pageNumber" value="12"/>
               <media-metadata name="wShape" value="123.6"/>
               <media-metadata name="hShape" value="168"/>
            </media>
            <p>BELGRADE &#8212; Borislav Milosevic, the brother of late Serbian strongman Slobodan Milosevic, has died at age 79.</p>
            <p>Mr. Milosevic, who was the Yugoslav ambassador in Russia while his brother was in power during the 1990s, died of heart-related problems Tuesday at a hospital in Belgrade, the Socialist Party said.</p>
            <p>He was a supporter of his brother&#8217;s hard-line policies and a staunch critic of the UN war crimes tribunal in The Hague, which tried Slobodan Milosevic on genocide charges stemming from the Balkan wars of the 1990s.</p>
            <p>When 
the younger brother was handed over to the court in 2001 by a democratic government, Borislav Milosevic blasted the arrest as kidnapping and said the Hague tribunal was illegal.</p>
            <p>He repeatedly accused the UN court of being responsible for the death of his brother, who suffered a heart attack in his cell in 2006. </p>
            <p>A critic of Western policies toward Serbia, Mr. Milosevic advocated stronger ties with Russia instead.</p>
            <p>He was recalled as ambassador after Slobodan Milosevic was ousted from power in 2000, but continued to live in Moscow, heading an oil-trading company.</p>
            <p>When Slobodan Milosevic&#8217;s widow, Mirjana, and their son, Marko, fled Serbia, faced with criminal charges over alleged wrongdoings, Mr. Milosevic helped them settle in Moscow, where they were granted refugee status.</p>
            <p>Borislav Milosevic had a son. The arrangements for his funeral were not known.</p>
         </block>
      </body.content>
   </body>
</nitf>