<?xml version="1.0" encoding="utf-8"?>
<nitf xmlns:xs="http://www.w3.org/2001/XMLSchema" version="//IPTC/DTD NITF 3.2/EN">
   <head>
      <story.date>02-01-2013</story.date>
      <pubdata name="Globe" position.section="Living Arts" position.subsection=" "
               position.sequence="G,11,6"
               type="print"
               date.publication="20130201000000-05:00"
               ex-ref="http://www.bostonglobe.com/arts/music/2013/01/31/bso-carnegie-hall-appearances-reduced/09JNXd7Zzu2zc02snIVQhL/story.html"/>
      <title>01carnegie</title>
      <docdata>
         <doc.id>5590f49c-6b2a-11e2-bf18-4fb9427cef87</doc.id>
         <doc.copyright holder="The Boston Globe"/>
         <doc.rights owner="The Boston Globe"/>
         <date.issue norm="20130131124543-05:00">2013-01-31T12:45:43</date.issue>
         <identified-content>
            <classifier type="tom">News</classifier>
            <classifier type="taxonomy">AE/Music;News/US/Massachusetts</classifier>
            <classifier type="contentdesk">Arts</classifier>
            <classifier type="subdesk">ClassicalMusic</classifier>
            <location class="primary">Boston, MA</location>
            <location class="latitudelongitude">(42.3584308,-71.0597732)</location>
         </identified-content>
      </docdata>
   </head>
   <body>
      <body.head>
         <hedline>
            <hl1>BSO&#8217;s Carnegie dates cut back to 2 next year</hl1>
            <hl2 hl2class="subhead"/>
            <hl2 hl2class="overline"/>
            <hl2 hl2class="label"/>
         </hedline>
         <byline>
            <person>By Jeremy Eichler</person>
            <byttl>Globe Staff</byttl>
         </byline>
         <abstract>In a small but tangible sign of the impact of its podium vacancy on its national profile, the Boston Symphony Orchestra will be reducing its number of concerts next season at Carnegie Hall.</abstract>
      </body.head>
      <body.content>
         <block class="txt">
            <p>In a small but tangible sign of the impact of its podium vacancy on its national profile, the Boston Symphony Orchestra will be reducing its number of concerts next season at Carnegie Hall.</p>
            <p>For at least the last two decades, the orchestra has generally performed three concerts each season at the prestigious New York venue. Next season, the BSO will perform only twice: a pair of programs led by conductor emeritus Bernard Haitink.</p>
            <p>The spate of health-related cancellations that unsettled the final years of James Levine&#8217;s local tenure as music director had also impacted the BSO&#8217;s New York presence, as Levine withdrew from numerous Carnegie dates with the orchestra. Even after his resignation in 2011, the cancellations continued, with Kurt Masur withdrawing from his scheduled Carnegie Hall performance of Beethoven&#8217;s &#8220;Missa Solemnis&#8217;&#8217; last year. &#8220;It was clear we were scrambling,&#8217;&#8217; said BSO managing director Mark Volpe by phone on Wednesday.</p>
            <p>He added that the decision to cut back at Carnegie was also prompted in part by the thorny logistics of preparing three contiguous New York programs without one individual conductor to rehearse and perform them first in Boston, usually over a period of multiple subscription weeks. The ultimate decision to cut back was made in discussion with Carnegie Hall&#8217;s artistic director Clive Gillinson.</p>
            <p>&#8220;He and I were on the same page,&#8217;&#8217; Volpe said. &#8220;And when we have a music director, we&#8217;ll revisit our ongoing Carnegie presence.&#8217;&#8217; Volpe declined to discuss the timetable for concluding the ongoing conductor search.</p>
            <p>As for the two newly announced New York programs (Feb. 11-12, 2014), the first will feature Brahms&#8217;s Symphony No. 4 alongside Schumann&#8217;s Piano Concerto, with soloist Murray Perahia. The second will be an all-Ravel program including the composer&#8217;s complete ballet score &#8220;Daphnis et Chlo&#233;.&#8217;&#8217;</p>
            <p>The orchestra&#8217;s Carnegie Hall performances this season will take place April 3-5. </p>
            <p>
               <em class="i">Jeremy Eichler can be reached at jeichler@globe.com.</em>
            </p>
         </block>
      </body.content>
   </body>
</nitf>