<?xml version="1.0" encoding="utf-8"?>
<nitf xmlns:xs="http://www.w3.org/2001/XMLSchema" version="//IPTC/DTD NITF 3.2/EN">
   <head>
      <story.date>02-01-2013</story.date>
      <pubdata name="Globe" position.section="Sports" position.subsection=" "
               position.sequence="C,7,999"
               type="print"
               date.publication="20130201000000-05:00"
               ex-ref=""/>
      <title>01sfres</title>
      <docdata>
         <doc.id>c53ad556-6bfc-11e2-b0fe-25b534362601</doc.id>
         <doc.copyright holder=" "/>
         <doc.rights owner=" "/>
         <date.issue norm="20130201005251-05:00">2013-02-01T00:52:51</date.issue>
         <identified-content>
            <classifier type="tom">News</classifier>
            <classifier type="contentdesk">Sports</classifier>
            <classifier type="subdesk"/>
            <location class="primary">Boston, MA</location>
            <location class="latitudelongitude">(42.339904,-71.0898892)</location>
         </identified-content>
      </docdata>
   </head>
   <body>
      <body.head>
         <hedline>
            <hl1>NFL team schedules for 2012 season</hl1>
            <hl2 hl2class="subhead"/>
            <hl2 hl2class="overline"/>
            <hl2 hl2class="label"/>
         </hedline>
         <byline>
            <person/>
            <byttl/>
         </byline>
         <abstract>This is sports agate content</abstract>
      </body.head>
      <body.content>
         <block class="txt">
            <p>SAN FRANCISCO Results (13-4-1)</p>
            <p>30at Green Bay22</p>
            <p>27Detroit19</p>
            <p>13at Minnesota24</p>
            <p>34at NY Jets&#8199;0</p>
            <p>45Buffalo&#8199;3</p>
            <p>&#8199;3NY Giants26</p>
            <p>13Seattle&#8199;6</p>
            <p>24at Arizona&#8199;3</p>
            <p>Bye week</p>
            <p>24St. Louis24</p>
            <p>32Chicago&#8199;7</p>
            <p>31at New Orleans21</p>
            <p>13at St. Louis (OT)16</p>
            <p>27Miami13</p>
            <p>41at New England34</p>
            <p>13at Seattle42</p>
            <p>27Arizona13</p>
            <p>
               <em class="b">Divisional round</em>
            </p>
            <p>45Green Bay31</p>
            <p>
               <em class="b">Conference championship</em>
            </p>
            <p>28at Atlanta24</p>
         </block>
      </body.content>
   </body>
</nitf>