<?xml version="1.0" encoding="utf-8"?>
<nitf xmlns:xs="http://www.w3.org/2001/XMLSchema" version="//IPTC/DTD NITF 3.2/EN">
   <head>
      <story.date>02-01-2013</story.date>
      <pubdata name="Globe" position.section="Business" position.subsection=" "
               position.sequence=",,52"
               type="print"
               date.publication="20130201000000-05:00"
               ex-ref="http://www.bostonglobe.com/business/2013/02/01/boston-downtown-condo-market-soars-with-rapid-sales-and-rising-home-values/UFpZyIGegqnA2GhEY6AbnM/story.html"/>
      <title>01condo(1)</title>
      <docdata>
         <doc.id>f760f31a-6b1d-11e2-a242-50e79c56738a</doc.id>
         <doc.copyright holder="The Boston Globe"/>
         <doc.rights owner="The Boston Globe"/>
         <date.issue norm="20130131233521-05:00">2013-01-31T23:35:21</date.issue>
         <identified-content>
            <classifier type="tom">News</classifier>
            <classifier type="taxonomy">Real estate/News;Business/Other</classifier>
            <classifier type="contentdesk">Business</classifier>
            <classifier type="subdesk"/>
            <location class="primary">Boston, MA</location>
            <location class="latitudelongitude">(42.3584308,-71.0597732)</location>
         </identified-content>
      </docdata>
   </head>
   <body>
      <body.head>
         <hedline>
            <hl1>Downtown condo market improves in 2012</hl1>
            <hl2 hl2class="subhead">Median sale price hits highest level to date</hl2>
            <hl2 hl2class="overline"/>
            <hl2 hl2class="label"/>
         </hedline>
         <byline>
            <person>By Jenifer B. McKim</person>
            <byttl>Globe Staff</byttl>
         </byline>
         <abstract>Boston&#8217;s downtown condominium market soared in 2012, with the number of sales increasing dramatically and the median sale price reaching a record high, as prospective buyers battled over a shrinking housing stock. Buyers closed deals on 3,324 condos in the city&#8217;s core neighborhoods last year, 28.9 percent more than in 2011, according to LINK, a Boston-based company that tracks the local condo market.</abstract>
      </body.head>
      <body.content>
         <block class="txt">
            <media mediaid="1">
               <media-reference>da09d652-6bd5-11e2-b0fe-25b534362601.jpg</media-reference>
               <media-caption/>
               <media-producer/>
               <media-metadata name="pageNumber" value=""/>
               <media-metadata name="wShape" value="313.44"/>
               <media-metadata name="hShape" value="126"/>
            </media>
            <p>Boston&#8217;s downtown condominium market soared in 2012, with the number of sales increasing dramatically and the median sale price reaching a record high, as prospective buyers battled over a shrinking housing stock.</p>
            <p>Buyers closed deals on 3,324 condos in the city&#8217;s core neighborhoods last year, 28.9 percent more than in 2011, according to LINK, a Boston-based company that tracks the local condo market.</p>
            <p>At the same time, the median sale price, or midpoint price, rose to $501,250 &#8212; the  the highest ever &#8212; a 5.69 percent increase over the 2011 figure. LINK bases its findings on condo sales in 12 neighborhoods, including the Back Bay, Beacon Hill, South Boston, and the Fenway. But it omits others sections of the city, such as Allston, Brighton, Roxbury, and Mattapan.</p>
            <p>The strong showing comes as baby boomers and young professionals with good-paying tech jobs wage bidding wars in an area that was largely immune to the housing market&#8217;s collapse.</p>
            <p>Since 2005, the median sale price for condos in downtown Boston has increased nearly 8 percent, from $465,000 to $501,250, LINK data show. During much of that period, the overall US housing market was crumbling.</p>
            <p>Statewide, single-family home values are down about 16 percent and nationwide about 29 percent since the top of the market, according to the most recent data from the S&amp;P/Case-Shiller home price indices, another housing tracker.</p>
            <p>As the local economy improves, interest among all ages to live in an urban environment has risen, housing specialists say.</p>
            <p>&#8220;The city is experiencing this tremendous demand and draw to live here,&#8217;&#8217; said Kevin J. Ahearn, president of the Boston-based brokerage firm Otis &amp; Ahearn Inc. &#8220;You have young millennials, and you have [people in their] 60s and 70s and everything in between.&#8217;&#8217;</p>
            <p>The city&#8217;s luxury market, which slowed significantly in 2009 during the national recession, also is quickly gaining speed. Sales in luxury buildings &#8212; which are defined as including full-service amenities such as concierge and valet services &#8212; rose by 24.6 percent last year compared with 2011, LINK reported.</p>
            <p>The median sale price for luxury buildings also increased to a record-setting $762,500, nearly 6 percent higher than the price in 2011, according to the new figures.</p>
            <p>&#8220;The luxury market is probably the strongest segment, where there is the most demand and the least amount of inventory,&#8217;&#8217; said LINK president Debra Taylor Blair.</p>
            <p>But while the scarcity of available properties has increased competition and pushed up prices, many worry the market will eventually start slowing unless more people put their homes on the market or large numbers of new properties are brought into the mix. For-sale inventory in the downtown area decreased in 2012 to record lows &#8212; with only 222 condos available at the end of the fourth quarter, LINK said.</p>
            <p>Housing specialists are counting on the spring market attracting new sellers to keep the downtown momentum building through 2013.</p>
            <p>&#8220;If you are a seller today, this is a terrific time to sell,&#8217;&#8217; said Dave Stenberg, manager of Boston operations at Hammond Residential Real Estate. &#8220;The pace of the market is incredibly fast right now.&#8217;&#8217;</p>
            <p>Stenberg said he believes many sellers are not aware of the favorable market conditions. Meanwhile, prospective buyers need to be ready to make a quick offer on properties they like, he said. But Stenberg cautioned against acting in a panic &#8212; he doesn&#8217;t expect values to skyrocket like they did during the housing boom.</p>
            <p>&#8220;Buyers should not think if they don&#8217;t do something today that the prices will shoot up 10 or 20 percent a year,&#8217;&#8217; he said.</p>
            <p>
               <em class="i">Jenifer B. McKim can be reached at jmckim@globe.com. Follow her on Twitter &#173;@jbmckim.</em>
            </p>
         </block>
      </body.content>
   </body>
</nitf>