<?xml version="1.0" encoding="utf-8"?>
<nitf xmlns:xs="http://www.w3.org/2001/XMLSchema" version="//IPTC/DTD NITF 3.2/EN">
   <head>
      <story.date>02-01-2013</story.date>
      <pubdata name="Globe" position.section="Living Arts" position.subsection=" "
               position.sequence="G,3,2"
               type="print"
               date.publication="20130201000000-05:00"
               ex-ref="http://www.bostonglobe.com/arts/2013/01/31/book-review-remembering-whitney-story-love-loss-and-night-music-stopped-cissy-houston-with-lisa-dickey/au6ului8yQb0NenyQdeToI/story.html"/>
      <title>01Book(1)</title>
      <docdata>
         <doc.id>35625af8-69a4-11e2-a242-50e79c56738a</doc.id>
         <doc.copyright holder="The Boston Globe"/>
         <doc.rights owner="The Boston Globe"/>
         <date.issue norm="20130130211623-05:00">2013-01-30T21:16:23</date.issue>
         <identified-content>
            <classifier type="tom">News</classifier>
            <classifier type="taxonomy">AE/Books</classifier>
            <classifier type="contentdesk">Arts</classifier>
            <classifier type="subdesk"/>
            <location class="primary">Boston, MA</location>
            <location class="latitudelongitude">(42.3584308,-71.0597732)</location>
         </identified-content>
      </docdata>
   </head>
   <body>
      <body.head>
         <hedline>
            <hl1>Reflections from &#8216;the sidelines&#8217; </hl1>
            <hl2 hl2class="subhead">Cissy Houston looks back on both triumph and anguish in life with Whitney</hl2>
            <hl2 hl2class="overline">Book Review</hl2>
            <hl2 hl2class="label"/>
         </hedline>
         <byline>
            <person>By Sarah Rodman</person>
            <byttl>Globe Staff</byttl>
         </byline>
         <abstract>There is something disarming about the no-nonsense approach that Cissy Houston takes in recounting life with her daughter, pop superstar Whitney, who passed away nearly a year ago at 48. In the emotionally tangled &#8220;Remembering Whitney,&#8217;&#8217; the elder Houston &#8212; still clearly working out her grief &#8212; is a fiercely protective mama bear to the memory of her damaged cub, but she also refuses to lionize her.</abstract>
      </body.head>
      <body.content>
         <block class="txt">
            <media mediaid="1">
               <media-reference>715e5eda-5537-11e1-baa0-8957a7430158.jpg</media-reference>
               <media-caption>Cissy Houston (left) recalls daughter Whitney (right) as funny and smart, but also stubborn and emotionally remote.</media-caption>
               <media-producer>Dan Hallman/Invision via AP (left); ABDELHAK SENNA/AFP/Getty Images/file 2008 </media-producer>
               <media-metadata name="pageNumber" value="3"/>
               <media-metadata name="wShape" value="268.4"/>
               <media-metadata name="hShape" value="357"/>
            </media>
            <media mediaid="2">
               <media-reference>95a1a6b0-6a28-11e2-bf18-4fb9427cef87.jpg</media-reference>
               <media-caption/>
               <media-producer/>
               <media-metadata name="pageNumber" value="3"/>
               <media-metadata name="wShape" value="268.4"/>
               <media-metadata name="hShape" value="357"/>
            </media>
            <p>Book Review</p>
            <p>
               <em class="b">REMEMBERING WHITNEY: </em>
            </p>
            <p>
               <em class="b">My Story of Love, Loss, and the Night the Music Stopped</em>
            </p>
            <p> By Cissy Houston</p>
            <p> With Lisa Dickey</p>
            <p> Harper, 297 pp., illustrated, $27.99</p>
            <p>There is something disarming about the no-nonsense approach that Cissy Houston takes in recounting life with her daughter, pop superstar Whitney, who died nearly a year ago at 48. 
</p>
            <p>In the emotionally tangled &#8220;Remembering Whitney,&#8217;&#8217; the elder Houston &#8212; still clearly working out her grief &#8212; is a fiercely protective mama bear to the memory of her damaged cub, but she also refuses to lionize her.</p>
            <p>She paints a picture of her daughter&#8217;s life &#8212; from her childhood days learning to sing with her mother in church to her tutelage by Clive Davis to superstardom to her tumultuous marriage to Bobby Brown to the difficult day she forced Whitney into rehab &#8212; that is both triumphant and anguished.</p>
            <p>Houston recalls Whitney as radiant, talented, warm, generous to a fault, funny, and smart. She also calls her out as stubborn, sometimes mean, and emotionally remote.</p>
            <p>That &#8220;I don&#8217;t take no stuff&#8217;&#8217; attitude that pervades the book, however, also makes it clear that Cissy Houston is not someone you want to anger or disappoint, which she confesses is probably why her daughter didn&#8217;t always come to her with her personal issues from a miscarriage to marriage woes with Brown and ultimately her drug addiction. </p>
            <p>&#8220;[A]s much as I love my daughter, Nippy was no angel,&#8217;&#8217; she writes at one point of Whitney, referred to throughout by her nickname. &#8220;She could be a straight-up heifer to people if they revealed things she didn&#8217;t want them to.&#8217;&#8217; 
</p>
            <p>And often that meant revealing things to Cissy, who earned the nickname &#8220;Big Cuda&#8217;&#8217; &#8212; as in barracuda &#8212; among Whitney&#8217;s staff.</p>
            <p>&#8220;Nobody likes to have their mama angry, and I would get angry at her sometimes. Maybe she was a little afraid to talk to me, afraid that I would snap at her. I wanted her to be strong, but if she couldn&#8217;t be strong, I wanted her to ask for my help. .&#160;.&#160;. She didn&#8217;t want me coming in with a bang, trying to solve her problems, so I tried to stay on the sidelines and give her some space. But the hard part about that was, I often didn&#8217;t have any idea <em class="i">what</em> was going on with her. And that&#8217;s something I&#8217;ll never get over and I&#8217;ll never be right with.&#8217;&#8217; 
</p>
            <p>That passage sums up the core heartbreak of the book, an odd seesaw vision of mother-daughter intimacy (when Whitney was a little girl, when they worked on music together, or shared their Christian faith) and distance (much of the rest of the time). </p>
            <p>For instance, addressing 
whether there was ever anything romantic between her daughter and Whitney&#8217;s longtime friend Robyn Crawford, Houston says she never knew because &#8220;Nippy never shared details of her personal life with me about things like that.&#8217;&#8217;
</p>
            <p>Those looking for Houston to dump her daughter&#8217;s problems squarely at Brown&#8217;s doorstep will find no purchase here. She admits, repeatedly, that she was not a fan &#8212; and was particularly offended by &#8220;Humpin&#8217; Around&#8217;&#8217; &#8212; and did not always care for the way he treated her but says her daughter was a grown woman who made her own choices. </p>
            <p>One choice the elder Houston made resonates. While she is a Grammy-winning gospel singer and much sought-after backup vocalist and arranger, she never hungered for large-scale fame. She was happy to burnish the performances of artists like Aretha Franklin, Van Morrison, and Elvis Presley, which she writes about in some of the most captivating passages here and which would make a great book on their own if she fleshed them out. </p>
            <p>&#8220;I&#8217;d seen what happened to good people who found themselves in the whirlwind of fame &#8212; there were so many pitfalls, so many distractions.&#8217;&#8217; It must have been especially devastating to watch her daughter make a different choice with just those consequences. </p>
            <p>
               <em class="i">Sarah Rodman can be reached at srodman@globe.com. Follow her on Twitter @GlobeRodman.</em>
            </p>
         </block>
      </body.content>
   </body>
</nitf>