<?xml version="1.0" encoding="utf-8"?>
<nitf xmlns:xs="http://www.w3.org/2001/XMLSchema" version="//IPTC/DTD NITF 3.2/EN">
   <head>
      <story.date>02-01-2013</story.date>
      <pubdata name="Globe" position.section="Living Arts" position.subsection=" "
               position.sequence="G,16,999"
               type="print"
               date.publication="20130201000000-05:00"
               ex-ref=""/>
      <title>01movbox</title>
      <docdata>
         <doc.id>632ab198-6b1f-11e2-a242-50e79c56738a</doc.id>
         <doc.copyright holder=" "/>
         <doc.rights owner=" "/>
         <date.issue norm="20130130211910-05:00">2013-01-30T21:19:10</date.issue>
         <identified-content>
            <classifier type="tom">News</classifier>
            <classifier type="taxonomy">AE/Movies</classifier>
            <classifier type="contentdesk">Arts</classifier>
            <classifier type="subdesk">Movies</classifier>
         </identified-content>
      </docdata>
   </head>
   <body>
      <body.head>
         <hedline>
            <hl1>OPENING THIS WEEK</hl1>
            <hl2 hl2class="subhead"/>
            <hl2 hl2class="overline"/>
            <hl2 hl2class="label"/>
         </hedline>
         <byline>
            <person/>
            <byttl/>
         </byline>
         <abstract/>
      </body.head>
      <body.content>
         <block class="txt">
            <p>&#x2605;&#x2605;&#x2605;&#x2605;</p>
            <p>
               <em class="b">The Oscar Nominated Short Films 2013: Documentaries </em>(unrated), <em class="b">15</em>
            </p>
            <p/>
            <p>&#x2605;&#x2605;&#x2605;</p>
            <p>
               <em class="b">The Oscar Nominated Short Films 2013: Animated and Live Action </em>(unrated), <em class="b">14</em>
            </p>
            <p/>
            <p>&#x2605;&#x2605;&#x2605;</p>
            <p>
               <em class="b">Warm Bodies </em>(PG-13), <em class="b">12</em>
            </p>
            <p/>
            <p>&#x2605;&#x2605;</p>
            <p>
               <em class="b">Bullet to the Head </em>(R), <em class="b">16</em>
            </p>
            <p/>
            <p>
               <em class="b">&#xBD;</em>&#x2605;</p>
            <p>
               <em class="b">Stand Up Guys </em>(R), <em class="b">13</em>
            </p>
            <p/>
         </block>
      </body.content>
   </body>
</nitf>