<?xml version="1.0" encoding="utf-8"?>
<nitf xmlns:xs="http://www.w3.org/2001/XMLSchema" version="//IPTC/DTD NITF 3.2/EN">
   <head>
      <story.date>02-01-2013</story.date>
      <pubdata name="Globe" position.section="News" position.subsection="Metro"
               position.sequence="B,1,13"
               type="print"
               date.publication="20130201000000-05:00"
               ex-ref="http://www.bostonglobe.com/metro/2013/01/31/high-winds-knocks-down-trees-causes-power-outages-and-traffic-problems-for-commuters/s11Ed0PU4bNll8XDIhce6J/story.html"/>
      <title>01storm</title>
      <docdata>
         <doc.id>29ce7e0a-6b9e-11e2-b0fe-25b534362601</doc.id>
         <doc.copyright holder="The Boston Globe"/>
         <doc.rights owner="The Boston Globe"/>
         <date.issue norm="20130201035411-05:00">2013-02-01T03:54:11</date.issue>
         <identified-content>
            <classifier type="tom">News</classifier>
            <classifier type="taxonomy">News/US/Massachusetts</classifier>
            <classifier type="contentdesk">Metro</classifier>
            <classifier type="subdesk"/>
            <location class="primary">Taunton, MA</location>
            <location class="latitudelongitude">(41.955746,-71.134043)</location>
         </identified-content>
      </docdata>
   </head>
   <body>
      <body.head>
         <hedline>
            <hl1>Wind flares up, knocks a lot down</hl1>
            <hl2 hl2class="subhead"/>
            <hl2 hl2class="overline"/>
            <hl2 hl2class="label"/>
         </hedline>
         <byline>
            <person>By Lauren Dezenski and John R. Ellement</person>
            <byttl>Globe Correspondent and Globe Staff</byttl>
         </byline>
         <abstract>High winds raked the Bay State on Thursday, pummeling buildings and tearing down trees and power lines, and leaving thousands without power. One person was seriously injured in a weather-related accident on Cape Cod, while in a close call two EMTs escaped injury when powerful gusts toppled a tree onto their ambulance in Boston. The blustery day added another twist to what had already been a fickle week of weather. On Wednesday, temperatures hit the upper 50s, melting the light snow from the day before.</abstract>
      </body.head>
      <body.content>
         <block class="txt">
            <media mediaid="1">
               <media-reference>bf9a223a-6bdb-11e2-86f0-9a1ce78484a2.jpg</media-reference>
               <media-caption>Downed power lines on Andover Street in Danvers forced businesses to close Thursday. This utility pole came down during the extremely high winds.</media-caption>
               <media-producer>Suzanne Kreiter/Globe Staff</media-producer>
               <media-metadata name="pageNumber" value=""/>
               <media-metadata name="wShape" value="433.2"/>
               <media-metadata name="hShape" value="315"/>
            </media>
            <media mediaid="2">
               <media-reference>be329c7e-6bc7-11e2-86f0-9a1ce78484a2.jpg</media-reference>
               <media-caption>Heavy winds felled a billboard at Roxbury Motors on Columbus Avenue, damaging some of the used cars for sale on the lot.</media-caption>
               <media-producer>David L. Ryan/Globe Staff</media-producer>
               <media-metadata name="pageNumber" value=""/>
               <media-metadata name="wShape" value="284.8"/>
               <media-metadata name="hShape" value="199.5"/>
            </media>
            <media mediaid="3">
               <media-reference>b09afe3a-6bc7-11e2-86f0-9a1ce78484a2.jpg</media-reference>
               <media-caption/>
               <media-producer>David L. Ryan/Globe Staff</media-producer>
               <media-metadata name="pageNumber" value=""/>
               <media-metadata name="wShape" value="530.4"/>
               <media-metadata name="hShape" value="346.5"/>
            </media>
            <media mediaid="4">
               <media-reference>7ccf81ba-6be6-11e2-86f0-9a1ce78484a2.jpg</media-reference>
               <media-caption>A massive stump with deep roots was all that remained of a tree on Blue Hill Avenue and Seaver Street in Dorchester that was uprooted by the wind. Traffic slowed while workers removed the upper part of the tree. In Raynham, the roof of the Merrill School cafeteria was damaged by high winds.</media-caption>
               <media-producer>George Rizer for The Boston Globe</media-producer>
               <media-metadata name="pageNumber" value=""/>
               <media-metadata name="wShape" value="288.19"/>
               <media-metadata name="hShape" value="186"/>
            </media>
            <media mediaid="5">
               <media-reference>d171e466-6c03-11e2-a242-50e79c56738a.jpg</media-reference>
               <media-caption/>
               <media-producer/>
               <media-metadata name="pageNumber" value=""/>
               <media-metadata name="wShape" value="284.8"/>
               <media-metadata name="hShape" value="177"/>
            </media>
            <p>High winds raked Massachusetts on Thursday, pummeling buildings, tearing down trees and power lines, and leaving thousands without power.</p>
            <p>One person was seriously injured in a weather-related accident on Cape Cod, while in a close call two EMTs escaped injury when powerful gusts toppled a tree onto their ambulance in Boston.</p>
            <p>The blustery day added yet &#173;another twist to what already had been a fickle week of weather. On Wednesday, temperatures hit the upper 50s, melting the light snow that fell the morning before.</p>
            <p>Much of the state saw gusts in excess of 50 miles per hour early Thursday, topping 60 in some areas, including 64-mile-per-hour winds observed in Harwich, Malden, Duxbury, and Brookline between 4 and 7 a.m.</p>
            <p>At the Blue Hill Observatory in Milton, weather watchers recorded an 81-mile-per-hour wind gust around 6:23 a.m. That is higher than the 74-mile-per-hour threshold for hurricane-&#173;force winds.</p>
            <p>A high school student was taken to Cape Cod Hospital &#173;after being hit by a car at roughly 7 a.m. as she crossed the street to a bus stop in Barnstable. Fire officials said the incident was weather-related and conditions at the time were dark, windy, and rainy.</p>
            <p>The two emergency medical technicians had stopped for a red light about 5:30 a.m. at the intersection of Blue Hill Avenue and Seaver Street in Dorchester when a tree crashed onto the roofs of their ambulance and a parked truck. They escaped as the tree slowly crushed their &#173;vehicle.</p>
            <p>&#8220;A big piece of the tree lodged through the roof in the rear of the ambulance,&#8217;&#8217; said Stephen McCall, president of Brockton-based McCall Ambulance Service. &#8220;If somebody was in there, they definitely would have been hit.&#8217;&#8217;</p>
            <p>The conditions also took a toll on the region&#8217;s electric grid. National Grid reported that at 8 a.m., the peak of the outages for the utility, 32,453 customers were without power. An NStar spokesman said that a total of 20,000 of its customers and 6,700 customers of Western Massachusetts Electric Co., a sister company, had lost power over the course of the day.</p>
            <p>In Revere, the winds wrenched at a 70-year-old auto body shop, causing it to partially collapse. State Police shut down the street as officials &#173;assessed the scene at Charlie&#8217;s Repair Shop at 655 North Shore Road (Route 1A). No one was injured, a fire official said.</p>
            <p>Gusts also tore up the roof of a Raynham elementary school cafeteria, said Fire Chief James T. Januse. </p>
            <p>The wind &#8220;just rolled the top&#8217;&#8217; of the rubber roof off the building at 6:45 a.m., damaging most of the roof and sending insulation into the wind, Januse said. &#8220;It&#8217;s quite a mess.&#8217;&#8217; 
</p>
            <p>Water damaged the interior of the cafeteria at the Lillie B. Merrill Elementary School. The school was not yet open, so no one was in the lunchroom at the time, Januse said.</p>
            <p>In Boston, winds whipped a billboard onto cars at a &#173;Roxbury car dealership. Two cars in the lot were reportedly damaged. No one was injured.</p>
            <p>Several public safety agencies reported road detours due to downed trees and power lines. </p>
            <p>The traffic snags included the Jamaicaway in Boston, Greenough and North Beacon streets in Watertown, and &#173;Andover Street in Danvers.</p>
            <p>In Wellesley, the eastbound lanes of Route 16 were closed for about 90 minutes Thursday morning due to damage related to the weather. </p>
            <p>On Friday, the forecast calls for highs in the lower 30s and a low in the upper teens.</p>
            <p>
               <em class="i">Martin Finucane of the Globe staff and Globe correspondent Todd Feathers contributed to this report. Lauren Dezenski can be reached at lauren. dezenski@globe.com. John R. Ellement can be reached at  ellement@globe.com.</em>
            </p>
         </block>
      </body.content>
   </body>
</nitf>