<?xml version="1.0" encoding="utf-8"?>
<nitf xmlns:xs="http://www.w3.org/2001/XMLSchema" version="//IPTC/DTD NITF 3.2/EN">
   <head>
      <story.date>02-01-2013</story.date>
      <pubdata name="Globe" position.section="News" position.subsection="Metro"
               position.sequence="A,1,4"
               type="print"
               date.publication="20130201000000-05:00"
               ex-ref="http://www.bostonglobe.com/sports/2013/02/01/red-sox-season-ticket-renewals-are-down-percent/UxpgHW6cbuahlKHd96D2DL/story.html"/>
      <title>01redsox</title>
      <docdata>
         <doc.id>fdd4fd12-6bb4-11e2-a242-50e79c56738a</doc.id>
         <doc.copyright holder="The Boston Globe"/>
         <doc.rights owner="The Boston Globe"/>
         <date.issue norm="20130201081621-05:00">2013-02-01T08:16:21</date.issue>
         <identified-content>
            <classifier type="tom">News</classifier>
            <classifier type="taxonomy">Sports/Baseball/MLB/Red Sox</classifier>
            <classifier type="contentdesk">Metro</classifier>
            <classifier type="subdesk"/>
            <location class="primary">Boston, MA</location>
            <location class="latitudelongitude">(42.3584308,-71.0597732)</location>
         </identified-content>
      </docdata>
   </head>
   <body>
      <body.head>
         <hedline>
            <hl1>Sox season-ticket renewals drop</hl1>
            <hl2 hl2class="subhead">10% decline imperils reputation for sellouts</hl2>
            <hl2 hl2class="overline"/>
            <hl2 hl2class="label"/>
         </hedline>
         <byline>
            <person>By Nick Cafardo</person>
            <byttl>Globe Staff</byttl>
         </byline>
         <abstract>The announcement would always come around the seventh inning, when a Red Sox publicist would tell fans in attendance that Fenway Park was again sold out, a streak that stands at 793 games and dates to May 15, 2003. But in the wake of the joyless 2012 season, that streak is in jeopardy. So far this year, season-ticket renewals are down 10 percent over this time last year. </abstract>
      </body.head>
      <body.content>
         <block class="txt">
            <media mediaid="1">
               <media-reference>c6376256-9553-11e1-9792-d8a6508ba7da.jpg</media-reference>
               <media-caption>The sellout streak is the second-longest in pro sports.</media-caption>
               <media-producer>Yoon S. Byun/Globe Staff/file 2012</media-producer>
               <media-metadata name="pageNumber" value=""/>
               <media-metadata name="wShape" value="259.2"/>
               <media-metadata name="hShape" value="157.5"/>
            </media>
            <p>The announcement would always come around the seventh inning, when a Red Sox publicist would tell the media in attendance that Fenway Park was again sold out, a streak that stands at 793 games and dates to May 15, 2003.</p>
            <p>But in the wake of the joyless 2012 season, that streak is in jeopardy.</p>
            <p>
               <em class="b">Season-ticket renewals are down 10 percent from this time last year. Although those coveted tickets will eventually go to fans on the waiting list, the renewal lapse is seen as a signal that even hardcore fans are cooling in their enthusiasm. And that can translate into a drop in overall ticket sales &#8212; and empty seats in the stands.</em>
               <em class="b"/>
            </p>
            <p>&#8220;It will come as no surprise if, on the heels of a 69-win season, our fans don&#8217;t sell out the park some nights this year,&#8217;&#8217; said Sam Kennedy, the team&#8217;s chief operating officer. &#8220;We know it takes time to reconnect, to restore faith, and to believe again. We are passionate fans, too. We understand.&#8217;&#8217;</p>
            <p>Kennedy also said that although there are no tallies yet on single-ticket sales, he expects those to be down, too.<em class="b"/>
            </p>
            <p>Uncertainty about the streak began last season. On some nights the empty seats around the venerable park were there for everyone to see, even as another sellout was announced.

</p>
            <p>Yet Red Sox management&#8217;s definition of a sellout &#8212; in which they count the total number of tickets distributed, including 800 complimentary tickets to each game, plus standing-room tickets &#8212; allowed the team to keep the streak alive.</p>
            <p>Among the four professional sports in North America, the streak is second only to the NBA&#8217;s Portland Trail Blazers&#8217;mark of 814 games from 1977 to &#8217;95. The Sox broke the Cleveland Indians&#8217; record for Major League Baseball in 2008. The Indians sold out 455 straight from 1995-2001.</p>
            <p>So what&#8217;s in store for the struggling Sox this season? The team will not be helped in their early ticket sales by fan excitement over a superstar&#8217;s joining the team. General manager Ben Cherington took a different approach in player acquisition this offseason, shying away from the high-profile players the team has signed in the recent past in favor of lunchpail types such as Ryan Dempster, Shane Victorino, Mike Napoli, Jonny Gomes, and David Ross.
</p>
            <p>Cherington has added complementary pieces around second baseman Dustin Pedroia, and will look to the future with promising prospects in the farm system, such as outfielder Jackie Bradley Jr. and shortstop Xander Bogaerts.</p>
            <p>Given that approach, Kennedy said, the team expects to take a hit at the box office.</p>
            <p>&#8220;It&#8217;s no surprise that season-ticket renewals are lagging behind somewhat so far from 2012,&#8217;&#8217; Kennedy said. &#8220;We hope that those who are on the fence will renew when they see a new team with new personalities take the field.&#8217;&#8217;</p>
            <p>According to an industry source familiar with tickets sales for big-market franchises, the news could be worse.</p>
            <p>&#8220;Actually, being 10 percent down after a year they had last year isn&#8217;t that bad,&#8217;&#8217; the source said. &#8220;I think only in Boston could you see that minimal of a dropoff. When people are angry about their sports teams, they usually send them a message. This is a message, but not exactly one they&#8217;re shouting from the rooftops.&#8217;&#8217;</p>
            <p>The Red Sox are selling good character and a new manager in John Farrell, their former pitching coach, whom they have charged with righting the ship and reversing the fortunes of the pitching staff. 
They are banking on calmness after the tumultuous Bobby Valentine era and a desire by veterans such as Pedroia, David Ortiz, and Jacoby Ellsbury to prove last year was an aberration.</p>
            <p>&#8220;The silver lining for some fans is that some of those who have been on the waiting list for many years may finally get their chance this year,&#8217;&#8217; Kennedy said. &#8220;I anticipate our season-ticket base will be roughly consistent with what it has been in years past, albeit with some new buyers from the waiting list.&#8217;&#8217; The Red Sox have about 20,000 season ticket holders.</p>
            <p>Said Kennedy, &#8220;We will certainly know more in the coming weeks.&#8217;&#8217;</p>
            <p>
               <em class="i">Nick Cafardo can be reached at cafardo@globe.com. Follow him on Twitter @nickcafardo.</em>
            </p>
         </block>
      </body.content>
   </body>
</nitf>