<?xml version="1.0" encoding="utf-8"?>
<nitf xmlns:xs="http://www.w3.org/2001/XMLSchema" version="//IPTC/DTD NITF 3.2/EN">
   <head>
      <story.date>02-01-2013</story.date>
      <pubdata name="Globe" position.section="Living Arts" position.subsection=" "
               position.sequence="G,30,20"
               type="print"
               date.publication="20130201000000-05:00"
               ex-ref="http://www.bostonglobe.com/arts/music/2013/01/31/with-hit-singles-and-grammy-nods-fun-having-ball/8dL1kodJ6shu40fRmd9SbJ/story.html"/>
      <title>01fun.(1)</title>
      <docdata>
         <doc.id>b61c04a2-6a38-11e2-a242-50e79c56738a</doc.id>
         <doc.copyright holder="The Boston Globe"/>
         <doc.rights owner="The Boston Globe"/>
         <date.issue norm="20130130212235-05:00">2013-01-30T21:22:35</date.issue>
         <identified-content>
            <classifier type="tom">News</classifier>
            <classifier type="taxonomy">AE/Music</classifier>
            <classifier type="contentdesk">Arts</classifier>
            <classifier type="subdesk">PopMusic</classifier>
            <location class="primary">Boston, MA</location>
            <location class="latitudelongitude">(42.356246,-71.0610796)</location>
         </identified-content>
      </docdata>
   </head>
   <body>
      <body.head>
         <hedline>
            <hl1>With hit singles and Grammy nods, Fun. is having a ball </hl1>
            <hl2 hl2class="subhead"/>
            <hl2 hl2class="overline"/>
            <hl2 hl2class="label"/>
         </hedline>
         <byline>
            <person>By Sarah Rodman</person>
            <byttl>Globe Staff</byttl>
         </byline>
         <abstract>In the year since the release of their sophomore album, &#8220;Some Nights,&#8217;&#8217; the members of the New York pop-rock trio Fun. have had to make many decisions. With six Grammy nominations for an album that spawned the ultra-catchy hit singles &#8220;We Are Young,&#8217;&#8217; &#8220;Some Nights,&#8217;&#8217; and &#8220;Carry On,&#8217;&#8217; singer Nate Ruess, guitarist Jack Antonoff, and multi-instrumentalist Andrew Dost have conferred on everything from the routing of their sold-out tour to the wardrobe for a recent inaugural ball. The trio play the Orpheum Theatre Friday and perform at the Grammy Awards on Feb. 10. </abstract>
      </body.head>
      <body.content>
         <block class="txt">
            <media mediaid="1">
               <media-reference>bbe1b17e-6a4d-11e2-bf18-4fb9427cef87.jpg</media-reference>
               <media-caption/>
               <media-producer>Lindsey Byrnes</media-producer>
               <media-metadata name="pageNumber" value="30"/>
               <media-metadata name="wShape" value="441.96"/>
               <media-metadata name="hShape" value="609"/>
            </media>
            <p/>
            <p>In the year since the release of their sophomore album, &#8220;Some Nights,&#8217;&#8217; the members of the New York pop-rock trio Fun. have had to make many decisions. With six Grammy nominations for an album that spawned the ultra-catchy hit singles &#8220;We Are Young,&#8217;&#8217; &#8220;Some Nights,&#8217;&#8217; and &#8220;Carry On,&#8217;&#8217; singer Nate Ruess, guitarist Jack Antonoff, and multi-instrumentalist Andrew Dost have conferred on everything from the routing of their sold-out tour to the wardrobe for a recent inaugural ball. </p>
            <p>One decision, however, was easy: taking a gig in Cancun at the end of January between Midwest tour dates. &#8220;It was the most obvious idea ever,&#8217;&#8217; says Antonoff by phone from sunny Mexico with a chuckle. The trio return stateside shortly to resume their sold-out tour, including a stop at the Orpheum Theatre Friday and a performance at the Grammy Awards on Feb. 10. </p>
            <p/>
            <p>
               <em class="b">Q.</em> How was the inaugural ball? Did you get any face time with the president? </p>
            <p>
               <em class="b">A.</em> We did! We met the president and the first lady, which was a remarkable experience. Meeting the president and playing for the president, especially a president that we really love and are inspired by, that&#8217;s like outside of the realm of things you dream about when you&#8217;re in a band. You dream about selling out big shows or playing Japan or playing with musicians you love. But playing an inaugural ball for the president? That&#8217;s like playing in outer space or something; it just doesn&#8217;t add up.</p>
            <p/>
            <p>
               <em class="b">Q.</em> Congratulations on the Grammy nominations. What was it like to get nominated live on TV? </p>
            <p>
               <em class="b">A.</em> It was as magical as a night can get. I think there&#8217;s a massive surrealness to being nominated for a Grammy, obviously, and it was compounded by the double surrealness of being [at the nominations concert special]. Sitting there and having Taylor Swift read that you&#8217;re nominated for a Grammy and then to have Hunter Hayes sing your song and that&#8217;s how you find out you&#8217;re nominated, and then you&#8217;re rushing backstage to go perform at the ceremony and someone runs up and says, &#8220;You guys got nominated for best new artist!&#8217;&#8217; Surreal was just the perfect word. It follows a trend of a lot of things we&#8217;ve been through this year, where it&#8217;s like a lot of &#8220;what the [expletive]?&#8217;&#8217; moments. </p>
            <p/>
            <p>
               <em class="b">Q.</em> Did you secretly look at the categories and your competitors and think, &#8220;OK, we&#8217;re probably not winning that one, but we might win that one&#8217;&#8217;? </p>
            <p>
               <em class="b">A.</em> It&#8217;s a great year for music. We&#8217;re up against people like Frank Ocean and Jack White and Mumford and Sons. These are incredible bands and artists, and when you look at it that way it kind of leaves you with this feeling of like &#8220;[Expletive]! What a year. What an honor to be making music in a year that feels like things really started to shift again.&#8217;&#8217;</p>
            <p/>
            <p>
               <em class="b">Q.</em> When you reach this kind of plateau, how much do you think about maintaining it?</p>
            <p>
               <em class="b">A.</em> I take a lot of cues from Bruce Springsteen, not just as a wonderful songwriter and performer but how he serves his fan base. He has a quote that rings in my head a lot. He said anyone can get fans, but it&#8217;s how you serve your fan base that really determines what kind of artist you are and if you&#8217;re going to be able to have a career. And we&#8217;ve always put that first. We&#8217;re on a tour right now where we&#8217;ve put every last resource into the most amazing production and light show and new equipment and working on the set. Everything that we do, part of it is how will the fans react to this? Is this going to alienate them? Is it going to be thrilling or challenging or make them feel weird? And I think if we stay on that path and we [expletive] up, I wouldn&#8217;t feel bad because that&#8217;s what it&#8217;s all about.</p>
            <p/>
            <p>
               <em class="b">Q.</em> How about when it comes to writing and recording? You want to please your fans but you want to follow your own creative path as well, right?</p>
            <p>
               <em class="b">A.</em> The best way to serve our fan base with the music in our opinion is to challenge them. If you really respect your fan base, you&#8217;re going to give them the deepest part and the most interesting part and the most intense part. Bands or artists who make the same album as they did the last time are in some sense assuming their fan base is going to be OK with that, and they&#8217;re not going to and they shouldn&#8217;t be. When you look at bands like Spoon and Wilco and My Morning Jacket who are constantly challenging their fans, these bands are still drawing thousands of people and selling tons of records to their fans because it creates a culture, and the fans are keeping up. </p>
            <p/>
            <p>
               <em class="b">Q.</em> Are there days you regret naming the band Fun.? </p>
            <p>
               <em class="b">A.</em> Never. We love the name and think it&#8217;s odd and it&#8217;s eerie and it&#8217;s confusing and it just leads people to the music; it doesn&#8217;t say too much in the name. We don&#8217;t love all the billions of puns that people are constantly making, but those are some uptown problems. (Laughs.) </p>
            <p>
               <em class="i">Interview has been edited and condensed. Sarah Rodman can be reached at srodman@globe .com. Follow her on Twitter @GlobeRodman.</em>
            </p>
         </block>
      </body.content>
   </body>
</nitf>