<?xml version="1.0" encoding="utf-8"?>
<nitf xmlns:xs="http://www.w3.org/2001/XMLSchema" version="//IPTC/DTD NITF 3.2/EN">
   <head>
      <story.date>02-01-2013</story.date>
      <pubdata name="Globe" position.section="Living Arts" position.subsection=" "
               position.sequence="G,27,16"
               type="print"
               date.publication="20130201000000-05:00"
               ex-ref="http://www.bostonglobe.com/arts/music/2013/01/31/high-five-jackie-evancho/SeulOSvJYDmcn0TzJV2mmK/story.html"/>
      <title>01highfive(1)</title>
      <docdata>
         <doc.id>55185e38-699a-11e2-a242-50e79c56738a</doc.id>
         <doc.copyright holder="The Boston Globe"/>
         <doc.rights owner="The Boston Globe"/>
         <date.issue norm="20130130211837-05:00">2013-01-30T21:18:37</date.issue>
         <identified-content>
            <classifier type="tom">News</classifier>
            <classifier type="taxonomy">AE/Music</classifier>
            <classifier type="contentdesk">Arts</classifier>
            <classifier type="subdesk">PopMusic</classifier>
            <location class="primary">Downtown, MA</location>
            <location class="latitudelongitude">(42.3505119,-71.0649715)</location>
         </identified-content>
      </docdata>
   </head>
   <body>
      <body.head>
         <hedline>
            <hl1>High Five</hl1>
            <hl2 hl2class="subhead"/>
            <hl2 hl2class="overline">High Five</hl2>
            <hl2 hl2class="label"/>
         </hedline>
         <byline>
            <person>By Sarah Rodman</person>
            <byttl>Globe Staff</byttl>
         </byline>
         <abstract>Jackie Evancho may not be old enough for an American Express card, but there are still several things the 12-year-old singing phenom won&#8217;t leave home without. The platinum-selling &#8220;America&#8217;s Got Talent&#8217;&#8217; runner-up who has become a PBS favorite is currently on tour for her third album, &#8220;Songs From the Silver Screen,&#8217;&#8217; and comes to the Citi Wang Theatre on Friday. The cheerful Evancho recently spoke with us by phone from her home in Pittsburgh about her five touring must-haves. </abstract>
      </body.head>
      <body.content>
         <block class="txt">
            <media mediaid="1">
               <media-reference>78f73e7a-69a2-11e2-bf18-4fb9427cef87.jpg</media-reference>
               <media-caption/>
               <media-producer/>
               <media-metadata name="pageNumber" value="27"/>
               <media-metadata name="wShape" value="75"/>
               <media-metadata name="hShape" value="103.5"/>
            </media>
            <p>
               <em class="b">Jackie Evancho</em> may not be old enough for an American Express card, but there are still several things the 12-year-old singing phenom won&#8217;t leave home without. The platinum-selling &#8220;America&#8217;s Got Talent&#8217;&#8217; runner-up who has become a PBS favorite is currently on tour for her third album, &#8220;Songs From the Silver Screen,&#8217;&#8217; and comes to the Citi Wang Theatre on Friday. The cheerful Evancho recently spoke with us by phone from her home in Pittsburgh about her five touring must-haves. </p>
            <p>
               <em class="b">1. Headphones</em> &#8220;So I can listen to music,&#8217;&#8217; she says of recent favorites like &#8220;Titanium&#8217;&#8217; by David Guetta, featuring Sia.</p>
            <p>
               <em class="b">2. Cellphone</em> &#8220;So I can talk with my friends and family when I miss them.&#8217;&#8217; (And listen to her music, which is on her phone.) </p>
            <p>
               <em class="b">3. Her favorite doll.</em> &#8220;I can&#8217;t leave anywhere without my Cecelia, she&#8217;s a seal. I got her for Christmas a long time ago.&#8217;&#8217; When asked who gave the doll to her, Evancho doesn&#8217;t miss a beat and says with a laugh, &#8220;I&#8217;m pretty sure Santa did.&#8217;&#8217; </p>
            <p>
               <em class="b">4.</em>
               <em class="b"> Her sketchbook.</em> &#8220;I can&#8217;t live without a drawing pad and a pencil. I like to draw things that are realistic, like people dancing or a hand or something like that,&#8217;&#8217; she says of her sketching. </p>
            <p>
               <em class="b">5.</em>
               <em class="b"> Her notepad.</em> &#8220;I also bring a notepad instead of a drawing pad so that if I have any lyrics or poems that might pop up in my head I can write them down, because I am planning on writing some songs for my new CD. I have a few ideas, but I don&#8217;t think they&#8217;re complete and songworthy yet.&#8217;&#8217; Sarah Rodman</p>
            <p/>
            <p>
               <em class="i">Jackie Evancho plays the Citi Wang Theatre Friday at 7:30 p.m. Tickets are $40-$125. 800-447-7400. www.telecharge.com</em>
            </p>
         </block>
      </body.content>
   </body>
</nitf>