<?xml version="1.0" encoding="utf-8"?>
<nitf xmlns:xs="http://www.w3.org/2001/XMLSchema" version="//IPTC/DTD NITF 3.2/EN">
   <head>
      <story.date>02-01-2013</story.date>
      <pubdata name="Globe" position.section="News" position.subsection="Obits"
               position.sequence="B,12,502"
               type="print"
               date.publication="20130201000000-05:00"
               ex-ref="http://www.bostonglobe.com/metro/obituaries/2013/02/01/max-kampelman-led-arms-negotiations-with-ussr/wp2KSmTqtiIEKVqjTFvQ8I/story.html"/>
      <title>01kampelman</title>
      <docdata>
         <doc.id>a8695ae0-69d8-11e2-baa1-9e8515cd26f3</doc.id>
         <doc.copyright holder="New York Times"/>
         <doc.rights owner="New York Times"/>
         <date.issue norm="20130201002023-05:00">2013-02-01T00:20:23</date.issue>
         <identified-content>
            <classifier type="tom">News</classifier>
            <classifier type="taxonomy">News/US</classifier>
            <classifier type="contentdesk">Obits</classifier>
            <classifier type="subdesk"/>
            <location class="primary">New York, NY</location>
            <location class="latitudelongitude">(40.7143528,-74.0059731)</location>
         </identified-content>
      </docdata>
   </head>
   <body>
      <body.head>
         <hedline>
            <hl1>Max Kampelman, 92; led arms negotiations with USSR</hl1>
            <hl2 hl2class="subhead"/>
            <hl2 hl2class="overline"/>
            <hl2 hl2class="label"/>
         </hedline>
         <byline>
            <person>By William Yardley</person>
            <byttl>New York Times</byttl>
         </byline>
         <abstract>Max Kampelman, a US diplomat enlisted by Democratic and Republican presidents to negotiate Cold War treaties with the Soviet Union on nuclear weapons and human rights, died Friday at his home in Washington. He was 92.</abstract>
      </body.head>
      <body.content>
         <block class="txt">
            <media mediaid="1">
               <media-reference>51d4fa1c-69d9-11e2-baa1-9e8515cd26f3.jpg</media-reference>
               <media-caption>Mr. Kampelman with President Reagan, en route to Geneva.</media-caption>
               <media-producer>George Tames/New York Times/file 1985</media-producer>
               <media-metadata name="pageNumber" value="12"/>
               <media-metadata name="wShape" value="259.2"/>
               <media-metadata name="hShape" value="346.5"/>
            </media>
            <p>NEW YORK &#8212; Max Kampelman, a US diplomat enlisted by Democratic and Republican presidents to negotiate Cold War treaties with the Soviet Union on nuclear weapons and human rights, died last Friday at his home in Washington. He was 92.</p>
            <p>The cause was congestive heart failure, said his son Jeffrey.</p>
            <p>Dr. Kampelman, who was a legislative counsel to Senator Hubert H. Humphrey of Minnesota in the 1950s, had become a prominent lawyer in Washington when he received a call from another Minnesotan, Vice President Walter F. Mondale, in 1980.</p>
            <p>President Carter wanted Dr. Kampelman to represent the United States at the coming East-West meetings in Madrid, in which the United States was seeking to bring the Soviet Union and some Eastern European countries into compliance with world human rights accords signed in Helsinki in 1975.</p>
            <p>Dr. Kampelman took the job reluctantly and only after being assured it would last just three months. Instead it lasted three years, deep into the first term of President Ronald Reagan, who retained Dr. Kampelman as lead negotiator. When an agreement was announced in July 1983, Dr. Kampelman was careful not to give the Soviets too much credit.</p>
            <p>&#8216;&#8217;We cannot in good conscience permit a limited negotiating success, important as we believe it to be, to make us forget, much to our regret, that signatures on a document do not necessarily produce compliance with its provisions,&#8217;&#8217; Dr. Kampelman said in Madrid, days after the agreement was announced.</p>
            <p>His comments, recounting a laundry list of past Soviet violations, including the 1979 invasion of Afghanistan and the 1981 imposition of martial law in Poland, angered Soviet delegates.</p>
            <p>The toughness and clear-eyed patience he displayed in Madrid impressed the Republican administration. Less than two years later, even after Dr. Kampelman had served as an adviser to Mondale in his 1984 presidential campaign, Reagan appointed him to lead arms-control talks with the Soviets in Geneva. The president said he had &#8216;&#8216;no more important goal&#8217;&#8217; in his second term than to reduce nuclear weapons.</p>
            <p>Dr. Kampelman, who had no previous experience negotiating arms control, said of the Soviet Union in advance of meetings in March 1985: &#8216;&#8216;We cannot wish it away. It is here, and it is militarily powerful. We share the same globe. We must try to find a formula under which we can live together in dignity. We must engage in that pursuit of peace without illusion, but with persistence, regardless of provocation.&#8217;&#8217;</p>
            <p>Dr. Kampelman returned to his private law practice in 1989, but the negotiations eventually led to the 1991 Strategic Arms Reduction Treaty, reducing nuclear weapons. When Mikhail S. Gorbachev, the last president of the Soviet Union, toured the United States as a private citizen in May 1992, his schedule included a meeting with Dr. Kampelman.</p>
            <p>Dr. Kampelman also served as chairman of WETA, the public television station in Washington, and was a founder and moderator of &#8216;&#8216;Washington Week in Review&#8217;&#8217; (now &#8216;&#8216;Washington Week&#8217;&#8217;) on PBS.</p>
            <p>Max M. Kampelman was born in New York City. (He had no middle name, only an initial.) His parents, Jewish immigrants from Romania, lived in the Bronx and sent him to Jewish schools. Dr. Kampelman graduated from New York University in 1940 and enrolled in law school in the university&#8217;s night program soon afterward, working to support himself during the day.</p>
            <p>Dr. Kampelman opposed Communism as a young man, but he also opposed war, and he requested conscientious objector status during World War II. He was eventually sent to the University of Minnesota, where he was one of 36 volunteers who served in an experiment to study the effects of severe weight loss through what essentially was controlled starvation.</p>
            <p>Even as Dr. Kampelman&#8217;s weight fell to 100 pounds, he continued to study toward his law degree at NYU, which he received in 1945. He later received master&#8217;s and doctoral degrees in political science from the University of Minnesota.</p>
            <p>Dr. Kampelman began working as a Humphrey aide when he was mayor of Minneapolis in the 1940s and later joined his Senate staff. His political views underwent transformation along the way: He went from being a pacifist to a centrist regarded as a hawk by left-leaning Democrats.</p>
            <p>&#8216;&#8217;The development of atomic and hydrogen bombs led me to doubt my earlier faith in the power of nonviolence to overcome evil in international relations,&#8217;&#8217; he said in an interview.</p>
            <p>He left Humphrey&#8217;s staff in 1955 &#8212; the two remained close friends, and Dr. Kampelman worked on Humphrey&#8217;s failed presidential campaigns in 1968 and 1972 &#8212; and spent much of the next quarter-century in private law practice.</p>
            <p>In addition to his son, he leaves two daughters, Julia Stevenson and Sarah Kampelman, and five grandchildren. His wife, the former Marjorie Buetow, died in 2007; the couple were married for 58 years. A son, David, died in 2004, and a daughter, Anne Wiederkehr, died in 2006.</p>
         </block>
      </body.content>
   </body>
</nitf>