<?xml version="1.0" encoding="utf-8"?>
<nitf xmlns:xs="http://www.w3.org/2001/XMLSchema" version="//IPTC/DTD NITF 3.2/EN">
   <head>
      <story.date>02-01-2013</story.date>
      <pubdata name="Globe" position.section="News" position.subsection="Metro"
               position.sequence="B,2,22"
               type="print"
               date.publication="20130201000000-05:00"
               ex-ref="http://www.bostonglobe.com/metro/2013/02/01/convict-gets-over-three-years-counterfeit-check-plot/28MlcA1IgOO1YyZfs40ZJJ/story.html"/>
      <title>01counterfeit</title>
      <docdata>
         <doc.id>15df197a-6be1-11e2-a242-50e79c56738a</doc.id>
         <doc.copyright holder="Associated Press"/>
         <doc.rights owner="Associated Press"/>
         <date.issue norm="20130131232752-05:00">2013-01-31T23:27:52</date.issue>
         <identified-content>
            <classifier type="tom">News</classifier>
            <classifier type="taxonomy">News/US/New Hampshire</classifier>
            <classifier type="contentdesk">Metro</classifier>
            <classifier type="subdesk"/>
            <location class="primary">Concord, NH</location>
            <location class="latitudelongitude">(43.2081366,-71.5375718)</location>
         </identified-content>
      </docdata>
   </head>
   <body>
      <body.head>
         <hedline>
            <hl1>Defendant in bogus check ring sentenced</hl1>
            <hl2 hl2class="subhead">After an apology, gets 3&#xBD;-year term  </hl2>
            <hl2 hl2class="overline"/>
            <hl2 hl2class="label"/>
         </hedline>
         <byline>
            <person>By Lynne Tuohy</person>
            <byttl>Associated Press</byttl>
         </byline>
         <abstract>The first of three men who pleaded guilty to being involved in a nationwide identity theft and counterfeit check ring apologized for &#8216;&#8216;criminal debauchery&#8217;&#8217; before a judge in New Hampshire sentenced him Thursday to 3 1/2 years in prison. Quentin West, of Pittsburgh, pleaded guilty to wire fraud and aggravated identity theft for his role in cashing more than $370,000 in bogus payroll checks at Walmart stores nationwide from late 2009 until August 2011.</abstract>
      </body.head>
      <body.content>
         <block class="txt">
            <p>CONCORD, N.H. &#8212; The first of three men who pleaded guilty to being involved in a nationwide identity theft and counterfeit check ring apologized for &#8216;&#8216;criminal debauchery&#8217;&#8217; before a judge in New Hampshire sentenced him Thursday to 3&#xBD; years in prison.</p>
            <p>Quentin West of Pittsburgh pleaded guilty to wire fraud and aggravated identity theft for his role in cashing more than $370,000 in bogus payroll checks at Walmart stores nation&#173;wide from late 2009 &#173;until August 2011, when he and two others were apprehended at the Tanger Outlet Mall in Tilton. Author&#173;ities found in their rental car stolen identities of hundreds of people and equipment used to make false ID cards and to print checks.</p>
            <p>West faced nearly eight years in prison, but he received credit for helping federal investigators build cases against &#173;Edgar Rose of Pittsburgh and Omar Patterson of Cleveland. Both have pleaded guilty to wire fraud. Rose will be sentenced Feb. 20 and Patterson on March 19.</p>
            <p>Details about the extent of West&#8217;s cooperation were not disclosed, but were whispered to US District Judge Joseph DiClerico at the bench. The government&#8217;s motion for a reduced sentence based on that cooperation remains sealed.</p>
            <p>West thanked DiClerico for showing leniency, and he &#173;expressed regret that he let &#8216;&#8216;someone talk me into this criminal debauchery.&#8217;&#8217;</p>
            <p>He apologized &#8216;&#8216;to the court and to the victims of this senselessness,&#8217;&#8217; adding: &#8216;&#8216;If I had the resources, I would be willing to give it all back.&#8217;&#8217;</p>
            <p>Court documents do not &#173;reflect the financial loss to the hundreds of people whose identities were stolen and used for both the payroll checks and fraudulent personal checks used to purchase thousands of dollars&#8217; worth of merchandise, mostly designer clothing and accessories.</p>
            <p>When the men were apprehended Aug. 23, 2011, the car they were driving contained records listing Social Security number, date of birth, mother&#8217;s maiden name, and other personal information of hundreds of people, Tilton Police Chief Robert Cormier said.</p>
            <p>He said the trio also kept &#173;detailed records of which stolen identities each of them used and at which stores.</p>
            <p>&#8216;&#8216;The potential for large numbers of victims was huge,&#8217;&#8217; said Cormier said. &#8216;&#8216;They wouldn&#8217;t have stopped.&#8217;&#8217;</p>
            <p>Walmart security officials say 270 people had their identities misused on checks the &#173;retail giant cashed, according to West&#8217;s plea agreement.</p>
            <p>Their scheme unraveled when an off-duty loss prevention investigator from Kohl&#8217;s department stores, on vacation and shopping with his wife, happened to be in line behind the men when a Brooks Brothers clerk challenged the identification being used.</p>
            <p>The investigator, Michael DeMeo, alerted Tilton police. Undercover officers trailed the men from store to store, checking the validity of the checks by calling the banks and people listed on the checks. The checks all proved to be fraudulent, Cormier said.</p>
            <p>Rose&#8217;s plea deal calls for a sentence of about six to nine years. Patterson agreed to a sentence of more than three years.</p>
         </block>
      </body.content>
   </body>
</nitf>