<?xml version="1.0" encoding="utf-8"?>
<nitf xmlns:xs="http://www.w3.org/2001/XMLSchema" version="//IPTC/DTD NITF 3.2/EN">
   <head>
      <story.date>02-01-2013</story.date>
      <pubdata name="Globe" position.section="News" position.subsection="Foreign"
               position.sequence="A,3,33"
               type="print"
               date.publication="20130201000000-05:00"
               ex-ref="http://www.bostonglobe.com/news/world/2013/02/01/stalingrad-gets-name-back-days-marking-battle/Kot9OLD6Q9QzKvLJgKsVeM/story.html"/>
      <title>01russia</title>
      <docdata>
         <doc.id>56ed93f8-6be9-11e2-b0fe-25b534362601</doc.id>
         <doc.copyright holder=" "/>
         <doc.rights owner=" "/>
         <date.issue norm="20130201001548-05:00">2013-02-01T00:15:48</date.issue>
         <identified-content>
            <classifier type="tom">News</classifier>
            <classifier type="taxonomy">News/Asia</classifier>
            <classifier type="contentdesk">Foreign</classifier>
            <classifier type="subdesk"/>
            <location class="primary">Moscow, Moscow</location>
            <location class="latitudelongitude">(55.749646,37.62368)</location>
         </identified-content>
      </docdata>
   </head>
   <body>
      <body.head>
         <hedline>
            <hl1>City resurrects old name Stalingrad</hl1>
            <hl2 hl2class="subhead"/>
            <hl2 hl2class="overline"/>
            <hl2 hl2class="label"/>
         </hedline>
         <byline>
            <person>By Vladimir Isachenkov</person>
            <byttl>Associated Pres</byttl>
         </byline>
         <abstract>The southern Russian city where the Red Army decisively turned back Nazi forces in a key World War II battle will once again be known as Stalingrad, at least on the days commemorating the victory, the regional legislature declared Thursday.</abstract>
      </body.head>
      <body.content>
         <block class="txt">
            <p>MOSCOW &#8212; The southern Russian city where the Red &#173;Army decisively turned back Nazi forces in a key World War II battle will once again be known as Stalingrad, at least on the days commemorating the victory, the regional legislature said Thursday.</p>
            <p>The city was renamed Volgograd in 1961 as part of the Soviet Union&#8217;s rejection of dictator Joseph Stalin&#8217;s personality cult. But the name Stalingrad is inseparable with the historic battle, which was among the bloodiest in history with combined losses of nearly 2&#8201;million people.</p>
            <p>Regional lawmakers&#8217; decision to use the historic name in city statements on Feb. 2, the day of the Nazi defeat, as well as several other war-related dates each year, has angered many in Russia where Stalin&#8217;s name and legacy continues to cause fiery disputes nearly 60 years after his death.</p>
            <p>Russia&#8217;s human rights ombudsman Vladimir Lukin sharply criticized the move, saying it should be declared void by court.</p>
            <p>&#8216;&#8216;This is an insult of the memory of those who died,&#8217;&#8217; he said.</p>
            <p>Nikolai Levichev, a senior federal lawmaker with the leftist Just Russia party, condemned the restoration of the old city name, saying &#8216;&#8216;it&#8217;s blasphemous to rename the great Russian city after a bloody tyrant who killed millions of his fellow citizens.&#8217;&#8217; Levichev added that the country won the war &#8216;&#8216;despite rather than thanks to&#8217;&#8217; Stalin&#8217;s leadership, whose errors multiplied the Soviet losses.</p>
            <p>Stalin led the Soviet Union from 1924 until his death in 1953. Communists and other hardliners credit him with leading the country to victory in World War II and making it a nuclear superpower, while others condemn his brutal purges that killed millions of people.</p>
            <p>ASSOCIATED PRESS</p>
         </block>
      </body.content>
   </body>
</nitf>