<?xml version="1.0" encoding="utf-8"?>
<nitf xmlns:xs="http://www.w3.org/2001/XMLSchema" version="//IPTC/DTD NITF 3.2/EN">
   <head>
      <story.date>02-01-2013</story.date>
      <pubdata name="Globe" position.section="Business" position.subsection=" "
               position.sequence="B,8,95"
               type="print"
               date.publication="20130201000000-05:00"
               ex-ref="http://www.bostonglobe.com/business/2013/02/01/america-ages-senior-care-options-flourish/I9GOh2Qmn5zQhgTLrAnGGN/story.html"/>
      <title>01seniorhealth</title>
      <docdata>
         <doc.id>9c3f38fc-6b4a-11e2-baa1-9e8515cd26f3</doc.id>
         <doc.copyright holder="Associated Press"/>
         <doc.rights owner="Associated Press"/>
         <date.issue norm="20130201000805-05:00">2013-02-01T00:08:05</date.issue>
         <identified-content>
            <classifier type="tom">News</classifier>
            <classifier type="taxonomy">Business/Personal finance</classifier>
            <classifier type="contentdesk">Business</classifier>
            <classifier type="subdesk"/>
            <location class="primary">Washington, DC</location>
            <location class="latitudelongitude">(38.8951118,-77.0363658)</location>
         </identified-content>
      </docdata>
   </head>
   <body>
      <body.head>
         <hedline>
            <hl1>As baby boomers age, the need for long-term care will grow</hl1>
            <hl2 hl2class="subhead"/>
            <hl2 hl2class="overline"/>
            <hl2 hl2class="label"/>
         </hedline>
         <byline>
            <person>By Matthew Perrone</person>
            <byttl>Associated Press</byttl>
         </byline>
         <abstract>Millions of families are beginning to grapple with the one major health expense for which most Americans are not insured: long-term care. About 10 million seniors currently rely on others for daily care, such as help getting dressed, preparing meals, or taking medication. Nearly 7 in 10 people will need some form of long-term care after turning 65, according to the Georgetown University Public Policy Institute. Even so, most seniors are healthy enough that they won&#8217;t require nursing home care. A look at several senior care services.</abstract>
      </body.head>
      <body.content>
         <block class="txt">
            <p>Millions of families are beginning to grapple with the one major health expense for which most Americans are not insured: long-term care.</p>
            <p>Currently, about 10 million seniors rely on others for daily care. That number will increase as more baby boomers enter old age. Nearly 7 in 10 people will need some form of long-term care after turning 65, according to the Georgetown University Public Policy Institute.</p>
            <p>Nursing homes, with round-the-clock medical supervision, come with a steep price tag: A semi-private room last year averaged $81,000, according to a survey by MetLife. A private room ran more than $90,500. Fortunately, most seniors won&#8217;t require extended nursing home care. Only 5 percent will need five years or more in a nursing home.</p>
            <p>Less intensive alternatives include home-care services that offer help with meals and household chores and boarding houses where a small number of seniors live with on-site caretakers. But like nursing homes, these services aren&#8217;t covered by Medicare or private health insurance.</p>
            <p>&#8216;&#8216;The issue is that these are long-term costs, and almost all of it comes out of pocket,&#8217;&#8217; says John Migliaccio, at Metlife&#8217;s Mature Market Institute.</p>
            <p>Insurance policies for long-term care are available, but only about 5 percent of US adults have them. Most families don&#8217;t plan for long-term care because often the need comes unexpectedly: An elder takes a bad fall or suffers a stroke. Cost is another issue; policies can run $1,000 to $8,000 a year, depending on the senior&#8217;s age, health, and other factors.</p>
            <p>Here&#8217;s a quick look at some senior care services to consider:</p>
            <p>&#x25A0;&#160;<em class="b">Medical alert systems:</em> Perhaps the cheapest and least intrusive option. Services like Philips Lifeline and Life Alert consist of a necklace or wristband with an emergency button that will call a dispatcher who has access to the senior&#8217;s profile and medical history. Depending on the situation he will call a neighbor, relative, or medical center. Services generally cost $30 to $50 a month.</p>
            <p>&#x25A0;&#160;<em class="b">Adult day care:</em>
 It generally operates during business hours Monday through Friday, providing activities and meals. Perhaps most importantly, these facilities enable caregivers to go to work, run errands, or simply take a break.</p>
            <p>The average rate last year was $70 a day, or $18,000 annually. </p>
            <p>Licensing and certification requirements vary by state and county. More than 5,000 centers run programs across the country and can be found through groups like the National Adult Day Services Association. </p>
            <p>&#x25A0;&#160;<em class="b">Home visits:</em> For seniors who want to stay in their homes, visiting services can provide assistance with everything from preparing meals to physical therapy. </p>
            <p>The typical cost of a home care service last year was $20,800, at a rate of 20 hours per week. Most companies offer both homemaking services and medical assistance, which is usually billed at a higher rate.</p>
            <p>National companies such as Visiting Angels and Home Instead generally cost more, but provide prescreening and background checks for all employees. Hiring a private caregiver can be less expensive, though you may have to do more work in terms of performing background checks and meeting tax requirements, since you are hiring them as an employee. </p>
            <p>The government offers a site for locating elder care services in your area: www.eldercare.gov.</p>
         </block>
      </body.content>
   </body>
</nitf>