<?xml version="1.0" encoding="utf-8"?>
<nitf xmlns:xs="http://www.w3.org/2001/XMLSchema" version="//IPTC/DTD NITF 3.2/EN">
   <head>
      <story.date>02-01-2013</story.date>
      <pubdata name="Globe" position.section="Sports" position.subsection=" "
               position.sequence="C,7,999"
               type="print"
               date.publication="20130201000000-05:00"
               ex-ref=""/>
      <title>01sfsta</title>
      <docdata>
         <doc.id>3a3dabf0-6bfb-11e2-b0fe-25b534362601</doc.id>
         <doc.copyright holder=" "/>
         <doc.rights owner=" "/>
         <date.issue norm="20130201005253-05:00">2013-02-01T00:52:53</date.issue>
         <identified-content>
            <classifier type="tom">News</classifier>
            <classifier type="contentdesk">Sports</classifier>
            <classifier type="subdesk"/>
            <location class="primary">Boston, MA</location>
            <location class="latitudelongitude">(42.339904,-71.0898892)</location>
         </identified-content>
      </docdata>
   </head>
   <body>
      <body.head>
         <hedline>
            <hl1>BC-FBN--SanFranciscoTeamStax</hl1>
            <hl2 hl2class="subhead"/>
            <hl2 hl2class="overline"/>
            <hl2 hl2class="label"/>
         </hedline>
         <byline>
            <person/>
            <byttl/>
         </byline>
         <abstract>This is sports agate content</abstract>
      </body.head>
      <body.content>
         <block class="txt">
            <p>SAN FRANCISCO STATISTICS</p>
            <p>
               <em class="b">Regular season</em>
            </p>
            <p>
               <em class="b">PASSING</em>
            </p>
            <p/>
            <p> 
               <em class="b">Att.</em> 
               <em class="b">Com.</em> 
               <em class="b">Pct.</em> 
               <em class="b">Yds.</em> 
               <em class="b">TD</em> 
               <em class="b">Int.</em> 
            </p>
            <p>Kaepernick 218 136 62.4 1814 10 3 </p>
            <p>Ale. Smith 218 153 70.2 1737 13 5 </p>
            <p>TEAM 436 289 66.3 3551 23 8 </p>
            <p>OPPONENTS 567 337 59.4 3473 19 14 </p>
            <p/>
            <p>
               <em class="b">RUSHING</em>
            </p>
            <p/>
            <p> 
               <em class="b">Att.</em> 
               <em class="b">Yds.</em> 
               <em class="b">Avg.</em> 
               <em class="b">Lg</em> 
               <em class="b">TD</em> 
            </p>
            <p>Gore 258 1214 4.7 37 8 </p>
            <p>Kaepernick 63 415 6.6 50t 5 </p>
            <p>K. Hunter 72 371 5.2 26 2 </p>
            <p>Ale. Smith 31 132 4.3 24 0 </p>
            <p>L. James 27 125 4.6 26 0 </p>
            <p>Anth. Dixon 21 78 3.7 9 2 </p>
            <p>Manningham 3 64 21.3 29 0 </p>
            <p>Goldson 1 31 31.0 31 0 </p>
            <p>Ky. Williams 4 21 5.3 9 0 </p>
            <p>B. Miller 5 18 3.6 9 0 </p>
            <p>M. Crabtree 1 8 8.0 8 0 </p>
            <p>Ginn Jr. 1 7 7.0 7 0 </p>
            <p>Jacobs 5 7 1.4 3 0 </p>
            <p>TEAM 492 2491 5.1 50t 17 </p>
            <p>OPPONENTS 407 1507 3.7 35 7 </p>
            <p/>
            <p>
               <em class="b">RECEIVING</em>
            </p>
            <p/>
            <p> 
               <em class="b">No.</em> 
               <em class="b">Yds.</em> 
               <em class="b">Avg.</em> 
               <em class="b">Lg</em> 
               <em class="b">TD</em> 
            </p>
            <p>M. Crabtree 85 1105 13.0 49t 9 </p>
            <p>Manningham 42 449 10.7 40 1 </p>
            <p>Ve. Davis 41 548 13.4 53 5 </p>
            <p>Gore 28 234 8.4 26 1 </p>
            <p>R. Moss 28 434 15.5 55 3 </p>
            <p>D. Walker 21 344 16.4 45 3 </p>
            <p>Ky. Williams 14 212 15.1 57 1 </p>
            <p>B. Miller 12 84 7.0 26 0 </p>
            <p>K. Hunter 9 60 6.7 12 0 </p>
            <p>G. Celek 4 51 12.8 35 0 </p>
            <p>L. James 3 29 9.7 15 0 </p>
            <p>Ginn Jr. 2 1 0.5 1 0 </p>
            <p>TEAM 289 3551 12.3 57 23 </p>
            <p>OPPONENTS 337 3473 10.3 53 19 </p>
            <p/>
            <p>
               <em class="b">INTERCEPTIONS</em>
            </p>
            <p/>
            <p> 
               <em class="b">No.</em> 
               <em class="b">Yds.</em> 
               <em class="b">Avg.</em> 
               <em class="b">Lg</em> 
               <em class="b">TD</em> 
            </p>
            <p>Goldson 3 21 7.0 20 0 </p>
            <p>T. Brown 2 17 8.5 12 0 </p>
            <p>Culliver 2 4 2.0 4 0 </p>
            <p>P. Willis 2 2 1.0 2 0 </p>
            <p>N. Bowman 1 11 11.0 11 0 </p>
            <p>A. Brooks 1 50 50.0 50t 1 </p>
            <p>C. Rogers 1 63 63.0 63 0 </p>
            <p>Ald. Smith 1 6 6.0 6 0 </p>
            <p>Whitner 1 42 42.0 42t 1 </p>
            <p>TEAM 14 216 15.4 63 2 </p>
            <p>OPPONENTS 8 70 8.8 24 0 </p>
            <p/>
            <p>
               <em class="b">SACKS</em>
            </p>
            <p/>
            <p> 
               <em class="b">No.</em> 
            </p>
            <p>Ald. Smith 19.5 </p>
            <p>A. Brooks 6.5 </p>
            <p>Ju. Smith 3.0 </p>
            <p>R. McDonald 2.5 </p>
            <p>N. Bowman 2.0 </p>
            <p>Jean Francois 2.0 </p>
            <p>C. Rogers 1.0 </p>
            <p>Sopoaga 1.0 </p>
            <p>P. Willis 0.5 </p>
            <p>TEAM 38.0 </p>
            <p>OPPONENTS 41.0 </p>
            <p/>
            <p>
               <em class="b">PUNTING</em>
            </p>
            <p/>
            <p>   
               <em class="b">Inside</em>  
            </p>
            <p> 
               <em class="b">No.</em> 
               <em class="b">Yds.</em> 
               <em class="b">Avg.</em> 
               <em class="b">20</em> 
               <em class="b">Lg</em> 
            </p>
            <p>A. Lee 67 3226 48.1 36 66 </p>
            <p>TEAM 67 3226 48.1 36 66 </p>
            <p>OPPONENTS 79 3609 45.7 24 70 </p>
            <p/>
            <p>
               <em class="b">PUNT RETURNS</em>
            </p>
            <p/>
            <p> 
               <em class="b">No.</em> 
               <em class="b">FC</em> 
               <em class="b">Yds.</em> 
               <em class="b">Avg.</em> 
               <em class="b">Lg</em> 
               <em class="b">TD</em> 
            </p>
            <p>Ginn Jr. 32 12 326 10.2 38 0 </p>
            <p>Ky. Williams 4 6 52 13.0 20 0 </p>
            <p>TEAM 36 18 378 10.5 38 0 </p>
            <p>OPP. 36 18 249 6.9 75t 1 </p>
            <p/>
            <p>
               <em class="b">KICKOFF RETURNS</em>
            </p>
            <p/>
            <p> 
               <em class="b">No.</em> 
               <em class="b">Yds.</em> 
               <em class="b">Avg.</em> 
               <em class="b">Lg</em> 
               <em class="b">TD</em> 
            </p>
            <p>L. James 14 417 29.8 62 0 </p>
            <p>Ky. Williams 13 353 27.2 94 0 </p>
            <p>Ginn Jr. 11 253 23.0 31 0 </p>
            <p>K. Hunter 7 165 23.6 31 0 </p>
            <p>D. Walker 4 28 7.0 18 0 </p>
            <p>TEAM 49 1216 24.8 94 0 </p>
            <p>OPPONENTS 48 1289 26.9 66 0 </p>
            <p/>
            <p>
               <em class="b">FUMBLES/RECOVERIES</em>
            </p>
            <p/>
            <p>  
               <em class="b">Off.</em> 
               <em class="b">Def.</em> 
            </p>
            <p> 
               <em class="b">Fum.</em> 
               <em class="b">Rec.</em> 
               <em class="b">Rec.</em> 
            </p>
            <p>Culliver 0 0 1 </p>
            <p>An. Davis 0 1 0 </p>
            <p>Anth. Dixon 0 1 0 </p>
            <p>Ginn Jr. 4 1 0 </p>
            <p>Goldson 0 0 2 </p>
            <p>Gore 2 4 0 </p>
            <p>K. Hunter 1 0 0 </p>
            <p>L. James 1 0 0 </p>
            <p>Kaepernick 9 2 0 </p>
            <p>Manningham 2 0 0 </p>
            <p>McBath 0 0 1 </p>
            <p>B. Miller 0 1 0 </p>
            <p>R. Moss 1 1 0 </p>
            <p>C. Rogers 0 0 3 </p>
            <p>Ale. Smith 4 2 0 </p>
            <p>Ju. Smith 0 0 1 </p>
            <p>Spillman 0 0 1 </p>
            <p>Staley 0 1 0 </p>
            <p>D. Walker 1 0 0 </p>
            <p>Whitner 0 0 1 </p>
            <p>Ky. Williams 1 1 0 </p>
            <p>P. Willis 0 0 1 </p>
            <p>TEAM 26 15 11 </p>
            <p>OPPONENTS 21 10 8 </p>
            <p/>
            <p>
               <em class="b">SCORE BY QUARTERS</em>
            </p>
            <p/>
            <p> 
               <em class="b">1</em> 
               <em class="b">2</em> 
               <em class="b">3</em> 
               <em class="b">4</em> 
               <em class="b">OT</em> 
               <em class="b">Tot.</em> 
            </p>
            <p>TEAM 57 110 100 130 0 397 </p>
            <p>OPP. 54 63 55 98 3 273 </p>
            <p/>
            <p>
               <em class="b">SCORING</em>
            </p>
            <p/>
            <p> 
               <em class="b">TD</em> 
               <em class="b">TD</em> 
               <em class="b">TD</em> 
               <em class="b">TD</em>    
            </p>
            <p> 
               <em class="b">Tot.</em> 
               <em class="b">Ru.</em> 
               <em class="b">Rc.</em> 
               <em class="b">Rt.</em> 
               <em class="b">PAT</em> 
               <em class="b">FG</em> 
               <em class="b">Pts.</em> 
            </p>
            <p>Akers 0 0 0 0 44 29 131 </p>
            <p>Gore 10 8 1 1 0 0 60 </p>
            <p>M. Crabtree 9 0 9 0 0 0 54 </p>
            <p>Ve. Davis 5 0 5 0 0 0 30 </p>
            <p>Kaepernick 5 5 0 0 0 0 30 </p>
            <p>R. Moss 3 0 3 0 0 0 18 </p>
            <p>D. Walker 3 0 3 0 0 0 18 </p>
            <p>Anth. Dixon 2 2 0 0 0 0 12 </p>
            <p>K. Hunter 2 2 0 0 0 0 12 </p>
            <p>A. Brooks 1 0 0 1 0 0 6 </p>
            <p>Manningham 1 0 1 0 0 0 6 </p>
            <p>C. Rogers 1 0 0 1 0 0 6 </p>
            <p>Whitner 1 0 0 1 0 0 6 </p>
            <p>Ky. Williams 1 0 1 0 0 0 6 </p>
            <p>R. McDonald 0 0 0 0 0 0 2 </p>
            <p>TEAM 44 17 23 4 44 29 397 </p>
            <p>OPP. 29 7 19 3 27 22 273 </p>
            <p/>
            <p>
               <em class="b">FIELD GOALS</em>
            </p>
            <p/>
            <p> 
               <em class="b">1-19</em> 
               <em class="b">20-29</em> 
               <em class="b">30-39</em> 
               <em class="b">40-49</em> 
               <em class="b">50+</em> 
            </p>
            <p>Akers 1/1 8/9 11/13 7/13 2/6 </p>
            <p>TEAM 1/1 8/9 11/13 7/13 2/6 </p>
            <p>OPP. 0/0 4/4 9/9 4/6 5/8 </p>
            <p/>
         </block>
      </body.content>
   </body>
</nitf>