<?xml version="1.0" encoding="utf-8"?>
<nitf xmlns:xs="http://www.w3.org/2001/XMLSchema" version="//IPTC/DTD NITF 3.2/EN">
   <head>
      <story.date>02-01-2013</story.date>
      <pubdata name="Globe" position.section="News" position.subsection="Metro"
               position.sequence="B,2,22"
               type="print"
               date.publication="20130201000000-05:00"
               ex-ref="http://www.bostonglobe.com/metro/2013/02/01/new-england-fishermen-say-new-rules-mean-ruin/uSHSb868WmWvrgvslk5qCO/story.html"/>
      <title>01fishing</title>
      <docdata>
         <doc.id>4b57728c-6be1-11e2-a242-50e79c56738a</doc.id>
         <doc.copyright holder="Associated Press"/>
         <doc.rights owner="Associated Press"/>
         <date.issue norm="20130201003526-05:00">2013-02-01T00:35:26</date.issue>
         <identified-content>
            <classifier type="tom">News</classifier>
            <classifier type="taxonomy">News/US/New Hampshire;News/US/Massachusetts</classifier>
            <classifier type="contentdesk">Metro</classifier>
            <classifier type="subdesk"/>
            <location class="primary">Portsmouth, New Hampshire</location>
            <location class="latitudelongitude">(43.0717552,-70.7625532)</location>
         </identified-content>
      </docdata>
   </head>
   <body>
      <body.head>
         <hedline>
            <hl1>Fishermen say cuts cast a net of ruin</hl1>
            <hl2 hl2class="subhead">Sharp reductions to cod quotas raise fears of industry collapse in N.E.</hl2>
            <hl2 hl2class="overline"/>
            <hl2 hl2class="label"/>
         </hedline>
         <byline>
            <person>By Jay Lindsay</person>
            <byttl>Associated Press</byttl>
         </byline>
         <abstract>Minutes after New England fishery managers took a vote that cast doubt on the historic industry&#8217;s future, the prospects clearest to Gloucester fishermen Paul Vitale were his own. &#8216;&#8216;I&#8217;m bankrupt,&#8217;&#8217; said the 40-year-old father of three. &#8216;&#8216;That&#8217;s it. I&#8217;m all done. The boat&#8217;s going up for sale.&#8217;&#8217; On Wednesday, the New England Fishery Management Council approved a year-to-year cut of 77 percent on the Gulf of Maine cod quota and 61 percent for Georges Bank cod.</abstract>
      </body.head>
      <body.content>
         <block class="txt">
            <p>PORTSMOUTH, N.H. &#8212; Minutes after New England fishery managers took a vote that cast doubt on the historic industry&#8217;s future, the prospects clearest to Gloucester fisherman Paul Vitale were his own.</p>
            <p>&#8216;&#8216;I&#8217;m bankrupt,&#8217;&#8217; said the 40-year-old father of three. &#8216;&#8216;That&#8217;s it. I&#8217;m all done. The boat&#8217;s going up for sale.&#8217;&#8217;</p>
            <p>On Wednesday, the New England Fishery Management Council approved a year-to-year cut of 77 percent on the Gulf of Maine cod quota and 61 percent for Georges Bank cod.</p>
            <p>The cuts come on top of a slew of other reductions, ranging from 10 to 71 percent, on the catch of other bottom-dwelling groundfish species, such as haddock and flounder.</p>
            <p>Fishermen say now they are staring at industry collapse, because they have been left with far too few fish for most boats to make a living.</p>
            <p>&#8216;&#8216;We are headed down the wrong course here, of exterminating the inshore fleet, for no good reason,&#8217;&#8217; said David Goethel, a New Hampshire fisherman and council member.</p>
            <p>The cuts, which take effect May 1, are expected to be backed by federal managers at the National Oceanic and Atmospheric Administration. </p>
            <p>NOAA&#8217;s top federal fisheries regulator, John Bullard, acknowledged that the reductions will be devastating.</p>
            <p> But he said the fish stocks are struggling and the industry&#8217;s steady, excruciating decline must be reversed.</p>
            <p>&#8216;&#8216;The first thing we have to do is put denial behind us,&#8217;&#8217; he said.</p>
            <p>The cuts hit an industry that was crucial to the nation&#8217;s early economy and remains imbued with the risk and romance of man versus nature, depicted in the famous &#8216;&#8216;Man at the Wheel&#8217;&#8217; statue in Gloucester of a fisherman facing the sea. The new low quotas reduce the cod catch to just a fraction of what it once was and prevent fishermen from landing enough of the plentiful species, such as haddock and pollock. That is because fishermen cannot pull up the healthier groundfish without catching too much of the cod that swim among them.</p>
            <p>An economic analysis by the council projected that the cuts would reduce overall groundfish revenues by 33 percent, from about $90 million in 2011 to about $60 million in 2013. But fishermen said the projection is far too optimistic.</p>
            <p>&#8216;&#8216;It&#8217;s fantasy. .&#160;.&#160;. I mean, I&#8217;d rather go to Disney World. I&#8217;ve got a better chance of meeting Peter Pan,&#8217;&#8217; said Goethel, who predicted the entire New Hamsphire fleet would be eliminated.</p>
            <p>Fishermen have consistently disputed the accuracy of the science that drives regulation and that indicates the stocks are in bad shape.</p>
            <p> And they noted the industry has generally fished at or below levels recommended by science in recent years, but the advice has proven wrong.</p>
            <p>&#8216;&#8216;I&#8217;ve done everything they told me to do, and all of the sudden I come up here to a meeting today, and they&#8217;re going to send me in a coffin out of this place,&#8217;&#8217; said New Bedford fisherman Carlos Rafael, who said he may have to sideline half his fleet of 20 groundfish boats.</p>
            <p>Gib Brogan of the environmental group Oceana said too many boats have been chasing too few fish for too long. Industry downsizing is actually &#8216;&#8216;right-sizing,&#8217;&#8217; he said, and when those fish come back in greater numbers, the industry will figure out how to benefit. &#8216;&#8216;If there are fish to catch, there will be someone out there catching it,&#8217;&#8217; Brogan said.</p>
         </block>
      </body.content>
   </body>
</nitf>