<?xml version="1.0" encoding="utf-8"?>
<nitf xmlns:xs="http://www.w3.org/2001/XMLSchema" version="//IPTC/DTD NITF 3.2/EN">
   <head>
      <story.date>02-01-2013</story.date>
      <pubdata name="Globe" position.section="News" position.subsection="Obits"
               position.sequence="B,12,503"
               type="print"
               date.publication="20130201000000-05:00"
               ex-ref="http://www.bostonglobe.com/metro/obituaries/2013/02/01/obit-morris-nyt/ITxaP6oLqTba13WFMXi2oJ/story.html"/>
      <title>01morris</title>
      <docdata>
         <doc.id>ed0aa866-6aa0-11e2-baa1-9e8515cd26f3</doc.id>
         <doc.copyright holder="New York Times"/>
         <doc.rights owner="New York Times"/>
         <date.issue norm="20130201002024-05:00">2013-02-01T00:20:24</date.issue>
         <identified-content>
            <classifier type="tom">News</classifier>
            <classifier type="taxonomy">AE/Music</classifier>
            <classifier type="contentdesk">Obits</classifier>
            <classifier type="subdesk"/>
            <location class="primary">New York, NY</location>
            <location class="latitudelongitude">(40.7143528,-74.0059731)</location>
         </identified-content>
      </docdata>
   </head>
   <body>
      <body.head>
         <hedline>
            <hl1>Butch Morris, 65; created eccentric ensemble music</hl1>
            <hl2 hl2class="subhead"/>
            <hl2 hl2class="overline"/>
            <hl2 hl2class="label"/>
         </hedline>
         <byline>
            <person>By Ben Ratliff</person>
            <byttl>New York Times</byttl>
         </byline>
         <abstract>Butch Morris, who created a distinctive form of large-ensemble music built on collective improvisation that he single-handedly directed and shaped, died Tuesday in New York. He was 65. He referred to his method as &#8216;&#8216;conduction,&#8217;&#8217; short for &#8216;&#8216;conducted improvisation.&#8217;&#8217; He defined the word, which he trademarked, as &#8216;&#8216;an improvised duet for ensemble and conductor.&#8217;&#8217;</abstract>
      </body.head>
      <body.content>
         <block class="txt">
            <media mediaid="1">
               <media-reference>1f43bc7a-6b44-11e2-a242-50e79c56738a.jpg</media-reference>
               <media-caption>Butch Morris conducting at a New York City jazz festival.</media-caption>
               <media-producer>Chad Batka/New York Times/file 2011</media-producer>
               <media-metadata name="pageNumber" value="12"/>
               <media-metadata name="wShape" value="259.2"/>
               <media-metadata name="hShape" value="178.5"/>
            </media>
            <p>NEW YORK &#8212; Butch Morris, who created a distinctive form of large-ensemble music built on collective improvisation that he single-handedly directed and shaped, died Tuesday in New York. He was 65.</p>
            <p>The cause was cancer. The East &#173;Village resident died at the Veterans Affairs Medical Center in Fort Hamilton.</p>
            <p>Mr. Morris referred to his method as &#8216;&#8216;conduction,&#8217;&#8217; short for &#8220;conducted improvisation.&#8217;&#8217; He defined the word, which he trademarked, as &#8216;&#8216;an improvised duet for ensemble and conductor.&#8217;&#8217;</p>
            <p>He often began a performance by setting a tempo with his baton and having his musicians &#173;develop a theme spontaneously and then seize on the musical ideas he wanted to work with, directing the ensemble with gestures and signals. An outstretched upward palm, up or down to indicate volume, meant sustain; a U shape formed with thumb and forefinger meant repeat; a finger to the forehead meant to remember a melodic phrase or a rhythm for later.</p>
            <p>He introduced this concept in 1985 and at first met resistance from musicians who were not willing to learn the vocabulary and respond to the signals; he was often in a position of asking artists to re&#173;orient themselves to his imagination.</p>
            <p>But he demanded to be taken seriously, and he was. After 10 years he had made enough recordings to release &#8220;Testament,&#8217;&#8217; a well-received 10-disc set of his work. After 20, he had become an inter&#173;nationally admired creative force, presenting conductions at concert halls worldwide and maintaining workshops and performances in the East Village at Nublu, Lucky Cheng&#8217;s, and the Stone.</p>
            <p>Mr. Morris, who also played cornet, began his career as a jazz musician in Los Angeles. After settling in New York in the early 1980s, he took his place among both the downtown improvising musicians of the Kitchen and the Knitting Factory and the purveyors of multidisciplinary, mixed-media art flourishing in the city.</p>
            <p>Though most of his conductions were with those trained in jazz or new music, many kinds of performers could take part, as long as they had learned his method. (Five days of rehearsal was his preference.)
</p>
            <p>Lawrence Douglas Morris was born in Long Beach, Calif., and grew up in the Watts neighborhood of Los Angeles.
</p>
            <p>Mr. Morris leaves a son, &#173;Alexandre; a brother Michael; and a sister, Marceline.
</p>
         </block>
      </body.content>
   </body>
</nitf>