<?xml version="1.0" encoding="utf-8"?>
<nitf xmlns:xs="http://www.w3.org/2001/XMLSchema" version="//IPTC/DTD NITF 3.2/EN">
   <head>
      <story.date>02-01-2013</story.date>
      <pubdata name="Globe" position.section="Business" position.subsection=" "
               position.sequence=",,61"
               type="print"
               date.publication="20130201000000-05:00"
               ex-ref="http://www.bostonglobe.com/business/2013/02/01/looking-action-against-china-cyberattacks/iUl3vW1VpyTHV8zMbfBt2I/story.html"/>
      <title>01hacking</title>
      <docdata>
         <doc.id>aab19ff4-6c05-11e2-a242-50e79c56738a</doc.id>
         <doc.copyright holder="Associated Press"/>
         <doc.rights owner="Associated Press"/>
         <date.issue norm="20130131235736-05:00">2013-01-31T23:57:36</date.issue>
         <identified-content>
            <classifier type="tom">News</classifier>
            <classifier type="taxonomy">Business/Technology</classifier>
            <classifier type="contentdesk">Business</classifier>
            <classifier type="subdesk"/>
            <location class="primary">Washington, DC</location>
            <location class="latitudelongitude">(38.8951118,-77.0363658)</location>
         </identified-content>
      </docdata>
   </head>
   <body>
      <body.head>
         <hedline>
            <hl1>US weighing China response</hl1>
            <hl2 hl2class="subhead">Action may get more pointed after hackings </hl2>
            <hl2 hl2class="overline"/>
            <hl2 hl2class="label"/>
         </hedline>
         <byline>
            <person>By Lolita C. Baldor</person>
            <byttl>Associated Press</byttl>
         </byline>
         <abstract>The Obama administration is considering more assertive action against Beijing to combat a persistent cyber-espionage campaign it believes Chinese hackers are waging against U.S. companies and government agencies. As The New York Times and Wall Street Journal reported Thursday that their computer systems had been infiltrated by China-based hackers, cybersecurity experts said the US government is eyeing more pointed diplomatic and trade measures.</abstract>
      </body.head>
      <body.content>
         <block class="txt">
            <p>WASHINGTON &#8212; The Obama administration is considering more assertive action against Beijing to combat a persistent cyber-espionage campaign it believes Chinese hackers are waging against US companies and government agencies.</p>
            <p>As the New York Times and Wall Street Journal reported Thursday that their computer systems had been infiltrated by China-based hackers, cyber&#173;security specialists said the US government is eyeing more pointed diplomatic and trade measures.</p>
            <p>Two former US officials said the administration is preparing a new National Intelligence Estimate that, when complete, is expected to detail the cyber&#173;threat, particularly from China, as a growing economic problem. One official said it also will cite more directly a role by the Chinese government in such espionage.</p>
            <p>The official said the estimate, an assessment prepared by the National Intelligence Council, will underscore the administration&#8217;s concerns about the threat, and will put greater weight on plans for more aggressive action against the Chinese government. The official was not authorized to discuss the classified report and spoke only on condition of anonymity.</p>
            <p>Secretary of State Hillary Rodham Clinton, in an interview with reporters as she wound up her tenure, said the United States needs to send a strong message that it will respond to such incidents.</p>
            <p>&#8216;&#8216;We have to begin making it clear to the Chinese &#8212; they&#8217;re not the only people hacking us or attempting to hack us &#8212; that the United States is going to have to take action to protect not only our government&#8217;s, but our private sector, from this kind of illegal intrusion. There&#8217;s a lot that we are working on that will be deployed in the event that we don&#8217;t get some kind of international effort underway,&#8217;&#8217; she said.</p>
            <p>Although the administration hasn&#8217;t yet decided what steps it may take, actions could include threats to cancel certain visas or put major purchases of Chinese goods through national security reviews.</p>
            <p>&#8216;&#8216;The US government has started to look seriously at more assertive measures and begun to engage the Chinese on senior levels,&#8217;&#8217; said James Lewis, a cybersecurity expert at the Center for Strategic and International Studies.
</p>
            <p>To date, extensive discussions between Chinese officials and top US leaders have had little effect on what government and cybersecurity specialist said is escalating and technologically evolving espionage. The Chinese deny such espionage efforts.</p>
            <p>A four-month long cyberattack against the Times is the latest in a long string of breaches said to be by China-based hackers into corporate and government computer systems across the United States. The Times attacks, routed through computers at US universities, targeted staff members&#8217; e-mail accounts, the Times said, and were likely in retribution for the newspaper&#8217;s investigation into the wealth amassed by the family of a top Chinese leader.</p>
            <p>The Chinese foreign and defense ministries called the Times&#8217; allegations baseless. 
</p>
         </block>
      </body.content>
   </body>
</nitf>