<?xml version="1.0" encoding="utf-8"?>
<nitf xmlns:xs="http://www.w3.org/2001/XMLSchema" version="//IPTC/DTD NITF 3.2/EN">
   <head>
      <story.date>02-01-2013</story.date>
      <pubdata name="Globe" position.section="Living Arts" position.subsection=" "
               position.sequence="G,39,27"
               type="print"
               date.publication="20130201000000-05:00"
               ex-ref="http://www.bostonglobe.com/lifestyle/2013/01/31/dear-margo-column/28QnSDRuZ5POz5smMxv7GJ/story.html"/>
      <title>01margo</title>
      <docdata>
         <doc.id>aaf96534-6690-11e2-a41c-48b12b8dd7a4</doc.id>
         <doc.copyright holder=" "/>
         <doc.rights owner=" "/>
         <date.issue norm="20130130211958-05:00">2013-01-30T21:19:58</date.issue>
         <identified-content>
            <classifier type="tom">News</classifier>
            <classifier type="taxonomy">Lifestyle/Relationships</classifier>
            <classifier type="contentdesk">Lifestyle</classifier>
            <classifier type="subdesk"/>
            <location class="primary">Boston, MA</location>
            <location class="latitudelongitude">(42.3548561,-71.0661193)</location>
         </identified-content>
      </docdata>
   </head>
   <body>
      <body.head>
         <hedline>
            <hl1>He gets grief for skipping funeral</hl1>
            <hl2 hl2class="subhead"/>
            <hl2 hl2class="overline">Dear Margo</hl2>
            <hl2 hl2class="label"/>
         </hedline>
         <byline>
            <person/>
            <byttl/>
         </byline>
         <abstract> Advice from Margo Howard</abstract>
      </body.head>
      <body.content>
         <block class="txt">
            <p>
               <em class="b">Q.</em> My husband&#8217;s mother passed away suddenly. She was in her 80s. His father died the previous year. My husband, &#8220;Dan,&#8217;&#8217; attended his father&#8217;s funeral but chose not to attend his mother&#8217;s. He wanted to remember her in his own way. He did not want his final memory of her to be the one in the casket. We live on the West Coast; the funerals were on the East Coast. </p>
            <p>His three older sisters are angry and do not speak to him anymore over this. Everyone grieves in their own way. It makes me sad that his sisters are acting like this. They&#8217;ve called him every name in the book and dumped a big guilt trip on him. They all live on the East Coast, and we see them infrequently. My husband held his tongue to keep the peace when the girls stuck Mom in a home immediately after Dad died. </p>
            <p>Was he wrong to not attend his mother&#8217;s funeral? I think that his sisters need to get over this.</p>
            <p>Sad in Oregon</p>
            <p>
               <em class="b">A.</em> I have a little history with this subject. When my mother died, some of her friends were mad at me because there was no circus, I mean, funeral. One relative even had the gall to go on television calling the absence of a funeral &#8220;a tragedy.&#8217;&#8217; Not only was this not my decision, it was my mother&#8217;s, but I can think of no more personal choice than how to deal with death &#8212; your own or someone else&#8217;s. Dan&#8217;s response was useful for him, and I would be supportive. You might suggest he ignore the sisters until they dismount their high horses. And how nice that they live on the other coast.
</p>
            <p/>
            <p>
               <em class="b">Dear Readers:</em> Here are a few talk-back letters, something I have steered away from, but now think may have value. Let me know what you think.</p>
            <p>
               <em class="b">Dear Margo:</em> You missed the boat with the mother whose son was freezing her out. She is one of millions of mothers who put their children at the center of their universe and then are shocked when the &#8220;child&#8217;&#8217; turns out to be self-centered. She taught him that he deserved nothing but the best, and she would do without so he could have it. He internalized her message and found a materialistic woman. I&#8217;m not typically &#8220;blame everything on the mother,&#8217;&#8217; but in this case I think it is justified. To value his mother is a lesson she never taught him. My Two Cents</p>
            <p/>
            <p>
               <em class="b">Dear Margo:</em> You neglected one likely element in your response to the dad whose daughter is able-bodied but is being supported and chooses to nap and browse Facebook all day rather than work. She&#8217;s probably suffering from depression. I urge people to keep this possibility in mind when critiquing inactivity and apparent laziness. The best support would be to help her find out whether she&#8217;s prone to this debilitating condition, which can make simple tasks unbearably difficult, if not overwhelming. Valerie</p>
            <p/>
            <p>
               <em class="b">Dear Margo:</em> You had a letter from a woman who was upset that her daughter&#8217;s godmother hasn&#8217;t been a good friend. Could it be that this woman has too many family celebrations, expecting others to travel too often and obligating them to cough up gifts? The letter writer mentions that her friend had to deal with &#8220;her mother&#8217;s belongings and difficult family members,&#8217;&#8217; but without a drop of empathy or support for her friend&#8217;s challenges. My take is that the woman sounds pretty narcissistic. MZ</p>
            <p>
               <em class="i">All letters must be sent via the online form at www.creators.com/dearmargo.</em>
            </p>
         </block>
      </body.content>
   </body>
</nitf>