<?xml version="1.0" encoding="utf-8"?>
<nitf xmlns:xs="http://www.w3.org/2001/XMLSchema" version="//IPTC/DTD NITF 3.2/EN">
   <head>
      <story.date>02-01-2013</story.date>
      <pubdata name="Globe" position.section="Sports" position.subsection=" "
               position.sequence="C,2,801"
               type="print"
               date.publication="20130201000000-05:00"
               ex-ref="http://www.bostonglobe.com/sports/2013/01/31/senators-jason-spezza-will-have-back-surgery-friday/0TENHT3Hka9JzyEK0QBG8L/story.html"/>
      <title>01log</title>
      <docdata>
         <doc.id>e761c502-6bf9-11e2-a242-50e79c56738a</doc.id>
         <doc.copyright holder=" "/>
         <doc.rights owner=" "/>
         <date.issue norm="20130201063813-05:00">2013-02-01T06:38:13</date.issue>
         <identified-content>
            <classifier type="tom">News</classifier>
            <classifier type="taxonomy">Sports/Baseball/MLB;Sports/Basketball/NBA;Sports/College/Football;Sports/Football/NFL</classifier>
            <classifier type="contentdesk">Sports</classifier>
            <classifier type="subdesk"/>
            <location class="primary">Boston, MA</location>
            <location class="latitudelongitude">(42.339904,-71.0898892)</location>
         </identified-content>
      </docdata>
   </head>
   <body>
      <body.head>
         <hedline>
            <hl1>SportsLog</hl1>
            <hl2 hl2class="subhead"/>
            <hl2 hl2class="overline"/>
            <hl2 hl2class="label"/>
         </hedline>
         <byline>
            <person/>
            <byttl/>
         </byline>
         <abstract>Ottawa Senators forward Jason Spezza will have back surgery Friday to repair a herniated disk. Senators general manager Bryan Murray said it&#8217;s too early to give a timeline for Spezza&#8217;s return, but the team is hopeful he&#8217;ll be play again this season.</abstract>
      </body.head>
      <body.content>
         <block class="txt">
            <p>nhl</p>
            <p>Ottawa Senators forward <em class="b">Jason Spezza </em>will have back surgery Friday to repair a herniated disk. Senators general manager <em class="b">Bryan Murray </em>said it&#8217;s too early to give a timeline for Spezza&#8217;s return, but the team is hopeful he&#8217;ll be play again this season. &#8216;&#8216;It&#8217;s just the best thing to do at this point,&#8217;&#8217; Murray said Thursday. &#8216;&#8216;You probably could take days off and play a game here and there, but that doesn&#8217;t make any sense for him or us. So getting it done, hopefully getting it cleaned out, will allow him to come back at 100 percent and continue his career.&#8217;&#8217; Spezza&#8217;s back problems flared Sunday in a shootout loss to Pittsburgh. He missed the next two games, after contributing two goals and three assists in five games this season. Spezza, 29, had 34 goals and 50 assists last season, finishing fourth in the NHL with 84 points .&#160;.&#160;.  The Capitals traded center <em class="b">Zach Hamill</em>, a former Bruins No. 1 draft pick (eighth overall in 2007), to the Panthers for forward <em class="b">Casey Wellman</em>, a UMass product, in a swap of minor leaguers. The Capitals also acquired former University of New Hampshire forward <em class="b">Peter Le&#173;Blanc </em>from the Blackhawks for future considerations .&#160;.&#160;.  As expected, <em class="b">Greg Jamison </em>missed his deadline to buy the Coyotes before a lease agreement with the City of Glendale, Ariz., expired. He had until midnight Thursday to buy the team under the terms of the lease, but was unable to get the money or investors he needed. He said will continue to attempt to purchase the team.
</p>
            <p>baseball</p>
            <p>Prado gets new contract from Arizona </p>
            <p>The Diamondbacks agreed to a $40 million, four-year contract with <em class="b">Martin Prado </em>just a week after acquiring the former All-Star infielder in the trade that sent <em class="b">Justin Upton </em>to Atlanta. Prado made the All-Star team as the Braves&#8217; second baseman in 2010, but is slated to play third base for the Diamondbacks. The 29-year-old Prado, who will play for Venezuela in this year&#8217;s World Baseball Classic, is a career .295 hitter .&#160;.&#160;. The Yankees closed a one-year deal with the former Indians slugger <em class="b">Travis Hafner</em>. He has agreed to an incentive-laden deal with a base salary close to $2 million. He will replace <em class="b">Raul Ibanez </em>as the lefthanded DH .&#160;.&#160;. <em class="b">Omar Vizquel </em>was hired by the Angels as a roving infield instructor. Vizquel, 45, played for Toronto as a reserve infielder last season .&#160;.&#160;.  The Mets signed righthander <em class="b">LaTroy Hawkins </em>to a minor league contract with an invitation to spring training. 
</p>
            <p>soccer</p>
            <p>Beckham opts to play for Paris team </p>
            <p>
               <em class="b">David Beckham </em>signed a five-month contract with Paris Saint-Germain, and agreed to play essentially for free. He will donate his salary to a children&#8217;s charity. The 37-year-old midfielder chose the French club after rejecting offers from other teams. The move came as the transfer window was starting to close and marks the latest step in a career that has seen Beckham win titles with Manchester United, Real Madrid, and the Los Angeles Galaxy, with whom he recently finished a six-year stint  .&#160;.&#160;. D.C. United picked up the option on coach <em class="b">Ben Olsen&#8217;s </em>contract for 2014.  </p>
            <p>college football</p>
            <p>Kansas State gives Snyder 5-year deal</p>
            <p>Kansas State coach <em class="b">Bill Snyder</em>, 73, signed a five-year contract that includes an increase in base compensation to $14.75 million over the life of the deal. The contract replaces one signed in 2009 that did not specify his compensation past the fifth year, and like that contract, it will roll over annually. Snyder, who was voted the Associated Press&#8217;s Big 12 coach of the year after going 11-2 this season, will make $2.75 million for 2013, with annual increases of $100,000 through 2017 .&#160;.&#160;.  Oregon promoted former Nebraska quarterback <em class="b">Scott Frost </em>to offensive coordinator under new coach <em class="b">Mark Helfrich</em>. Frost will also serve as quarterbacks coach. Frost, 38, has been Oregon&#8217;s wide receivers coach for the past four seasons under coach <em class="b">Chip Kelly</em>, who left the Ducks last month to become the coach of the Philadelphia Eagles. 
<em class="b"/>
            </p>
            <p>miscellany</p>
            <p>Isner to play singles in Davis Cup </p>
            <p>
               <em class="b">John Isner </em>is set to return from a knee injury and will play the No. 1 singles spot for the US team against Brazil Friday in Jacksonville, Fla., the first round of Davis Cup World Group matches. Isner injured his knee a month ago at the Hopman Cup in Perth, Australia .&#160;.&#160;.  <em class="b">Ayumi Morita </em>of Japan knocked top-seeded <em class="b">Ana Ivanovic </em>out of the Pattaya (Thailand) Open in the second round, beating the Serb, 6-3, 5-7, 6-3. Defending champion <em class="b">Daniela Hantuchova </em>retired from her match, while trailing <em class="b">Nina Bratchikova </em>of Russia, 6-2, 3-0 .&#160;.&#160;.  Raptors coach <em class="b">Dwane Casey </em>was fined $25,000 by the NBA for criticizing officials Wednesday night after a loss at Atlanta.  </p>
         </block>
      </body.content>
   </body>
</nitf>