<?xml version="1.0" encoding="utf-8"?>
<nitf xmlns:xs="http://www.w3.org/2001/XMLSchema" version="//IPTC/DTD NITF 3.2/EN">
   <head>
      <story.date>02-01-2013</story.date>
      <pubdata name="Globe" position.section="Living Arts" position.subsection=" "
               position.sequence="G,39,26"
               type="print"
               date.publication="20130201000000-05:00"
               ex-ref="http://www.bostonglobe.com/lifestyle/2013/01/31/ask-amy-column/YjrpBstAquDeBEMuky9fmK/story.html"/>
      <title>01amy</title>
      <docdata>
         <doc.id>69d728b8-668e-11e2-a41c-48b12b8dd7a4</doc.id>
         <doc.copyright holder=" "/>
         <doc.rights owner=" "/>
         <date.issue norm="20130130211956-05:00">2013-01-30T21:19:56</date.issue>
         <identified-content>
            <classifier type="tom">News</classifier>
            <classifier type="taxonomy">Lifestyle/Relationships</classifier>
            <classifier type="contentdesk">Lifestyle</classifier>
            <classifier type="subdesk"/>
            <location class="primary">Boston, MA</location>
            <location class="latitudelongitude">(42.3548561,-71.0661193)</location>
         </identified-content>
      </docdata>
   </head>
   <body>
      <body.head>
         <hedline>
            <hl1>Scared by websites visited by friend</hl1>
            <hl2 hl2class="subhead"/>
            <hl2 hl2class="overline">ask amy</hl2>
            <hl2 hl2class="label"/>
         </hedline>
         <byline>
            <person/>
            <byttl/>
         </byline>
         <abstract> Advice from Amy Dickinson</abstract>
      </body.head>
      <body.content>
         <block class="txt">
            <p>
               <em class="b">Q.</em> I am a 16-year-old with a great and supportive family. My twin brother and I are home-schooled by our mother. Recently one of my good friends and her mother came over to visit.</p>
            <p>My friend and I were looking at some websites for a game we enjoy playing. She began to show me some of the music she listens to and some of the videos that go with the music. I did not like the music or the videos.</p>
            <p>For one, they scared me. I found them dark. The songs included cussing, which I feel ruins a song. I could not figure out how to say that I would really rather not listen to (or watch) those things. She&#8217;s the type of person who gets angry and upset if you disagree with her. She said her mother had no idea she was listening to this stuff. I began to feel literally sick to my stomach.</p>
            <p>How can I tell her I don&#8217;t want her going on these websites on my computer? I really want to tell her mom what she is up to, but I don&#8217;t want this to end our friendship. I am very worried and don&#8217;t want my friend going down the wrong path. I told my mom and dad about what happened, and my mom thinks that I should tell my friend&#8217;s mom, but I&#8217;m not sure.  Worried About Websites</p>
            <p>
               <em class="b">A.</em> If your own values don&#8217;t give you the strength to speak your own truth &#8212; or if you&#8217;re simply too dominated or shy &#8212; then your parents can help give you &#8220;cover&#8217;&#8217; to work around peer pressure.</p>
            <p>In the moment you could have said, &#8220;My parents will go ballistic if they find these sites on my computer, so you need to stop.&#8217;&#8217;</p>
            <p>I suspect that your friend finds this material appealing because it is a way for her to rebel against her folks, your folks, and people who share your specific values. If you or your parents feel that this material is dangerous for her, then your parents should speak with her parents.</p>
            <p>
               <em class="b">Q.</em> Our daughter&#8217;s fiance is charming, intelligent, thoughtful, and has dreadful table manners. He&#8217;s Asian, so we think it&#8217;s a cultural thing. He spends the meal slurping, with his face and body almost in the plate, in the &#8220;trough&#8217;&#8217; position with open-mouth chewing and lots of noise. We wonder if this is considered appropriate or appreciative in his home culture.</p>
            <p>He&#8217;s lived in the United States for quite a few years, but I don&#8217;t think he recognizes what&#8217;s going on. My husband wants to talk to him about this, but I don&#8217;t want to offend him. I don&#8217;t think we can ask our daughter to talk to him, either. I keep hoping he&#8217;ll notice how we eat, as we share meals together often, but it&#8217;s been months. Any thoughts?  Future Mother-in-Law</p>
            <p>
               <em class="b">A.</em> There&#8217;s nothing &#8220;cultural&#8217;&#8217; about your future son-in-law&#8217;s dreadful table manners that I&#8217;m aware of. He simply has dreadful table manners. This is an issue best broached by your daughter. What&#8217;s needed is merely a gentle correction. It should be expressed that better manners will likely benefit his other personal and professional encounters.</p>
            <p/>
            <p>
               <em class="b">Q.</em> &#8220;Querying Mom&#8217;&#8217; was very upset because her children were excluded from a family wedding and when she and her husband attended the wedding they saw other children there. These other families may have completely disregarded the &#8220;no kids&#8217;&#8217; admonition on the invitation. I was shocked at our wedding to see how many families ignored our suggestion that they get sitters for that day. Been There</p>
            <p>
               <em class="b">A.</em> You are correct; some parents seem to believe that the &#8220;no kids&#8217;&#8217; rule applies to everybody else. Thank you.</p>
            <p>
               <em class="i">Send questions via e-mail to askamy@tribune.com or by mail to Ask Amy, Chicago Tribune, TT500, 435 N. Michigan Ave., Chicago, IL 60611.</em>
            </p>
         </block>
      </body.content>
   </body>
</nitf>