<?xml version="1.0" encoding="utf-8"?>
<nitf xmlns:xs="http://www.w3.org/2001/XMLSchema" version="//IPTC/DTD NITF 3.2/EN">
   <head>
      <story.date>02-01-2013</story.date>
      <pubdata name="Globe" position.section="Sports" position.subsection=" "
               position.sequence="C,2,201"
               type="print"
               date.publication="20130201000000-05:00"
               ex-ref="http://www.bostonglobe.com/sports/2013/02/01/red-sox-sign-lyle-overbay-minor-league-deal/mmhz61yQQJtFxTt2TapJQJ/story.html"/>
      <title>01snotes</title>
      <docdata>
         <doc.id>b73bdf6e-6bfb-11e2-a242-50e79c56738a</doc.id>
         <doc.copyright holder="The Boston Globe"/>
         <doc.rights owner="The Boston Globe"/>
         <date.issue norm="20130201080745-05:00">2013-02-01T08:07:45</date.issue>
         <identified-content>
            <classifier type="tom">News</classifier>
            <classifier type="taxonomy">Sports/Baseball/MLB/Red Sox</classifier>
            <classifier type="contentdesk">Sports</classifier>
            <classifier type="subdesk"/>
            <location class="primary">Boston, MA</location>
            <location class="latitudelongitude">(42.339904,-71.0898892)</location>
         </identified-content>
      </docdata>
   </head>
   <body>
      <body.head>
         <hedline>
            <hl1>Overbay agrees to minor league deal</hl1>
            <hl2 hl2class="subhead"/>
            <hl2 hl2class="overline">red sox notebook</hl2>
            <hl2 hl2class="label"/>
         </hedline>
         <byline>
            <person>By Nick Cafardo</person>
            <byttl>Globe Staff</byttl>
         </byline>
         <abstract>Lyle Overbay, 36, has agreed to terms with the Red Sox on a minor league contract. He will have a chance to make the team as a lefthanded complement to first baseman Mike Napoli and serve as a defensive replacement.</abstract>
      </body.head>
      <body.content>
         <block class="txt">
            <p>The Red Sox have agreed to terms with veteran first baseman <em class="b">Lyle Overbay </em>on a one-year minor league deal, and he will have a chance to make the team as a lefthanded complement to <em class="b">Mike Napoli</em>, a team official confirmed Thursday.</p>
            <p>Overbay, who recently turned 36, has struggled the past couple of years, but he hit 20 homers in 2010 for Arizona. He ended last season with the Braves after being released by the Diamondbacks in August.</p>
            <p>Overbay has a career .303 average against the Red Sox with 13 homers and 58 RBIs and an .888 OPS. At Fenway, he has hit .323 with 4 homers and 31 RBIs in 177 plate appearances, with an .895 OPS.</p>
            <p>Overbay is considered a decent first baseman, and he&#8217;ll likely start against the tough righthanded pitchers the Sox don&#8217;t want Napoli to face. He could also be a late-inning defensive replacement.</p>
            <p>The Red Sox had been looking for a lefthanded-hitting first baseman/outfielder but instead signed both <em class="b">Ryan Sweeney </em>and Overbay to minor league deals. Both have a good chance of making the team.</p>
            <p>Gregg gets the job</p>
            <p>
               <em class="b">Kevin Gregg </em>has been working for the Red Sox for several weeks now as director of media relations. It became official Thursday. Gregg, 32, spent the last six seasons with the Phillies on their communications staff. The Philadelphia native and James Madison graduate is the son of the late <em class="b">Eric Gregg</em>, an umpire for parts of 23 seasons in the majors. Kevin also worked for the 76ers for four seasons during and after college. Gregg replaces <em class="b">Pam Kenn</em>, who spent four years as media relations director. She is staying with the team as senior director of public affairs. Kenn, 33, is a native of Burlington and a UMass-Amherst graduate. She has been with the Red Sox since 2000 .&#160;.&#160;. According to Baseball America, the Sox signed knuckeballer <em class="b">Charlie Haeger </em>again. Haeger, 29, has 34 games of major league experience, the last coming in 2010 for the Dodgers. He was with Double A Portland in 2011, going 4-1 with a 3.24 ERA in eight starts after being released by Seattle. He did not pitch last season.</p>
            <p>
               <em class="i">Nick Cafardo can be reached at cafardo@globe.com. Follow him on Twitter @nickcafardo.</em>
            </p>
         </block>
      </body.content>
   </body>
</nitf>