<?xml version="1.0" encoding="utf-8"?>
<nitf xmlns:xs="http://www.w3.org/2001/XMLSchema" version="//IPTC/DTD NITF 3.2/EN">
   <head>
      <story.date>02-01-2013</story.date>
      <pubdata name="Globe" position.section="News" position.subsection="Metro"
               position.sequence="B,1,2"
               type="print"
               date.publication="20130201000000-05:00"
               ex-ref="http://www.bostonglobe.com/metro/2013/02/01/experience-isn-everything/ARuKyn2ndhZhDMesc0U6sO/story.html"/>
      <title>01cullen</title>
      <docdata>
         <doc.id>428e5a64-6c02-11e2-baa1-9e8515cd26f3</doc.id>
         <doc.copyright holder=" "/>
         <doc.rights owner=" "/>
         <date.issue norm="20130201025841-05:00">2013-02-01T02:58:41</date.issue>
         <identified-content>
            <classifier type="tom">News</classifier>
            <classifier type="taxonomy">News/US/Massachusetts</classifier>
            <classifier type="contentdesk">Metro</classifier>
            <classifier type="subdesk"/>
            <location class="primary">Boston, MA</location>
            <location class="latitudelongitude">(42.3584308,-71.0597732)</location>
         </identified-content>
      </docdata>
   </head>
   <body>
      <body.head>
         <hedline>
            <hl1>The virtues of inexperience</hl1>
            <hl2 hl2class="subhead"/>
            <hl2 hl2class="overline">Kevin Cullen</hl2>
            <hl2 hl2class="label"/>
         </hedline>
         <byline>
            <person>By Kevin Cullen</person>
            <byttl>Globe Columnist</byttl>
         </byline>
         <abstract>I&#8217;m sitting here, scratching my head, trying to figure out why so many people have their noses out of joint because Governor Deval Patrick appointed as interim US senator a guy who lacks political experience. Seems to me that whether you&#8217;re talking about Congress, the State House, or City Hall, one of the problems is that too many people in those buildings have too much experience.</abstract>
      </body.head>
      <body.content>
         <block class="txt">
            <p>I&#8217;m sitting here, scratching my head, trying to figure out why so many people have their noses out of joint because Governor Deval Patrick appointed as &#173;interim US senator a guy who lacks political experience.</p>
            <p>Seems to me that whether you&#8217;re talking about Congress, the State House, or City Hall, one of the problems is that too many people in those buildings have too much experience.</p>
            <p>The supposed advantage of experience is just the flip side of entrenched incumbency. That produces predictable, complacent &#173;politicians, giving us a stale system in which experience always attracts money, but not necessarily wisdom. Because ex&#173;per&#173;ience tells most politicians that they should not rock the boat, they should toe the party line. Timidity is rewarded over risk-taking.</p>
            <p>I&#8217;ve seen no empirical evidence that the best politicians have the most experience. There is, however, incontrovertible evidence that the politicians with the most &#173;experience are the politicians with the most money. And money, not experience, greases politics.</p>
            <p>So what has all this experience on &#173;Capitol Hill and Beacon Hill and City Hall Plaza bought us?</p>
            <p>We have a Congress where compromise is considered not art but treachery.</p>
            <p>We have a State House where one-party domination makes the concept of checks and balances a joke.</p>
            <p>We have a City Hall where the incumbent is perceived as politically invincible even when he appears so physically vulnerable.</p>
            <p>You would have to possess a heart of stone to watch and listen to Tom Menino&#8217;s State of the City address the other night at Faneuil Hall and not be moved. Menino is a good man, and he&#8217;s been a good mayor. But, at 70 and not in the best of health, is he going to run for a sixth term because he should or because he can?</p>
            <p>When we afford experience such prominence, we buy into the myth that certain politicians are indispensable. We shore up a system in which too many politicians &#173;enjoy salaries and benefits far more generous than what the vast majority of their constituents subsist on. We perpetuate a system where the US Senate is a millionaire&#8217;s club. We ensure that the only people in a position to mount challenges against firmly entrenched incumbents are those willing or delusional enough to spend their own fortunes on quixotic campaigns. In short, we create politicians who are so much like each other and so little like us.</p>
            <p>Of course, experience matters in all lines of work, including politics. John Kerry would not be secretary of state without all his experience in foreign affairs. Mo &#173;Cowan, appointed to fill Kerry&#8217;s seat until a special election is held in June, was legal counsel, then chief of staff for Patrick, jobs that you could argue don&#8217;t necessarily prepare him for the Senate.</p>
            <p>Cowan will spend five months on the job in Washington. He&#8217;ll be there just long enough to take a few rides on that cool train that connects the Russell Senate &#173;Office Building to the Capitol. He is a smart, savvy guy whose roots make you want him to succeed. The only bad thing I can say about him is that he is a Duke basket&#173;ball fan, part of an insufferable clique that makes Yankees fans seem &#173;humble.</p>
            <p>But saying Cowan shouldn&#8217;t keep Kerry&#8217;s seat warm because he lacks experience is a bit much. He will not be asked to perform brain surgery. He&#8217;ll be asked to read a lot of papers, listen to a lot of people, and maybe cast a few votes. Armed with an impressive intellect and a healthy dose of common sense, he&#8217;ll do fine.</p>
            <p>No doubt, the two Democrats who want to replace Kerry on a full-time basis, Ed Markey and Steve Lynch, will tout their &#173;experience in Congress. If Scott Brown throws his hat in the ring, he&#8217;ll stress that he actually did the job for three years.</p>
            <p>If all politics is local, all experience is &#173;relative. It took John Kerry 24 years to &#173;become the senior senator from Massachusetts. It took Elizabeth Warren 29 days.</p>
            <p>
               <em class="i">Kevin Cullen is a Globe columnist. He can be reached at cullen@globe.com.</em>
            </p>
         </block>
      </body.content>
   </body>
</nitf>