<?xml version="1.0" encoding="utf-8"?>
<nitf xmlns:xs="http://www.w3.org/2001/XMLSchema" version="//IPTC/DTD NITF 3.2/EN">
   <head>
      <story.date>02-01-2013</story.date>
      <pubdata name="Globe" position.section="Living Arts" position.subsection=" "
               position.sequence="G,6,4"
               type="print"
               date.publication="20130201000000-05:00"
               ex-ref="http://www.bostonglobe.com/arts/2013/01/31/cherry-jones-looks-homeward-play-williams-heroine-john-tiffany-glass-menagerie/y4XNxGPyjPIu5qNCXCjJDK/story.html"/>
      <title>01menagerie</title>
      <docdata>
         <doc.id>5e2eb154-6a51-11e2-b0fe-25b534362601</doc.id>
         <doc.copyright holder="For The Boston Globe"/>
         <doc.rights owner="For The Boston Globe"/>
         <date.issue norm="20130131121255-05:00">2013-01-31T12:12:55</date.issue>
         <identified-content>
            <classifier type="tom">News</classifier>
            <classifier type="taxonomy">AE/Theater-Performing arts</classifier>
            <classifier type="contentdesk">Lifestyle</classifier>
            <classifier type="subdesk"/>
            <location class="primary">West Cambridge, MA</location>
            <location class="latitudelongitude">(42.3749833,-71.1227131)</location>
         </identified-content>
      </docdata>
   </head>
   <body>
      <body.head>
         <hedline>
            <hl1>Amanda, reexamined</hl1>
            <hl2 hl2class="subhead">Cherry Jones looks homeward to play a Williams heroine in John Tiffany&#8217;s &#8216;Glass Menagerie&#8217;</hl2>
            <hl2 hl2class="overline"/>
            <hl2 hl2class="label"/>
         </hedline>
         <byline>
            <person>By Patti Hartigan</person>
            <byttl>Globe Correspondent</byttl>
         </byline>
         <abstract>A couple of years ago, over lunch with Tony Award-winning actress Cherry Jones, British director John Tiffany was struck with an image: He saw her as Amanda Wingfield, the domineering matriarch in Tennessee Williams&#8217;s &#8220;The Glass Menagerie.&#8217;&#8217; But when he suggested that he direct her in the legendary role, her answer was clear and immediate: &#8220;No, never, not that play.&#8217;&#8217; She has since come around. The American Repertory Theater production, featuring Jones as Amanda, begins performances Saturday.</abstract>
      </body.head>
      <body.content>
         <block class="txt">
            <media mediaid="1">
               <media-reference>b0426236-5f4f-11e2-a342-38ca8b91ff3a.jpg</media-reference>
               <media-caption>Cherry Jones and John Tiffany at American Repertory Theater&#8217;s Church Street rehearsal space, where they have been working on &#8220;The Glass Menagerie.&#8217;&#8217; </media-caption>
               <media-producer>ARAM BOGHOSIAN FOR THE BOSTON GLOBE</media-producer>
               <media-metadata name="pageNumber" value="6"/>
               <media-metadata name="wShape" value="689"/>
               <media-metadata name="hShape" value="504"/>
            </media>
            <media mediaid="2">
               <media-reference>842962d0-64fe-11e2-8168-3fe0aff0fa46.jpg</media-reference>
               <media-caption>Celia Keenan-Bolger plays Laura, a young woman as delicate and unworldly as the symbolic glass unicorn at the center of Tennessee Williams&#8217;s play.</media-caption>
               <media-producer>YOON S. BYUN/GLOBE STAFF</media-producer>
               <media-metadata name="pageNumber" value="7"/>
               <media-metadata name="wShape" value="338.5"/>
               <media-metadata name="hShape" value="367.5"/>
            </media>
            <p>
               <em class="b"/>
            </p>
            <p>Presented by </p>
            <p/>
            <p>At: , , </p>
            <p>CAMBRIDGE &#8212; A couple of years ago, the actress Cherry Jones and the British director John Tiffany were having lunch at Veggie Planet, the leafy green basement eatery in Harvard Square. Jones, who grew up in Paris, Tenn., had recently been cleaning out her late parents&#8217; house, and she was reminiscing about the old letters and mementos she and her sister had unearthed. As she talked about Mother and Daddy &#8212; as she calls them to this day &#8212; her resonant voice took on the slow drawl of her childhood down South. Her memories seemed tinged with the scent of magnolias, jonquils, dogwoods, evoking a particular time and a particular way of life.</p>
            <p>Listening to her, Tiffany was struck with an image: He saw Jones as Amanda Wingfield, the domineering matriarch in Tennessee Williams&#8217;s &#8220;The Glass Menagerie.&#8217;&#8217; But when he suggested that he direct her in the legendary role, her answer was clear and immediate: &#8220;No, never, not that play.&#8217;&#8217;</p>
            <p>&#8220;I was never drawn to this play, ever,&#8217;&#8217; Jones explains on a January afternoon, settling into a conference room at the American Repertory Theater, the company that was her artistic home for a decade before she moved to New York and won Tony Awards for lead actress in &#8220;The Heiress&#8217;&#8217; and &#8220;Doubt.&#8217;&#8217; &#8220;I found it cloying and .&#160;.&#160;.&#8217;&#8217; A long exhale. &#8220;Everything about it depressed me. It seemed so specific to the world I knew. There was nothing exotic about it. I knew that world too well, and it depressed me.&#8217;&#8217;</p>
            <p>She eventually agreed to do a reading of &#8220;The Glass Menagerie&#8217;&#8217; at the off-Broadway New York Theatre Workshop, with the attitude that it would be &#8220;the first and last time anyone will ever hear me read this play.&#8217;&#8217; When Jones turned the last page, Tiffany recalls, she said, &#8220;When do we start?&#8217;&#8217;</p>
            <p>The ART production, featuring Jones as Amanda, Zachary Quinto as her son, Tom, Celia Keenan-Bolger as her daughter, Laura, and Brian J. Smith as the Gentleman Caller, begins a six-week run at the Loeb Drama Center on Saturday.</p>
            <p>Tiffany is known for new works, such as the National Theatre of Scotland&#8217;s celebrated Iraq war play, &#8220;Black Watch,&#8217;&#8217; and the current Broadway hot ticket &#8220;Once,&#8217;&#8217; which was developed at ART and won eight 2012 Tonys, including best musical and best director. But Tiffany readily admits that Williams&#8217;s first Broadway hit is, hands down, his favorite play. The 1944 drama is often viewed as the story of a fading Southern belle who tries to force her frightfully shy daughter to cultivate &#8220;a nimble wit and tongue to meet all occasions.&#8217;&#8217; But Tiffany sees it differently. &#8220;It feels to be a kind of call to arms for people like Laura, people who are fragile, who are damaged,&#8217;&#8217; he says. &#8220;It&#8217;s a call to arms that they should be allowed to thrive and survive in the world. We are the architects of a world that is &#8216;lit by lightning.&#8217; There is something very dangerous about it. There is constant need for professionalism and capitalism. Where does that leave people who don&#8217;t fit in?&#8217;&#8217;</p>
            <p>When asked if he has someone in his life like Laura, a young woman as delicate and unworldly as the symbolic glass unicorn at the center of the play, he simply sighs and says, &#8220;Everybody does, doesn&#8217;t he?&#8217;&#8217; </p>
            <p>The fresh-scrubbed Jones now brims with compassion for the Amandas of the world, mothers of children with special needs who desperately fear their own mortality. &#8220;What happens when they die?&#8217;&#8217; Jones asks. &#8220;What happens to those children? That is where Amanda is.&#8217;&#8217; </p>
            <p>That fierce maternal instinct is driving Jones&#8217;s portrayal of the character she describes as &#8220;one of the greatest heroines I&#8217;ve ever played &#8212; and one of the most annoying.&#8217;&#8217; Amanda compels her son, Tom &#8212; a frustrated writer and a Williams stand-in, who narrates the so-called &#8220;memory play&#8217;&#8217; with an air of guilt and regret &#8212; to find a gentleman caller who will care for her daughter. Yes, Amanda dolls herself up for the visitor, brings out the candles and the dandelion wine, and oozes with the kind of Southern charm that Jones knows all too well from her childhood. But Amanda has a purpose that goes beyond her magnificent ego.</p>
            <p>&#8220;I know a lot of women in the South who have larger clanking balls than most of the men I&#8217;ve known, but on a dime can turn into the most intoxicating, seductive women,&#8217;&#8217; Jones says. &#8220;It&#8217;s not just sexually. It&#8217;s intellectually. Amanda needs to be a little bit of a female Bill Clinton. She needs to make that gentleman caller feel like he&#8217;s the only man in the world. I think some people think she puts on that dress and pushes little Laura out of the way.&#8217;&#8217; She pauses. &#8220;No. Everything she does that night is for Laura. That&#8217;s not to say she isn&#8217;t enjoying every little minute of it. But not for one second is she doing it for herself. She wants that boy to feel like he has wandered into heaven.&#8217;&#8217; Amanda does this, of course, by piling on coquettish flattery and demonstrating what she calls &#8220;the art of conversation.&#8217;&#8217;</p>
            <p>&#8220;She never shuts up!&#8217;&#8217; Jones says. The only time in her life that Amanda was speechless, the actress speculates, was when she met her husband, the &#8220;telephone man who fell in love with long distances&#8217;&#8217; and abandoned his family. &#8220;I love thinking about the reality of what that must have been like. I think along came that man, and he just shut her up,&#8217;&#8217; Jones says, her voice ever more tinged with her native accent. &#8220;And I think it was raw and hot and fantastic, and she was just a goner.&#8217;&#8217; </p>
            <p>Jones is the kind of actress who has a scenario for every line, every bit of business in a play. In 1980, she began her career at 23 as a founding member of ART, part of its resident acting company. She describes the theater as the place where she learned to act. &#8220;We were like puppies in a box,&#8217;&#8217; she says. &#8220;We felt you could just throw any play at us, and we could do it.&#8217;&#8217; </p>
            <p>She eventually left for New York, and she did audition for the part of Laura in the 1994 Julie Harris production of &#8220;The Glass Menagerie.&#8217;&#8217; The role went to Calista Flockhart. &#8220;I&#8217;m too big. I&#8217;m too sturdy. I used to joke that I could never play Laura unless Nancy Marchand was playing Amanda,&#8217;&#8217; Jones says.</p>
            <p>This is the first ART production of any Williams play. The creative team, which includes set and costume designer Bob Crowley, a Tony winner for his &#8220;Once&#8217;&#8217; set, has disregarded Williams&#8217;s elaborate scenic directions for &#8220;The Glass Menagerie.&#8217;&#8217; They are relying instead on the playwright&#8217;s introductory production notes, which call for &#8220;a new, plastic theatre which must take the place of the exhausted theatre of realistic conventions.&#8217;&#8217; Jones is so excited about this notion &#8212; &#8220;It gives me goose bumps!&#8217;&#8217; &#8212; that she pulls out a copy of Williams&#8217;s text and reads an entire paragraph aloud, emphasizing the part where the playwright bemoans the &#8220;straight realistic play with its genuine Frigidaire and authentic ice-cubes.&#8217;&#8217;</p>
            <p>As ART has acknowledged, there has already been commercial interest in the production, but Tiffany says he is working on it in the here and now. Jones says she isn&#8217;t looking ahead to New York or anywhere else, but she is harking back to her heritage.</p>
            <p> &#8220;I realized that I have a responsibility to do this,&#8217;&#8217; Jones says. &#8220;I&#8217;m not saying I&#8217;m going to get it right, but I have a good shot at bringing a valid portrait to the stage because of where I&#8217;m from. I knew women like Amanda. I knew, even as a child, that they were leaves blowing off trees, never to be seen or heard from again.&#8217;&#8217;</p>
            <p>And what of Laura, that fragile creature? What happens to her after the play ends? &#8220;For me, she ceases to exist,&#8217;&#8217; Tiffany says. &#8220;I don&#8217;t mean that I think she dies; she just doesn&#8217;t exist anymore. She exists in Tom&#8217;s head. He doesn&#8217;t manage to escape her.&#8217;&#8217;</p>
            <p>Jones has another idea that makes the end of the play bearable for her, although Tiffany says that Williams would never accept it. She imagines a scene after Laura blows out the candles in the play&#8217;s wrenching final moment. In her mind, Amanda sends Laura out to charge some groceries at Garfinkel&#8217;s Delicatessen. &#8220;She falls down and meets this terribly shy young boy who helps her up and walks her home,&#8217;&#8217; Jones says, her piercing blue eyes sparkling. &#8220;I told John going into this that I am giving this thing a full-blown happy ending. Amanda asks the boy to come in. Would he like some lemonade? Would he come for supper to repay him for his kindness? Laura ends up with a wonderful husband and children. There is a part of me that is going to go there every night. Otherwise, it&#8217;s too heartbreaking.&#8217;&#8217;</p>
            <p>
               <em class="i">Patti Hartigan can be reached at patti hartigan@gmail.com.</em>
            </p>
         </block>
      </body.content>
   </body>
</nitf>