<?xml version="1.0" encoding="utf-8"?>
<nitf xmlns:xs="http://www.w3.org/2001/XMLSchema" version="//IPTC/DTD NITF 3.2/EN">
   <head>
      <story.date>02-01-2013</story.date>
      <pubdata name="Globe" position.section="Editorial Opinion" position.subsection="Letters"
               position.sequence="A,14,104"
               type="print"
               date.publication="20130201000000-05:00"
               ex-ref="http://www.bostonglobe.com/opinion/letters/2013/02/01/nra-extreme-position-indefensible/OSbo5PAPrDdt1DtnFSTm2M/story.html"/>
      <title>nra_20131281054</title>
      <docdata>
         <doc.id>05023fe0-6963-11e2-b344-7dec3c831529</doc.id>
         <doc.copyright holder=" "/>
         <doc.rights owner=" "/>
         <date.issue norm="20130131182359-05:00">2013-01-31T18:23:59</date.issue>
         <identified-content>
            <classifier type="tom">News</classifier>
            <classifier type="contentdesk">EditorialOpinion</classifier>
            <classifier type="subdesk">Letters</classifier>
            <location class="primary">Boston, MA</location>
            <location class="latitudelongitude">(42.3584308,-71.0597732)</location>
         </identified-content>
      </docdata>
   </head>
   <body>
      <body.head>
         <hedline>
            <hl1>NRA&#8217;s position is indefensible</hl1>
            <hl2 hl2class="subhead"/>
            <hl2 hl2class="overline"/>
            <hl2 hl2class="label"/>
         </hedline>
         <byline>
            <person/>
            <byttl/>
         </byline>
         <abstract>Bill Morrison writes: What I don&#8217;t understand is the National Rifle Association&#8217;s zealous attempts to block background checks, safety regulations, and the sharing of data with law enforcement, common-sense measures that would help prevent future tragedies. It&#8217;s almost as though the NRA is determined to ensure that more violent attacks will follow.</abstract>
      </body.head>
      <body.content>
         <block class="txt">
            <p>I understand, and have no problem, with responsible gun owners, such as many hunters and gun club members, wanting to protect their Second Amendment rights. What I don&#8217;t understand is the National Rifle Association&#8217;s zealous attempts to block background checks, safety regulations, and the sharing of data with law enforcement &#8212; common-sense measures that would help prevent future tragedies. </p>
            <p>It&#8217;s almost as though the NRA is determined to ensure that more violent attacks will follow. And make no mistake: More will. As long as members of Congress continue to accept the gun lobby&#8217;s contributions and endorsements, and as long as voters continue to elect these officials, the NRA&#8217;s undue influence will not subside.</p>
            <p>Bill Morrison</p>
            <p>Brighton</p>
         </block>
      </body.content>
   </body>
</nitf>