<?xml version="1.0" encoding="utf-8"?>
<nitf xmlns:xs="http://www.w3.org/2001/XMLSchema" version="//IPTC/DTD NITF 3.2/EN">
   <head>
      <story.date>02-01-2013</story.date>
      <pubdata name="Globe" position.section="News" position.subsection="Metro"
               position.sequence="B,1,32"
               type="print"
               date.publication="20130201000000-05:00"
               ex-ref="http://www.bostonglobe.com/metro/2013/02/01/two-arrested-armed-robbery-and-stabbing-near-boston-university/o1KmbxvVJ78uIXYKQ7B05J/story.html"/>
      <title>01brookline</title>
      <docdata>
         <doc.id>018659d4-6bfa-11e2-baa1-9e8515cd26f3</doc.id>
         <doc.copyright holder="For The Boston Globe"/>
         <doc.rights owner="For The Boston Globe"/>
         <date.issue norm="20130201060841-05:00">2013-02-01T06:08:41</date.issue>
         <identified-content>
            <classifier type="tom">News</classifier>
            <classifier type="taxonomy">News/US/Massachusetts</classifier>
            <classifier type="contentdesk">Metro</classifier>
            <classifier type="subdesk"/>
            <location class="primary">Brookline, MA</location>
            <location class="latitudelongitude">(42.3317642,-71.1211635)</location>
         </identified-content>
      </docdata>
   </head>
   <body>
      <body.head>
         <hedline>
            <hl1>Two men are arrested in Brookline armed robbery</hl1>
            <hl2 hl2class="subhead">Brookline, Hub police unite forces</hl2>
            <hl2 hl2class="overline"/>
            <hl2 hl2class="label"/>
         </hedline>
         <byline>
            <person>By Brock Parker</person>
            <byttl>Globe Correspondent</byttl>
         </byline>
         <abstract>Brookline Police arrested two men Thursday on armed robbery charges after they allegedly used a credit card stolen from a Boston University researcher Tuesday to buy an MBTA Charlie Card.Police arrested Wallace Vick, 19, of Dorchester, and Shaqone Cazeau, 20, of Boston, at their apartments on charges of armed robbery while masked and armed robbery with the intent to murder. They are expected to be arraigned Friday in Brookline District Court, police said.</abstract>
      </body.head>
      <body.content>
         <block class="txt">
            <media mediaid="1">
               <media-reference>241023c6-6bfb-11e2-822d-5680187169b0.jpg</media-reference>
               <media-caption>Wallace Vick, 19, is a suspect in the holdup.</media-caption>
               <media-producer/>
               <media-metadata name="pageNumber" value=""/>
               <media-metadata name="wShape" value="72"/>
               <media-metadata name="hShape" value="95"/>
            </media>
            <media mediaid="2">
               <media-reference>2830a5ca-6bfb-11e2-822d-5680187169b0.jpg</media-reference>
               <media-caption>Shaqone Cazeau, 20, was also held. 
</media-caption>
               <media-producer/>
               <media-metadata name="pageNumber" value=""/>
               <media-metadata name="wShape" value="72"/>
               <media-metadata name="hShape" value="95"/>
            </media>
            <p>Brookline police arrested two men Thursday on armed robbery charges after they allegedly used a credit card stolen Tuesday from a Boston University researcher to buy an MBTA Charlie Card.</p>
            <p>Police arrested Wallace Vick, 19, of Dorchester, and Shaqone Cazeau, 20, of Boston, at their apartments on charges of armed robbery while masked and armed robbery with the intent to murder.</p>
            <p>The two men were being held at the Brookline Police Station Thursday night. They are expected to be arraigned Friday in Brookline District Court, police said.</p>
            <p>&#8220;It was the type of crime that really upset the neighborhood,&#8217;&#8217; Police Chief Daniel O&#8217;Leary said at a press conference Thursday night at Brookline Police Station. &#8220;So we were very pleased to be able to have these two arrests and get the two people that are &#173;responsible.&#8217;&#8217;</p>
            <p>Describing the quick investigation, O&#8217;Leary said investigators used video footage from private properties in Brookline to see which direction the robbers fled Tuesday after the holdup at &#173;Pleasant and Browne streets. &#173;MBTA Transit Police assisted with footage of two men using the stolen credit card at the &#173;Jackson Square MBTA Station.</p>
            <p>The robbery was the latest in a series of holdups of Boston University students since the beginning of the school year. Other suspects were arrested in the earlier incidents.</p>
            <p>In Tuesday&#8217;s robbery, a 38-year-old postdoctoral fellow from BU was thrown to the ground, stabbed, and punched, police said. The victim told police that he was grabbed from behind. He was taken to the hospital and is now recovering at home, police said Thursday.</p>
            <p>A laptop, cellphone, and &#173;iPad were stolen, police said. O&#8217;Leary said Thursday night that police were in the process of executing search warrants at Vick and Cazeau&#8217;s apartments in an effort to recover evidence from the robbery. He said &#173;police have already recovered the Charlie Cards purchased with the stolen credit card.</p>
            <p>O&#8217;Leary said that once detectives obtained images of the two men at the Jackson Square MBTA station, they sent out the photo to law enforcement agencies. Boston police, Boston school police, and probation officers helped identify Vick and Cazeau.</p>
            <p>O&#8217;Leary said the two men are not suspected of any other robberies in Brookline.</p>
            <p>Last week, Brookline police arrested Evan Holmes, 29,&#160;and issued an arrest warrant for &#173;Tyler James Mauritson, 29, of Quincy, on charges of armed robbery in connection with the Jan. 19&#160;holdup of three BU students&#160;at the intersection of Saint Paul and Freeman streets.</p>
            <p>After this week&#8217;s robbery, Boston University and local &#173;police departments announced plans to step up patrols.</p>
            <p>Robert A. Brown, the university&#8217;s president, said patrols had been significantly bolstered after robberies in the fall and earlier this winter.</p>
            <p>Meanwhile, about 4 miles away, Boston College police said they would step up patrols after receiving reports of two armed robberies during the past week, one at the intersection of Reservoir Avenue and Lee Road in Newton, the other on Lake Street in Brighton.</p>
            <p>
               <em class="i">Brock Parker can be reached at brock.globe@gmail.com.</em>
            </p>
         </block>
      </body.content>
   </body>
</nitf>