<?xml version="1.0" encoding="utf-8"?>
<nitf xmlns:xs="http://www.w3.org/2001/XMLSchema" version="//IPTC/DTD NITF 3.2/EN">
   <head>
      <story.date>02-01-2013</story.date>
      <pubdata name="Globe" position.section="Business" position.subsection=" "
               position.sequence=",,62"
               type="print"
               date.publication="20130201000000-05:00"
               ex-ref="http://www.bostonglobe.com/business/2013/02/01/sues-block-merger-anheuser-busch-inbev-maker-corona/YD1qlBBQqXxAX30CvixK5L/story.html"/>
      <title>01constellation</title>
      <docdata>
         <doc.id>b683c64e-6bed-11e2-baa1-9e8515cd26f3</doc.id>
         <doc.copyright holder="Associated Press"/>
         <doc.rights owner="Associated Press"/>
         <date.issue norm="20130131235422-05:00">2013-01-31T23:54:22</date.issue>
         <identified-content>
            <classifier type="tom">News</classifier>
            <classifier type="taxonomy">Business/Retail</classifier>
            <classifier type="contentdesk">Business</classifier>
            <classifier type="subdesk"/>
            <location class="primary">St. Louis, MO</location>
            <location class="latitudelongitude">(38.6270025,-90.1994042)</location>
         </identified-content>
      </docdata>
   </head>
   <body>
      <body.head>
         <hedline>
            <hl1>US sues to block brewery takeover</hl1>
            <hl2 hl2class="subhead">Modelo deal may have led to unfair pricing, it says</hl2>
            <hl2 hl2class="overline"/>
            <hl2 hl2class="label"/>
         </hedline>
         <byline>
            <person>By Pete Yost</person>
            <byttl>Associated Press</byttl>
         </byline>
         <abstract>The Justice Department sued Thursday to block Anheuser-Busch InBev&#8217;s proposed $20.1 billion deal to buy control of Grupo Modelo of Mexico, arguing that the merger would significantly reduce competition in the US beer market. The deal, announced last summer, would add Corona Extra to the company&#8217;s formidable stable of brands, including Budweiser and Stella Artois.</abstract>
      </body.head>
      <body.content>
         <block class="txt">
            <media mediaid="1">
               <media-reference>bc3db8d0-6bf5-11e2-b0fe-25b534362601.jpg</media-reference>
               <media-caption>Anheuser-Busch InBev&#8217;s Bud Light is the best-selling beer in the United states, and Grupo Modelo&#8217;s Corona Extra is the best-selling import.  </media-caption>
               <media-producer>Joe Raedle/Getty Images</media-producer>
               <media-metadata name="pageNumber" value=""/>
               <media-metadata name="wShape" value="385.8"/>
               <media-metadata name="hShape" value="315"/>
            </media>
            <p>WASHINGTON &#8212; The Justice Department filed a lawsuit Thursday to stop Anheuser-Busch InBev&#8217;s proposed $20.1 billion purchase of Mexican brewer Grupo Modelo, which would unite the ownership of popular beers like Budweiser and Corona.</p>
            <p>The government said the deal could lead to higher beer prices in this country because it would substantially reduce competition in the US beer market, particularly in 26 metropolitan areas. It said the merged firm would control nearly half the beer sales in the United States.</p>
            <p>In response, Anheuser-Busch InBev promised a court fight to preserve its deal.</p>
            <p>Americans spent at least $80 billion on beer last year. ABI&#8217;s Bud Light is the best-selling beer in the nation, and Modelo&#8217;s Corona Extra is the best-selling import.</p>
            <p>The Justice Department&#8217;s lawsuit in federal court in Washington seeks to prevent the merger and to continue competition between the firms.</p>
            <p>Bill Baer, the assistant attorney general in charge of the department&#8217;s antitrust division, says Anheuser-Busch InBev, also referred to as ABI, would be able to increase beer prices to US consumers if the merger were to go through.</p>
            <p>ABI is the largest US brewer and Modelo is the third; together, the two firms control about 46 percent of annual sales in the United States.</p>
            <p>MillerCoors, the second-largest beer company, accounts for 29 percent of nationwide sales.</p>
            <p>&#8216;&#8216;What we saw was a pattern of behavior&#8217;&#8217; in which the &#8216;&#8216;big folks were working hard to get price increases and Modelo was a significant constraint&#8217;&#8217; on that behavior, Baer said in an interview with reporters.</p>
            <p>Baer said that in the run-up to Thursday&#8217;s action, the two sides engaged in &#8216;&#8216;frank and candid discussions&#8217;&#8217; but &#8216;&#8216;at the end of the day, we were just too far apart.&#8217;&#8217;</p>
            <p>ABI said the government&#8217;s bid to block the proposed merger is inconsistent with the law, the facts and &#8216;&#8216;the reality of the market place.&#8217;&#8217;</p>
            <p>&#8216;&#8216;We remain confident in our position, and we intend to vigorously contest the DOJ&#8217;s action in federal court,&#8217;&#8217; ABI said.</p>
            <p>According to court papers filed in the case, Anheuser-Busch InBev acts as the industry price leader, with Miller&#173;Coors and other brewers typically joining the price increases set by ABI. Modelo, in contrast, has not joined.</p>
            <p>By pricing aggressively, Modelo &#8212; through its importer, Crown Imports &#8212; puts pressure on ABI to maintain or lower prices.</p>
            <p>&#8216;&#8216;Today, Modelo aggressively competes head to head with ABI in the United States,&#8217;&#8217; and &#8216;&#8216;that competition has resulted in lower prices and product innovations that have benefited consumers across the country,&#8217;&#8217; the Justice Department court filing said. &#8216;&#8216;The proposed acquisition would eliminate this competition by further concentrating the beer industry, enhancing ABI&#8217;s market power, and facilitating coordinated pricing between ABI and the next largest brewer, MillerCoors LLC.&#8217;&#8217;</p>
            <p>The government lawsuit harms the chances of Constellation Brands&#8217; related $1.85 billion deal that would land it greater US control of Corona and other beers. Constellation was to buy the remaining half of a joint venture with Grupo Modelo, Crown Imports LLC, that has allowed Constellation to import, market, and sell Modelo beers in the United States for nearly 20 years.</p>
            <p>The deal with Constellation was intended to alleviate antitrust concerns. But the Justice Department said that it wasn&#8217;t enough to protect US beer buyers. Constellation had said its deal would have made it the third-biggest total beverage alcohol company in the United States.</p>
            <p>After the Justice announcement, shares of Anheuser-Busch InBev fell more than 5 percent while Constellation Brands Inc. shares lost 20 percent.</p>
            <p>US-based Anheuser-Busch was purchased by Belgium-based InBev in 2008. 
</p>
         </block>
      </body.content>
   </body>
</nitf>