<?xml version="1.0" encoding="utf-8"?>
<nitf xmlns:xs="http://www.w3.org/2001/XMLSchema" version="//IPTC/DTD NITF 3.2/EN">
   <head>
      <story.date>02-01-2013</story.date>
      <pubdata name="Globe" position.section="Living Arts" position.subsection=" "
               position.sequence="G,19,12"
               type="print"
               date.publication="20130201000000-05:00"
               ex-ref="http://www.bostonglobe.com/arts/2013/01/31/house-cards-with-kevin-spacey-netflix-ascending/gJ2uNKIVfsnWlVZX15hTCI/story.html"/>
      <title>01cards(1)</title>
      <docdata>
         <doc.id>57120eca-6b2d-11e2-b0fe-25b534362601</doc.id>
         <doc.copyright holder="The Boston Globe"/>
         <doc.rights owner="The Boston Globe"/>
         <date.issue norm="20130130210204-05:00">2013-01-30T21:02:04</date.issue>
         <identified-content>
            <classifier type="tom">News</classifier>
            <classifier type="taxonomy">AE/TV and radio</classifier>
            <classifier type="contentdesk">Arts</classifier>
            <classifier type="subdesk">TV</classifier>
            <location class="primary">Boston, MA</location>
            <location class="latitudelongitude">(42.3584308,-71.0597732)</location>
         </identified-content>
      </docdata>
   </head>
   <body>
      <body.head>
         <hedline>
            <hl1>Netflix deals a winner with &#8216;House of Cards&#8217;</hl1>
            <hl2 hl2class="subhead"/>
            <hl2 hl2class="overline">Television Review</hl2>
            <hl2 hl2class="label"/>
         </hedline>
         <byline>
            <person>By Matthew Gilbert</person>
            <byttl>Globe Staff</byttl>
         </byline>
         <abstract>Listening to Kevin Spacey in &#8220;House of Cards,&#8217;&#8217; you feel as though you&#8217;re hearing the devil himself, in his most seductive and shrewd incarnation. As a vengeful congressman, Spacey is brilliant in this promising political drama, which is Netflix&#8217;s most impressive effort yet to become a serious content provider.</abstract>
      </body.head>
      <body.content>
         <block class="txt">
            <media mediaid="1">
               <media-reference>bde52e3a-6b3b-11e2-bf18-4fb9427cef87.jpg</media-reference>
               <media-caption>From left: Kevin Spacey, Robin Wright, and Michael Kelly in a scene from &#8220;House of Cards.&#8217;&#8217;</media-caption>
               <media-producer>Patrick Harbron/Netflix </media-producer>
               <media-metadata name="pageNumber" value="19"/>
               <media-metadata name="wShape" value="548.8"/>
               <media-metadata name="hShape" value="336"/>
            </media>
            <p>Television Review</p>
            <p>
               <em class="b">HOUSE OF CARDS</em>
            </p>
            <p>Starring: Kevin Spacey, Robin Wright, Kate Mara, Corey Stoll, Sakina Jaffrey, Michael Kelly</p>
            <p>On: Netflix</p>
            <p>Episodes available today</p>
            <p>Listening to Kevin Spacey in &#8220;House of Cards,&#8217;&#8217; you feel as though you&#8217;re hearing the devil himself, in his most seductive and shrewd incarnation. His words have a pretty Southern curl, and he is as graceful as a poet with every syllable he speaks. But his not-pretty message is: Hurt me and I will destroy you. Somehow, his pleasing cadence makes even his character&#8217;s mercy killing of an injured dog &#8212; which he does by hand &#8212; seem a little less brutal.</p>
            <p>Spacey, as vengeful congressman Francis Underwood of South Carolina, is one of the many pleasures of this promising remake of the 1990 BBC series based on Michael Dobbs&#8217;s novels. He delivers a commanding performance as an elegant man who doesn&#8217;t take betrayal lying down and who plays members of the House like a scrappy con artist. When the president-elect, whom Underwood backed, reneges on his promise to make Underwood the secretary of state, Underwood begins to orchestrate a quiet, crafty retaliation. You sympathize with him, but you fear him, too. Hell hath no fury like a US congressman scorned.</p>
            <p>It&#8217;s a perfect moment for this kind of political drama. &#8220;House of Cards&#8217;&#8217; fits right in alongside &#8220;Lincoln,&#8217;&#8217; &#8220;Game Change,&#8217;&#8217; &#8220;Veep,&#8217;&#8217; and the recently canceled &#8220;Boss&#8217;&#8217; as a portrayal of the hidden manipulations, deals, and compromises of law-making. They are all stories that, unlike &#8220;The West Wing,&#8217;&#8217; don&#8217;t quite romanticize what goes on behind the scenes in our government. And all of these shows fit alongside reality, which has given us too many examples of House brinkmanship in recent wranglings over the likes of the fiscal cliff. Underwood, who&#8217;s the majority whip in &#8220;House of Cards,&#8217;&#8217; is planning to do to the president-elect what we&#8217;ve seen President Obama&#8217;s foes do to him &#8212; deplete his leverage. Underwood&#8217;s plan is to undermine the guy the president-elect is backing for secretary of state. </p>
            <p>By the way, &#8220;House of Cards&#8217;&#8217; is available only through Netflix, and it represents the streaming and DVD rental service&#8217;s most impressive effort yet to become a serious content provider. The series, whose entire first 13-episode season is available on Friday, is a quality effort on all levels: It&#8217;s beautifully filmed in and around Washington, D.C., it&#8217;s well-acted, and it&#8217;s cleverly written by Beau Willimon. Not least of all, the first two episodes were expertly directed by David Fincher, the man behind &#8220;The Social Network&#8217;&#8217; and &#8220;The Girl With the Dragon Tattoo.&#8217;&#8217; The whole package comes off as a clear move to put Netflix&#8217;s original programming in the same category as that of HBO, FX, AMC, and Showtime. If &#8220;House of Cards&#8217;&#8217; catches on, Netflix will have made a good start in that direction.</p>
            <p>One of the distinctions of &#8220;House of Cards&#8217;&#8217; is that Underwood&#8217;s marriage to Claire, who is played with icy mystery by Robin Wright, is strong. They are a loyal team, rather than another one of TV&#8217;s sham marriages in D.C. She is as calculating as he is, which we learn in a subplot that finds her bullying her way into power at a charity organization. When Underwood is down and out about losing the secretary of state job, Claire inspires him to rise up and conquer. &#8220;I love that woman,&#8217;&#8217; Underwood says, &#8220;I love her more than sharks love blood.&#8217;&#8217; They are made for each other.</p>
            <p>Underwood&#8217;s scheme, which he invents during a dark night of the soul, includes a media component. He forms a useful connection with an ambitious young reporter at the fictional Washington Herald named Zoe Barnes (Kate Mara), through whom he can leak material that will help his cause. Mara brings an unexpected naivete to her role, and she&#8217;s a welcome break in the cast of terminally jaded characters. That would be the flaw in &#8220;House of Cards&#8217;&#8217;: There aren&#8217;t many characters to like. They are fascinating, but chilly. Other figures on Underwood&#8217;s chessboard include an alcoholic, womanizing congressman (Corey Stoll), his own chief of staff (Michael Kelly), and the president&#8217;s chief of staff (Sakina Jaffrey).</p>
            <p>The show, though, is really all about Spacey, who manages to make one of the most difficult of theatrical tricks work well. Occasionally, the script has Underwood break the fourth wall to talk directly to us, turning away from the action to share his philosophies and opinions. Spacey uses the technique to drive home Underwood&#8217;s imposing confidence and his wry, deadpan humor. He makes it seem as though Underwood is the kind of man who likes the sound of his own voice, who always imagines himself as the star of his own movie.</p>
            <p>
               <em class="i">Matthew Gilbert can be reached at gilbert@globe.com. Follow him on Twitter @Matthew Gilbert.</em>
            </p>
         </block>
      </body.content>
   </body>
</nitf>