<?xml version="1.0" encoding="utf-8"?>
<nitf xmlns:xs="http://www.w3.org/2001/XMLSchema" version="//IPTC/DTD NITF 3.2/EN">
   <head>
      <story.date>02-01-2013</story.date>
      <pubdata name="Globe" position.section="Sports" position.subsection=" "
               position.sequence="C,7,999"
               type="print"
               date.publication="20130201000000-05:00"
               ex-ref=""/>
      <title>01balros</title>
      <docdata>
         <doc.id>6308be5e-6bfa-11e2-b0fe-25b534362601</doc.id>
         <doc.copyright holder=" "/>
         <doc.rights owner=" "/>
         <date.issue norm="20130201005249-05:00">2013-02-01T00:52:49</date.issue>
         <identified-content>
            <classifier type="tom">News</classifier>
            <classifier type="contentdesk">Sports</classifier>
            <classifier type="subdesk"/>
            <location class="primary">Boston, MA</location>
            <location class="latitudelongitude">(42.339904,-71.0898892)</location>
         </identified-content>
      </docdata>
   </head>
   <body>
      <body.head>
         <hedline>
            <hl1>Baltimore Ravens roster</hl1>
            <hl2 hl2class="subhead"/>
            <hl2 hl2class="overline"/>
            <hl2 hl2class="label"/>
         </hedline>
         <byline>
            <person/>
            <byttl/>
         </byline>
         <abstract>This is sports agate content</abstract>
      </body.head>
      <body.content>
         <block class="txt">
            <p>BALTIMORE ROSTER</p>
            <p>Coach: John Harbaugh</p>
            <p/>
            <p>
               <em class="b">No.</em> 
               <em class="b">Pos.</em> 
               <em class="b">Ht.</em> 
               <em class="b">Wt.</em> 
            </p>
            <p>&#8199;2. Tyrod Taylor QB 6-1 215 </p>
            <p>&#8199;4. Sam Koch P 6-1 218 </p>
            <p>&#8199;5. Joe Flacco QB 6-6 245 </p>
            <p>&#8199;9. Justin Tucker K 6-0 180 </p>
            <p>12. Jacoby Jones WR 6-2 220 </p>
            <p>16. David Reed WR 6-0 190 </p>
            <p>17. Tandon Doss WR 6-2 207 </p>
            <p>20. Ed Reed S 5-11 205 </p>
            <p>22. Jimmy Smith CB 6-2 205 </p>
            <p>23. Chykie Brown CB 5-11 190 </p>
            <p>24. Corey Graham CB 6-0 196 </p>
            <p>25. Asa Jackson CB 5-10 190 </p>
            <p>27. Ray Rice RB 5-8 212 </p>
            <p>29. Cary Williams CB 6-1 190 </p>
            <p>30. Bernard Pierce RB 6-0 218 </p>
            <p>31. Bernard Pollard S 6-1 225 </p>
            <p>32. James Ihedigbo S 6-1 214 </p>
            <p>35. Anthony Allen RB 6-1 223 </p>
            <p>37. Sean Considine S 6-0 212 </p>
            <p>38. Omar Brown S 5-11 195 </p>
            <p>39. Chris Johnson CB 6-1 200 </p>
            <p>44. Vonta Leach RB 6-0 260 </p>
            <p>46. Morgan Cox C 6-4 241 </p>
            <p>50. Albert McClellan LB 6-2 245 </p>
            <p>51. Brendon Ayanbadejo LB 6-1 225 </p>
            <p>52. Ray Lewis LB 6-1 240 </p>
            <p>54. Adrian Hamilton LB 6-3 251 </p>
            <p>55. Terrell Suggs LB 6-3 260 </p>
            <p>56. Josh Bynes LB 6-1 240 </p>
            <p>59. Dannell Ellerbe LB 6-1 240 </p>
            <p>62. Terrence Cody NT 6-4 341 </p>
            <p>63. Bobbie Williams G 6-4 345 </p>
            <p>66. Gino Gradkowski G 6-3 300 </p>
            <p>70. Ramon Harewood G 6-6 334 </p>
            <p>72. Kelechi Osemele G 6-5 335 </p>
            <p>73. Marshal Yanda G 6-3 315 </p>
            <p>74. Michael Oher T 6-4 315 </p>
            <p>77. Matt Birk C 6-4 310 </p>
            <p>78. Bryant McKinnie T 6-8 354 </p>
            <p>81. Anquan Boldin WR 6-1 220 </p>
            <p>82. Torrey Smith WR 6-0 205 </p>
            <p>83. Deonte Thompson WR 6-0 203 </p>
            <p>84. Ed Dickson TE 6-4 255 </p>
            <p>86. Billy Bajema TE 6-4 259 </p>
            <p>88. Dennis Pitta TE 6-4 245 </p>
            <p>90. Pernell McPhee DE 6-3 280 </p>
            <p>91. Courtney Upshaw LB 6-2 272 </p>
            <p>92. Haloti Ngata DT 6-4 340 </p>
            <p>93. DeAngelo Tyson DE 6-2 310 </p>
            <p>95. Bryan Hall DT 6-0 291 </p>
            <p>96. Ma&#8217;ake Kemoeatu NT 6-5 345 </p>
            <p>97. Arthur Jones DE 6-3 315 </p>
            <p>99. Paul Kruger LB 6-4 270 </p>
            <p/>
         </block>
      </body.content>
   </body>
</nitf>