<?xml version="1.0" encoding="utf-8"?>
<nitf xmlns:xs="http://www.w3.org/2001/XMLSchema" version="//IPTC/DTD NITF 3.2/EN">
   <head>
      <story.date>02-01-2013</story.date>
      <pubdata name="Globe" position.section="Living Arts" position.subsection=" "
               position.sequence="G,14,9"
               type="print"
               date.publication="20130201000000-05:00"
               ex-ref="http://www.bostonglobe.com/arts/movies/2013/01/31/movie-review-oscar-nominated-short-films-animated-and-live-action/gXXP3gTqtkGe4HqML5nd3N/story.html"/>
      <title>01oscarshorts</title>
      <docdata>
         <doc.id>fb8f92c2-6b11-11e2-b0fe-25b534362601</doc.id>
         <doc.copyright holder="The Boston Globe"/>
         <doc.rights owner="The Boston Globe"/>
         <date.issue norm="20130131133536-05:00">2013-01-31T13:35:36</date.issue>
         <identified-content>
            <classifier type="tom">News</classifier>
            <classifier type="taxonomy">AE/Movies;AE/Movies/Oscars;AE/Movies</classifier>
            <classifier type="contentdesk">Arts</classifier>
            <classifier type="subdesk">Movies</classifier>
            <location class="primary">Boston, MA</location>
            <location class="latitudelongitude">(42.3584308,-71.0597732)</location>
         </identified-content>
      </docdata>
   </head>
   <body>
      <body.head>
         <hedline>
            <hl1>Animated, action shorts feature a wide variety</hl1>
            <hl2 hl2class="subhead"/>
            <hl2 hl2class="overline">Movie Review</hl2>
            <hl2 hl2class="label"/>
         </hedline>
         <byline>
            <person>By Ty Burr</person>
            <byttl>Globe Staff</byttl>
         </byline>
         <abstract>*** The Oscar Nominated Short Films 2013: Animated and Live Action As advertised, the 10 films vying for Academy Awards in the animated and live-action shorts categories. While there are few knockouts, it&#8217;s an impressive group, with &#8220;Paperman&#8217;&#8217; the most charming of the animated shorts and &#8220;Henry&#8217;&#8217; the most affecting of the live-action. (animated, 40 min.; live action, 96 min., unrated) (Ty Burr)</abstract>
      </body.head>
      <body.content>
         <block class="txt">
            <media mediaid="1">
               <media-reference>30585b96-673a-11e2-8ba5-406ecaa0f04a.jpg</media-reference>
               <media-caption>Among the Oscar-nominated animated shorts are &#8220;Paperman&#8217;&#8217; (top left), &#8220;Head Over Heels&#8217;&#8217; (top right), and &#8220;Adam and Dog&#8217;&#8217; (above). The nominated live-action shorts include &#8220;Death of a Shadow&#8217;&#8217; (below left) and &#8220;Henry.&#8217;&#8217;</media-caption>
               <media-producer>kho (top left); B. CALMEAU (below right)</media-producer>
               <media-metadata name="pageNumber" value="14"/>
               <media-metadata name="wShape" value="250.88 638.88"/>
               <media-metadata name="hShape" value="136.5 346.5"/>
            </media>
            <media mediaid="2">
               <media-reference>245cab76-673a-11e2-8ba5-406ecaa0f04a.jpg</media-reference>
               <media-caption/>
               <media-producer/>
               <media-metadata name="pageNumber" value="14"/>
               <media-metadata name="wShape" value="250.88"/>
               <media-metadata name="hShape" value="136.5"/>
            </media>
            <media mediaid="3">
               <media-reference>1c5a52c0-673a-11e2-8ba5-406ecaa0f04a.jpg</media-reference>
               <media-caption/>
               <media-producer/>
               <media-metadata name="pageNumber" value="14"/>
               <media-metadata name="wShape" value="513.75"/>
               <media-metadata name="hShape" value="189"/>
            </media>
            <media mediaid="4">
               <media-reference>21116042-673a-11e2-8ba5-406ecaa0f04a.jpg</media-reference>
               <media-caption/>
               <media-producer/>
               <media-metadata name="pageNumber" value="14"/>
               <media-metadata name="wShape" value="163.25"/>
               <media-metadata name="hShape" value="126"/>
            </media>
            <media mediaid="5">
               <media-reference>2e46d116-673a-11e2-8ba5-406ecaa0f04a.jpg</media-reference>
               <media-caption/>
               <media-producer/>
               <media-metadata name="pageNumber" value="14"/>
               <media-metadata name="wShape" value="163.25"/>
               <media-metadata name="hShape" value="126"/>
            </media>
            <p>Movie Review</p>
            <p>&#x2605;&#x2605;&#x2605;</p>
            <p>
               <em class="b">: </em>
            </p>
            <p>
               <em class="b"/>
               <em class="b"/>
            </p>
            <p>At: </p>
            <p>Running time: </p>
            <p>.</p>
            <p/>
            <p>The recent practice of theatrically releasing short films nominated for Academy Awards has a number of salutary benefits. It gives you a leg up in the office Oscar pool, for one thing, which is probably why most people will head over to the Kendall Square for the double slate of live-action and animated nominees debuting today. (The films get additional screenings beginning Feb. 17 at the ICA.) Just as important, in a world in which great short films spill out from every corner of the Internet, these programs provide a window into what Academy members think are the best.</p>
            <p>While there are few genuine knockouts, the 2013 crop is an improvement over last year. The animated short film category features a reasonably wide spread of techniques, attitudes, and sources. There&#8217;s a mini-&#8220;Simpsons&#8217;&#8217; episode, the agreeable 5-minute quickie &#8220;The Longest Daycare,&#8217;&#8217; in which baby Maggie endures the terrors of the Ayn Rand School for Tots. Even more hit-and-run is &#8220;Fresh Guacamole,&#8217;&#8217; from the anarchic animator PES (real name Adam Pesapane), whose 2001 debut, &#8220;Roof Sex,&#8217;&#8217; remains the only porn film for chairs. &#8220;Guacamole&#8217;&#8217; envisions avocados made of grenades, tomatoes that get diced into actual dice &#8212; an entire microcosm of transfiguration in two minutes.</p>
            <p>Minkyu Lee works in Visual Development for Disney, but there&#8217;s nothing Mickey Mouse about his &#8220;Adam and Dog,&#8217;&#8217; a gently stunning work of visual poetry about the first mutt in the Garden of Eden and the eternal bond between man and dog. More overtly ambitious is &#8220;Head Over Heels,&#8217;&#8217; a haunting handcrafted work of stop-motion from England&#8217;s Timothy Reckart, about a married couple grown so far apart that they live upside down from each other in the same house.</p>
            <p>&#8220;Head Over Heels&#8217;&#8217; is impressive, but my heart goes to &#8220;Paperman,&#8217;&#8217; a mainstream but blissfully inventive Disney short (with a touch of Pixar magic) about a young couple who meet on a subway platform and try to reconnect via a squadron of paper airplanes from one office tower to another. It&#8217;s the definition of short and sweet.</p>
            <p>The live-action category gets off to a somewhat shaky start with two shorts that are superficially identical. Both Bryan Buckley&#8217;s &#8220;Asad&#8217;&#8217; and Sam French&#8217;s &#8220;Buzkashi Boys&#8217;&#8217; are about friendships between two young boys in far corners of the world. &#8220;Boys,&#8217;&#8217; set in the streets and shops of Kabul, has the bigger budget and the more humanist message, but it&#8217;s slick and sentimental next to the scruffy pleasures of &#8220;Asad,&#8217;&#8217; which features a real sense of community and a delightful lead performance from Harun Mohammed as a Somali kid navigating a treacherous world.</p>
            <p>&#8220;Death of a Shadow&#8217;&#8217; is an arresting work of fantasy from Dutch filmmaker Tom van Avermaet that concerns a WWI soldier (Matthias Schoenaerts, of &#8220;Rust and Bone&#8217;&#8217;) trapped in an afterlife where he&#8217;s forced to capture dead souls for an eerie collector (Peter van Den Eede). There are aspects of steampunk and &#8220;The Twilight Zone&#8217;&#8217; here, and Guillermo del Toro is an obvious influence, but &#8220;Death&#8217;&#8217; works quite nicely on its own.</p>
            <p>Perhaps the most interesting of the live-action shorts is &#8220;Curfew,&#8217;&#8217; set in the seedier neighborhoods of New York. Writer-director Shawn Christensen also stars as a recovering addict forced to baby-sit his 9-year-old niece (Fatima Ptacek), a jaded little sophisticate who turns out to be a normal kid underneath the beret. As the film whipsaws between black comedy, near-tragedy, and mawkishness, you wonder if Christensen is going to be able to hold it all together. He does &#8212; just barely.</p>
            <p>&#8220;Henry,&#8217;&#8217; a French-language Canadian short from writer-director Yan England, is more straightforward than &#8220;Curfew,&#8217;&#8217; but it&#8217;s a heart-wrencher all the same. Told from the point of view of the title character (G&#233;rard Poirier), an elderly man trying to navigate through a fog of Alzheimer&#8217;s, the film slips deftly, sometimes harrowingly, from present to past and back again. This is clearly a personal project, complete with an epigraph from the director&#8217;s father about the indignity of losing one&#8217;s memories, and it&#8217;s tremendously affecting. In a year in which the struggles of old age have been onscreen as never before, don&#8217;t be surprised if &#8220;Henry&#8217;&#8217; takes the gold.</p>
            <p>
               <em class="i">Ty Burr can be reached at tburr@globe .com. Follow him on Twitter @tyburr.</em>
            </p>
         </block>
      </body.content>
   </body>
</nitf>