<?xml version="1.0" encoding="utf-8"?>
<nitf xmlns:xs="http://www.w3.org/2001/XMLSchema" version="//IPTC/DTD NITF 3.2/EN">
   <head>
      <story.date>02-01-2013</story.date>
      <pubdata name="Globe" position.section="Business" position.subsection=" "
               position.sequence="B,8,92"
               type="print"
               date.publication="20130201000000-05:00"
               ex-ref="http://www.bostonglobe.com/business/2013/02/01/pitney-bowes-posts-lower-net-income-but-stock-surges/0fC5DfGgDgrw2SOpDEGn1K/story.html"/>
      <title>01natmover</title>
      <docdata>
         <doc.id>51d18990-6be1-11e2-b0fe-25b534362601</doc.id>
         <doc.copyright holder=" "/>
         <doc.rights owner=" "/>
         <date.issue norm="20130131225008-05:00">2013-01-31T22:50:08</date.issue>
         <identified-content>
            <classifier type="tom">News</classifier>
            <classifier type="taxonomy">Business/Markets</classifier>
            <classifier type="contentdesk">Business</classifier>
            <classifier type="subdesk"/>
            <location class="primary">Stamford, CT</location>
            <location class="latitudelongitude">(41.0534302,-73.5387341)</location>
         </identified-content>
      </docdata>
   </head>
   <body>
      <body.head>
         <hedline>
            <hl1>Pitney Bowes surges despite profit drop</hl1>
            <hl2 hl2class="subhead"/>
            <hl2 hl2class="overline"/>
            <hl2 hl2class="label"/>
         </hedline>
         <byline>
            <person/>
            <byttl/>
         </byline>
         <abstract>Pitney Bowes Inc. posted sharply lower net income but adjusted earnings beat Wall Street estimates, and the stock surged. The company earned $110.3 million, or 55 cents per share, for the last three months of 2012, down 57 percent from $257.5 million, or $1.28 per share, a year earlier &#8212; results that included a big tax gain. Adjusted earnings were 56 cents per share; analysts expected 51 cents. </abstract>
      </body.head>
      <body.content>
         <block class="txt">
            <media mediaid="1">
               <media-reference>b83fd48a-6be5-11e2-b0fe-25b534362601.jpg</media-reference>
               <media-caption>Pitney Bowes, known for postage meters, also provides shipping and weighing systems, software, online postage services, and document management services.</media-caption>
               <media-producer>Scott Olson/Getty Images/File 2012</media-producer>
               <media-metadata name="pageNumber" value="8"/>
               <media-metadata name="wShape" value="129.5"/>
               <media-metadata name="hShape" value="136.5"/>
            </media>
            <p>Pitney Bowes Inc. posted sharply lower net income but adjusted earnings beat Wall Street estimates, and the stock surged. The company earned $110.3 million, or 55 cents per share, for the last three months of 2012, down 57 percent from $257.5 million, or $1.28 per share, a year earlier &#8212; results that included a big tax gain. Adjusted earnings were 56 cents per share; analysts expected 51 cents.</p>
         </block>
      </body.content>
   </body>
</nitf>