<?xml version="1.0" encoding="utf-8"?>
<nitf xmlns:xs="http://www.w3.org/2001/XMLSchema" version="//IPTC/DTD NITF 3.2/EN">
   <head>
      <story.date>02-01-2013</story.date>
      <pubdata name="Globe" position.section="Sports" position.subsection=" "
               position.sequence="C,2,999"
               type="print"
               date.publication="20130201000000-05:00"
               ex-ref=""/>
      <title>01fansguide</title>
      <docdata>
         <doc.id>748e44ce-6bf4-11e2-baa1-9e8515cd26f3</doc.id>
         <doc.copyright holder=" "/>
         <doc.rights owner=" "/>
         <date.issue norm="20130201004219-05:00">2013-02-01T00:42:19</date.issue>
         <identified-content>
            <classifier type="tom">News</classifier>
            <classifier type="contentdesk">Sports</classifier>
            <classifier type="subdesk"/>
         </identified-content>
      </docdata>
   </head>
   <body>
      <body.head>
         <hedline>
            <hl1>Fan&#8217;s Guide</hl1>
            <hl2 hl2class="subhead"/>
            <hl2 hl2class="overline"/>
            <hl2 hl2class="label"/>
         </hedline>
         <byline>
            <person/>
            <byttl/>
         </byline>
         <abstract>A daily listing of sports on television and radio</abstract>
      </body.head>
      <body.content>
         <block class="txt">
            <p>Next game</p>
            <p/>
            <p>
               <em class="b">FRIDAY, 7:30 P.M.</em> 
               <em class="b">vs. Orlando</em> CSN, WEEI (93.7) <em class="b">SATURDAY, 7 P.M.</em> 
               <em class="b">at Toronto</em> NESN, WBZ-FM (98.5) </p>
            <p/>
            <p>Also on the air</p>
            <p/>
            <p>
               <em class="b">COLLEGE BASKETBALL</em> TIME TV RADIO </p>
            <p>Yale at Harvard 7 p.m.  95.3 </p>
            <p>Manhattan at Siena 7 p.m. ESPNU  </p>
            <p>Youngstown State at Detroit 9 p.m. ESPNU  </p>
            <p>
               <em class="b">PRO BASKETBALL</em> 
            </p>
            <p>Miami at Indiana 7 p.m. ESPN  </p>
            <p>LA Lakers at Minnesota 9:30 p.m. ESPN  </p>
            <p>
               <em class="b">BOXING</em> 
            </p>
            <p>Junior middleweights: Molina vs. Spinks 9 p.m. ESPN2  </p>
            <p>
               <em class="b">GOLF</em> 
            </p>
            <p>European: Dubai Desert Classic 4 a.m. TGC  </p>
            <p>PGA: Phoenix Open 4 p.m. TGC  </p>
            <p>
               <em class="b">COLLEGE HOCKEY</em> 
            </p>
            <p>UMass-Lowell at Merrimack 7 p.m. NESN  </p>
            <p>Vermont at BC 7 p.m.  98.5 </p>
            <p>BU at UMass 7 p.m.  1510 </p>
            <p>Dartmouth at Union 7:30 p.m. NBCSN  </p>
            <p>
               <em class="b">PRO HOCKEY</em> 
            </p>
            <p>St. Louis at Detroit 7:30 p.m. NHL  </p>
            <p>
               <em class="b">TENNIS</em> 
            </p>
            <p>WTA-Paris 8 a.m. Tennis  </p>
            <p>Davis Cup: US vs. Brazil 2 p.m. Tennis  </p>
            <p/>
         </block>
      </body.content>
   </body>
</nitf>