<?xml version="1.0" encoding="utf-8"?>
<nitf xmlns:xs="http://www.w3.org/2001/XMLSchema" version="//IPTC/DTD NITF 3.2/EN">
   <head>
      <story.date>02-01-2013</story.date>
      <pubdata name="Globe" position.section="Sports" position.subsection=" "
               position.sequence="C,1,2"
               type="print"
               date.publication="20130201000000-05:00"
               ex-ref="http://www.bostonglobe.com/sports/2013/02/01/reflections-new-orleans-years-later/S87mriO5JWiUGSW9nAuTTJ/story.html"/>
      <title>01shaughnessy</title>
      <docdata>
         <doc.id>3ea19068-6bd7-11e2-b0fe-25b534362601</doc.id>
         <doc.copyright holder="The Boston Globe"/>
         <doc.rights owner="The Boston Globe"/>
         <date.issue norm="20130201070251-05:00">2013-02-01T07:02:51</date.issue>
         <identified-content>
            <classifier type="tom">News</classifier>
            <classifier type="taxonomy">Sports/Football/NFL</classifier>
            <classifier type="contentdesk">Sports</classifier>
            <classifier type="subdesk"/>
            <location class="primary">New Orleans, LA</location>
            <location class="latitudelongitude">(29.9510658,-90.0715323)</location>
         </identified-content>
      </docdata>
   </head>
   <body>
      <body.head>
         <hedline>
            <hl1>Winds of change in the air </hl1>
            <hl2 hl2class="subhead">Katrina on the mind during this visit</hl2>
            <hl2 hl2class="overline">Dan Shaughnessy</hl2>
            <hl2 hl2class="label"/>
         </hedline>
         <byline>
            <person>By Dan Shaughnessy</person>
            <byttl>Globe staff</byttl>
         </byline>
         <abstract>A Boston sports columnist reflects on being in New Orleans for the Super Bowl 11 years after the Patriots were here and won the first championship in franchise history. That was before Hurricane Katrina nearly washed New Orleans off the map. Now the Big Game is back in the Big Easy.</abstract>
      </body.head>
      <body.content>
         <block class="txt">
            <media mediaid="1">
               <media-reference>c1d11a3e-6c0a-11e2-a242-50e79c56738a.jpg</media-reference>
               <media-caption>The damage to the Superdome has been repaired, and a new name attached.</media-caption>
               <media-producer>charlie riedel/associated press</media-producer>
               <media-metadata name="pageNumber" value=""/>
               <media-metadata name="wShape" value="327"/>
               <media-metadata name="hShape" value="735"/>
            </media>
            <p>NEW ORLEANS &#8212; It&#8217;s weird to be back here.</p>
            <p>So many memories.</p>
            <p>Much has happened since the last time we were here, since the night Adam Vinatieri converted the clock-beating field goal to beat the St. Louis Rams.</p>
            <p>The Patriots won the Super Bowl at the Superdome in New Orleans on Feb. 3, 2002. It was in the first months after the 9/11 attacks and America was just getting back on its feet. </p>
            <p>There was tremendous security for Super Bowl XXXVI. Paul McCartney entertained before the game and he was the &#8220;B&#8217;&#8217; act. The big show at intermission was performed by U2, and the hair on your forearms stood up when when Bono sang &#8220;Where The Streets Have No Name&#8217;&#8217; while names of 9/11 victims unfurled on the stage behind him.</p>
            <p>The Patriots won. You probably remember Varitek splitting the uprights (right, Mr. Mayor?). It was the first time the Patriots ever won a Super Bowl, and it was the first time any Boston team won a championship since the 1986 Celtics beat the Houston Rockets (Houston, too close to New Orleans). </p>
            <p>The Patriots were prohibitive underdogs, and John Madden told the country that Tom Brady should take a knee before young Tom drove his team into field goal range for the winning score. The victory inspired our first Duck Boat parade and triggered the High Renaissance of Boston sports.</p>
            <p>We thought the Patriots were going to be back in the big game this year. It would have been great symmetry. All the story lines were in place: <em class="i">Eleven years to the day, Patriots return to rebuilt New Orleans for the first post-Katrina Super Bowl in the building that housed so many refugees when the storm struck in the summer of 2005.</em>
            </p>
            <p>It did not happen. Joe Flacco, Anquan Boldin, and Bernard Pollard got in the way. So now we have the Harbaugh Bowl. We have the final devil dance of Ray Lewis. We have Colin Kaepernick breaking fingers with his fastball passes.</p>
            <p>&#8220;This is another great opportunity to put New Orleans on the map after what happened,&#8217;&#8217; Kaepernick said Tuesday.</p>
            <p>With or without the Patriots, it&#8217;s eerie to be here for the first time since 2002. New Orleans is the site of the biblical storm that killed more than 1,800 people in August 2005. Hurricane Katrina exposed the worst engineering preparation in the history of our country. It almost wiped New Orleans off the map. </p>
            <p>Now we are back for a Super Bowl.</p>
            <p>Some of what was here is gone. Some places will never be back. There are still a lot of window frames plugged with plywood. Much of the Ninth Ward is gone, including the field where Marshall Faulk played high school football.</p>
            <p>Walking around downtown New Orleans, I see the Hyatt hotel, which was once connected to the Dome.</p>
            <p>It was my home for a week in 2002. Perhaps because of its windsail configuration, it was the downtown hotel hardest hit by Katrina. Beds flew out of the Hyatt on Aug. 29, 2005. It didn&#8217;t reopen until January 2011.</p>
            <p>As I walk toward the media center at the New Orleans Convention Center, I remember watching CNN and seeing a body covered by a sheet on this same sidewalk that today fronts the entrance to Radio Row.</p>
            <p>I walk into the Superdome (now the Mercedes-Benz Superdome), cross the end zone floor, and remember photographs of people on cots, and kids tossing a Nerf football in the middle of the suffering masses. I look toward the ceiling and wonder where the hole was &#8212; the hole that allowed a beam of sunlight to penetrate the darkness like a message from a higher power. </p>
            <p>More than 20,000 evacuees took refuge in the building that on Sunday night will house America&#8217;s sporting festival of gluttony.</p>
            <p>I walk through the lobby of my hotel on Poydras Street and remember that this is where the St. Louis Rams stayed before they were stunned by the Patriots in 2002. The Baltimore Ravens are in this same hotel this week. The 49ers are just a couple of blocks down Canal Street. Both Super Bowl teams are living in the middle of the party. The Giants did the same thing last year when they bunked a couple of blocks from the media center in downtown Indianapolis.</p>
            <p>Bill Belichick would never allow this today. The Patriots generally find housing at some industrial park or nuclear-test site miles from the site of their upcoming game. The notion of the Patriots sharing living space with reporters is preposterous.</p>
            <p>It was different 11 years ago. The Patriots stayed at the Fairmont Hotel on Baronne Street, just a Zoltan Mesko punt away from the French Quarter. The Fairmont closed for four years after Katrina, but reopened as the Roosevelt Hotel in 2009.</p>
            <p>Hotels in New Orleans are not like hotels in Boston. The guest services book in the Ravens/Shaughnessy hotel dedicates one full page to hurricane safety.</p>
            <p>Fortunately, this is not hurricane season, and I spend no time worrying about floods and high winds (though I do have an occasional nightmare in which I&#8217;m waiting for an elevator, the doors open, and I see a face-painted Ray Lewis standing inside).</p>
            <p>It&#8217;s nice to be back in New Orleans for the Super Bowl. All Super Bowls should be played here. But after everything that happened, the whole thing still feels a little weird.</p>
            <p>
               <em class="i">Dan Shaughnessy can be reached at dshaughnessy@globe.com.</em>
            </p>
         </block>
      </body.content>
   </body>
</nitf>