<?xml version="1.0" encoding="utf-8"?>
<nitf xmlns:xs="http://www.w3.org/2001/XMLSchema" version="//IPTC/DTD NITF 3.2/EN">
   <head>
      <story.date>02-01-2013</story.date>
      <pubdata name="Globe" position.section="Living Arts" position.subsection=" "
               position.sequence="B,14,143"
               type="print"
               date.publication="20130201000000-05:00"
               ex-ref="http://www.bostonglobe.com/lifestyle/names/2013/02/01/did-southie-rules-rule-ratings/uwmGtMFCcfGHLTVSXZuxgP/story.html"/>
      <title>01namesratings</title>
      <docdata>
         <doc.id>70446a58-6bcf-11e2-baa1-9e8515cd26f3</doc.id>
         <doc.copyright holder=" "/>
         <doc.rights owner=" "/>
         <date.issue norm="20130201003609-05:00">2013-02-01T00:36:09</date.issue>
         <identified-content>
            <classifier type="tom">News</classifier>
            <classifier type="taxonomy">AE/Celebrities</classifier>
            <classifier type="contentdesk">Lifestyle</classifier>
            <classifier type="subdesk"/>
            <location class="primary">Boston, MA</location>
            <location class="latitudelongitude">(42.3584308,-71.0597732)</location>
         </identified-content>
      </docdata>
   </head>
   <body>
      <body.head>
         <hedline>
            <hl1>Early numbers are in for &#8216;Southie Rules&#8217;</hl1>
            <hl2 hl2class="subhead"/>
            <hl2 hl2class="overline"/>
            <hl2 hl2class="label"/>
         </hedline>
         <byline>
            <person/>
            <byttl/>
         </byline>
         <abstract>The Nielsen ratings for &#8220;Southie Rules&#8217;&#8217; are in. TV by the Numbers, a website that follows television trends, reports that A&amp;E&#8217;s new, so-called reality show about South Boston was watched by 1.28 million people at 10 p.m., and by .82 million people during a second episode that aired at 10:30. For some context, &#8220;Storage Wars: Texas,&#8217;&#8217; the 9:30 p.m. lead-in for &#8220;Southie,&#8217;&#8217; was watched by 2.75 million. The 10 p.m. episode of &#8220;Hardcore Pawn&#8217;&#8217; ...</abstract>
      </body.head>
      <body.content>
         <block class="txt">
            <p>The Nielsen ratings for &#8220;Southie Rules&#8217;&#8217; are in. TV by the Numbers, a website that follows television trends, reports that A&amp;E&#8217;s new, so-called reality show about South Boston that premiered Tuesday was watched by 1.28 million people at 10 p.m., and by .82 million during a second episode that aired at 10:30. For context, &#8220;Storage Wars: Texas,&#8217;&#8217; the 9:30 p.m. lead-in for &#8220;Southie,&#8217;&#8217; was watched by 2.75 million. The 10 p.m. episode of &#8220;Hardcore Pawn&#8217;&#8217; on TruTV was watched by 1.54 million. No word on A&amp;E&#8217;s expectations for &#8220;Southie Rules.&#8217;&#8217; We have to wonder whether the numbers mean that people who viewed episode one didn&#8217;t stick around for No. 2. </p>
         </block>
      </body.content>
   </body>
</nitf>