<?xml version="1.0" encoding="utf-8"?>
<nitf xmlns:xs="http://www.w3.org/2001/XMLSchema" version="//IPTC/DTD NITF 3.2/EN">
   <head>
      <story.date>02-01-2013</story.date>
      <pubdata name="Globe" position.section="Living Arts" position.subsection=" "
               position.sequence="G,10,5"
               type="print"
               date.publication="20130201000000-05:00"
               ex-ref="http://www.bostonglobe.com/arts/2013/01/31/classical-notes-tenor-nicholas-phan-sing-britten/sLKVram126WSVLG5z7DHbI/story.html"/>
      <title>01clasno</title>
      <docdata>
         <doc.id>fd8f4fa2-6a32-11e2-bf18-4fb9427cef87</doc.id>
         <doc.copyright holder="For The Boston Globe"/>
         <doc.rights owner="For The Boston Globe"/>
         <date.issue norm="20130130211941-05:00">2013-01-30T21:19:41</date.issue>
         <identified-content>
            <classifier type="tom">News</classifier>
            <classifier type="taxonomy">AE/Music</classifier>
            <classifier type="contentdesk">Arts</classifier>
            <classifier type="subdesk">ClassicalMusic</classifier>
            <location class="primary">Boston, MA</location>
            <location class="latitudelongitude">(42.3584308,-71.0597732)</location>
         </identified-content>
      </docdata>
   </head>
   <body>
      <body.head>
         <hedline>
            <hl1>Nicholas Phan has found a muse in Britten</hl1>
            <hl2 hl2class="subhead"/>
            <hl2 hl2class="overline">Classical Notes</hl2>
            <hl2 hl2class="label"/>
         </hedline>
         <byline>
            <person>By David Weininger</person>
            <byttl>Globe Correspondent</byttl>
         </byline>
         <abstract>Singer Nicholas Phan has become one of the public&#8217;s most visible and talented advocates for Benjamin Britten&#8217;s vocal music, including dozens of concert performances and two superb all-Britten CDs. On Saturday he will join the Marsh Chapel Collegium at Boston University for two signature works for tenor and chamber orchestra: the Nocturne and the Serenade for Tenor, Horn, and Strings.</abstract>
      </body.head>
      <body.content>
         <block class="txt">
            <media mediaid="1">
               <media-reference>9682086c-6664-11e2-8168-3fe0aff0fa46.jpg</media-reference>
               <media-caption>Nicholas Phan, performing here with Musica Sacra at Carnegie Hall in New York in December, sings in Boston this weekend.</media-caption>
               <media-producer>HIROYUKI ITO FOR THE NEW YORK TIMES</media-producer>
               <media-metadata name="pageNumber" value="10"/>
               <media-metadata name="wShape" value="548.8"/>
               <media-metadata name="hShape" value="325.5"/>
            </media>
            <p>
               <em class="b">BENJAMIN BRITTEN: </em>
            </p>
            <p>
               <em class="b">100th Anniversary Festival </em>
            </p>
            <p>Marsh Chapel Collegium </p>
            <p>Scott Allen Jarrett, conductor </p>
            <p>Nicholas Phan, tenor</p>
            <p>At: Marsh Chapel, </p>
            <p>Boston University</p>
            <p>Saturday, Feb. 2, 8 p.m.</p>
            <p>Tickets: $10 (free with</p>
            <p> any student ID)</p>
            <p>www.bu.edu/chapel/music</p>
            <p>Nicholas Phan dates his serious engagement with Benjamin Britten&#8217;s music to a recital he gave seven or eight years ago. It took place at Truman State University in Kirksville, Mo., where a friend was on the faculty. She encouraged Phan, a tenor, to sing Britten&#8217;s &#8220;Winter Words,&#8217;&#8217; a song cycle on poems by Thomas Hardy.</p>
            <p>Phan was enthralled with the piece &#8212; a stark, powerful meditation on the threat to, and eventual loss of, innocence &#8212; but worried about how it would go over with the audience. So they &#8220;programmed around&#8217;&#8217; the Britten, surrounding it with lighter fare so that listeners would get what Phan, in a recent phone interview, called &#8220;their medicine with a spoonful of sugar.&#8217;&#8217;</p>
            <p>To his astonishment, after the recital virtually every audience member told him how beautiful and moving they&#8217;d found the Britten. It was all they could talk about. &#8220;I was really dumbfounded,&#8217;&#8217; Phan said. &#8220;As an audience member, it&#8217;s kind of hard sometimes to digest something that&#8217;s really challenging on a first listen. But obviously, whatever [Britten] was onto, he was able to really communicate to an audience.&#8217;&#8217;</p>
            <p>Since that recital, Phan, 34,  has become one of the public&#8217;s most visible and talented advocates for Britten&#8217;s vocal music, including dozens of concert performances and two superb all-Britten CDs. On Saturday he will join the Marsh Chapel Collegium at Boston University for two signature works for tenor and chamber orchestra: the Nocturne and the Serenade for Tenor, Horn, and Strings.</p>
            <p>The Kirksville experience taught Phan an important lesson about underestimating listeners&#8217; adventurousness, no matter where they are. &#8220;The thing I love about [Britten] is that he never underestimates the intelligence of his audience,&#8217;&#8217; Phan said. &#8220;He always assumes the best in people, and I think there&#8217;s a great optimism in his writing &#8212; that he&#8217;s so willing to trust his sophisticated style in terms of imparting something deeply emotional and moving. It kind of hits you in a very primal way, even though it&#8217;s intellectually and technically very well composed. It&#8217;s a beautiful balance.&#8217;&#8217;</p>
            <p>Much of Phan&#8217;s attention is devoted to Britten these days, as 2013 is the centenary of the composer&#8217;s birth. He began exploring Britten in college, fascinated not only by the music but also by the composer&#8217;s longtime personal and creative relationship with tenor Peter Pears, for whom so many of his great vocal works were written. &#8220;There was something really romantic about the idea that these two people could fall in love and have this amazing creative output result from that,&#8217;&#8217; he said. &#8220;There&#8217;s this great wealth of music that he was writing for his husband, basically.&#8217;&#8217;</p>
            <p>It wasn&#8217;t just the confluence of the personal and the artistic that caught Phan&#8217;s imagination; coming into his own as a young gay man, Phan felt as though he&#8217;d found role models as well.</p>
            <p>&#8220;It was inspiring to see that such a thing was possible,&#8217;&#8217; he explained. &#8220;[Britten and Pears] would never have considered themselves gay icons or gay heroes. They just lived their lives. They were very open about it, but they weren&#8217;t in your face about it or staunch gay rights activists. In a way I find great elegance and grace in the way in which they handled all of that.&#8217;&#8217;</p>
            <p>One discovery Phan made was the extent to which so much of Britten&#8217;s music was created for a network of friends and colleagues, Pears being the most obvious example. Two of those were the poet Edith Sitwell and horn player Dennis Brain. Britten set Sitwell&#8217;s poetry in the third of his Canticles, &#8220;Still Falls the Rain,&#8217;&#8217; which contains an obbligato horn part written for Brain. Another muse was the harpist Osian Ellis, whose playing inspired the fifth Canticle, &#8220;The Death of Saint Narcissus.&#8217;&#8217;</p>
            <p>Those two pieces are among the Britten works on Phan&#8217;s most recent Britten recording, &#8220;Still Falls the Rain,&#8217;&#8217; released in October on the Avie label. (His first CD, &#8220;Winter Words,&#8217;&#8217; made several &#8220;best of 2011&#8217;&#8217; lists.) Just as Britten&#8217;s closest colleagues had inspired the music, Phan found himself working with his own network of longtime friends on the recording, including pianist Myra Huang, horn player Jennifer Montone, and harpist Sivan Magen. (One piece includes a speaking part which is performed by actor Alan Cumming, perhaps best known for his work on the TV show &#8220;The Good Wife.&#8217;&#8217;)</p>
            <p>&#8220;I&#8217;m always fascinated by .&#160;.&#160;. the idea that nothing is really made in a vacuum,&#8217;&#8217; said Phan. &#8220;Especially with musicians &#8212; we all kind of bounce things off each other and then somehow, only by living in this musical community, do we create really amazing things, because we each inspire each other in some way.&#8217;&#8217;</p>
            <p>Asked what makes a great Britten singer, Phan returned again to Britten&#8217;s primary muse. Pears, he said, was both a lieder singer of elegance and sensitivity and an opera singer capable of inhabiting so powerful a role as the title character of Britten&#8217;s &#8220;Peter Grimes.&#8217;&#8217;</p>
            <p>&#8220;What&#8217;s required is being able to be a bit of a Gemini about it,&#8217;&#8217; Phan said. &#8220;Be able to have those two sides to yourself, and go back and forth between them with ease. Which is pretty challenging.&#8217;&#8217;</p>
            <p>
               <em class="i">David Weininger can be reached at globeclassicalnotes@gmail .com.</em>
            </p>
         </block>
      </body.content>
   </body>
</nitf>