<?xml version="1.0" encoding="utf-8"?>
<nitf xmlns:xs="http://www.w3.org/2001/XMLSchema" version="//IPTC/DTD NITF 3.2/EN">
   <head>
      <story.date>02-01-2013</story.date>
      <pubdata name="Globe" position.section="Living Arts" position.subsection=" "
               position.sequence="G,22,12"
               type="print"
               date.publication="20130201000000-05:00"
               ex-ref="http://www.bostonglobe.com/arts/2013/01/31/smash-rreturns/IZws3JytOOgG8ajlQvmZFL/story.html"/>
      <title>01smash(1)</title>
      <docdata>
         <doc.id>06abe36c-6afa-11e2-a242-50e79c56738a</doc.id>
         <doc.copyright holder="The Boston Globe"/>
         <doc.rights owner="The Boston Globe"/>
         <date.issue norm="20130130210205-05:00">2013-01-30T21:02:05</date.issue>
         <identified-content>
            <classifier type="tom">News</classifier>
            <classifier type="taxonomy">AE/TV and radio</classifier>
            <classifier type="contentdesk">Arts</classifier>
            <classifier type="subdesk">TV</classifier>
            <location class="primary">Boston, MA</location>
            <location class="latitudelongitude">(42.3584308,-71.0597732)</location>
         </identified-content>
      </docdata>
   </head>
   <body>
      <body.head>
         <hedline>
            <hl1>&#8216;Smash&#8217; gets back to making a musical </hl1>
            <hl2 hl2class="subhead">Second season cuts the side dramas in favor of main story</hl2>
            <hl2 hl2class="overline"/>
            <hl2 hl2class="label"/>
         </hedline>
         <byline>
            <person>By Sarah Rodman</person>
            <byttl>Globe Staff</byttl>
         </byline>
         <abstract>A woman dressed like Marilyn Monroe, lit by a lone spotlight, is onstage at the United Palace Theater singing her heart out. Before the last triumphant note fades, a well-heeled audience leaps to its feet in an enthusiastic ovation. And then, over the next three hours, they&#8217;ll cue up the playback and do it all 11 more times. We visited the set of &#8220;Smash&#8217;&#8217; to get the scoop on the second season, which kicks off Tuesday at 9 p.m. on NBC.</abstract>
      </body.head>
      <body.content>
         <block class="txt">
            <media mediaid="1">
               <media-reference>f91d92c6-6b31-11e2-b0fe-25b534362601.jpg</media-reference>
               <media-caption>Some &#8220;Smash&#8217;&#8217; cast members have been written out, but Christian Borle (as Tom Levitt) and Debra Messing (Julia Houston) are back for the second season, as are Megan Hilty (below left, as Ivy Lynn) and Katharine McPhee (Karen Cartwright).</media-caption>
               <media-producer>PHOTOS BY Will Hart/NBC</media-producer>
               <media-metadata name="pageNumber" value="22"/>
               <media-metadata name="wShape" value="548.8"/>
               <media-metadata name="hShape" value="294"/>
            </media>
            <media mediaid="2">
               <media-reference>fe611f8c-6b31-11e2-b0fe-25b534362601.jpg</media-reference>
               <media-caption/>
               <media-producer/>
               <media-metadata name="pageNumber" value="22"/>
               <media-metadata name="wShape" value="268.4"/>
               <media-metadata name="hShape" value="168"/>
            </media>
            <p>NEW YORK &#8212; Marilyn Monroe, lit by a lone spotlight, is onstage at the United Palace Theater singing her heart out.</p>
            <p>Before the last triumphant note fades, a well-heeled audience leaps to its feet in an enthusiastic ovation.</p>
            <p>And then, over the next three hours, they&#8217;ll cue up the playback and do it 11 more times.</p>
            <p>It&#8217;s a musical number shooting day in late December on the NBC drama &#8220;Smash,&#8217;&#8217; and every angle of the performance must be captured by the many cameras scattered in the aisles beside and behind the audience of well-behaved extras.</p>
            <p>The vintage showplace is abuzz. Official-looking people with headsets, clipboards, and cellphones mill about. A director talks to camera operators about shot composition. Costume designer Joseph Aulisi is asked to look at a dress for an upcoming scene. The show&#8217;s primary songwriters Marc Shaiman and Scott Wittman confer with the actress between takes. A few of the other actors sit in the audience out of shooting range to cheer on their castmate. If it takes a village to craft a Broadway musical, it takes an even bigger village to craft a TV show about making a Broadway musical.</p>
            <p>And although this Washington Heights theater is a wee bit north of the Great White Way, all involved with the series say, in its second season, which kicks off Tuesday at 9 p.m., that&#8217;s exactly the direction &#8220;Smash&#8217;&#8217; is headed.</p>
            <p>In its first 15-episode season, the show attempted to chronicle the journey of &#8220;Bombshell,&#8217;&#8217; a Broadway musical about Marilyn Monroe, from page to stage. But along the way it got bogged down in tangential family and romantic dramas and took the singing out of the theater and into bowling alleys and bar mitzvahs in ways that strained credulity, even for a show about musicals. </p>
            <p>In an attempt to right the ship, new show runner Joshua Safran (&#8220;Gossip Girl&#8217;&#8217;), who replaced creator and celebrated playwright Theresa Rebeck, has plumped up the theatrical element while shaking up the cast. </p>
            <p>This season, drama with &#8220;Bombshell&#8217;&#8217;&#8201;&#8217;s path to Broadway will continue while another musical by a different songwriting team will try to find its feet.</p>
            <p>&#8220;I think what this season does is deliver on the promise that we&#8217;re a show about the nuts and bolts of making musicals,&#8217;&#8217; says Christian Borle, who plays &#8220;Bombshell&#8217;&#8217; composer Tom Levitt, and who himself knows a thing or two about Broadway success, having won a Tony last year for his role in &#8220;Peter and the Starcatcher.&#8217;&#8217; &#8220;I think that&#8217;s what people were craving more of.&#8217;&#8217;</p>
            <p>Much of what people weren&#8217;t craving, or more accurately were gleefully nitpicking with a brutal passion on the Web, or by telling the actors on the street &#8212; &#8220;They have no problem telling me exactly what they think,&#8217;&#8217; Megan Hilty, who plays &#8220;Bombshell&#8217;&#8217; actress Ivy Lynn, says with a laugh &#8212; has been jettisoned for the second season. </p>
            <p>Out are the husband and son of Debra Messing&#8217;s songwriting character, Julia Houston; Dev (Raza Jaffrey), the aspiring politician fiance of &#8220;Bombshell&#8217;&#8217; actress Karen Cartwright (Katharine McPhee); and, most importantly, the scheming producer&#8217;s assistant Ellis (Jaime Cepero). </p>
            <p>&#8220;He&#8217;s such a sweet kid and he suffered such derision,&#8217;&#8217; says Borle of Cepero. &#8220;But there was an interesting dynamic about it because people were so adamant about [their complaints] but there was, underneath it, a caring and real passion.&#8217;&#8217; Hilty agrees. &#8220;I think it&#8217;s great because it means, either way, they&#8217;re invested in the story and the characters.&#8217;&#8217; </p>
            <p>Rebeck&#8217;s departure was tough for all, but this troupe understands better than most the concept of the show going on. </p>
            <p>&#8220;We all owe so much to her because she created this, she created Ivy,&#8217;&#8217; says Hilty. &#8220;It was really shocking to me. But I, myself, have left things or been replaced. It&#8217;s an unfortunate part of the business but luckily we&#8217;re in good hands with Josh and we&#8217;re moving forward.&#8217;&#8217; McPhee agrees, saying Safran understood that she wanted to take her character to a more mature, polished place. &#8220;When I met him it was a perfect marriage.&#8217;&#8217;</p>
            <p>In addition to character growth, an infusion of fresh blood comes in the form of Jeremy Jordan (&#8220;Newsies&#8217;&#8217;) and Andy Mientus (&#8220;Spring Awakening&#8217;&#8217;) as an aspiring Broadway composer duo as well as a long list of guests including Jennifer Hudson, Sean Hayes, Sheryl Lee Ralph, Liza Minnelli, and the return of Bernadette Peters. &#8220;It&#8217;s like gay heaven,&#8217;&#8217; says Shaiman, chuckling, of the all-star roster. </p>
            <p>The dynamic duo of Shaiman and Wittman, the Tony Award-winning composers of &#8220;Hairspray,&#8217;&#8217; promise everything will be bigger and better this year.</p>
            <p>&#8220;There&#8217;s a huge injection of new characters and there&#8217;s a new sound because of the other show,&#8217;&#8217; says Wittman. &#8220;There&#8217;s a lot more music than there was last year.&#8217;&#8217;</p>
            <p>That&#8217;s music to McPhee&#8217;s ears. She says her own biggest complaint during the first season was that often there was only one musical number that would happen late in an episode &#8220;and I just found that to be inconsistent with how they were advertising the show. Not every episode is going to be full of musical numbers, you&#8217;d have to have an endless budget. But I think that&#8217;s really what I was hoping for in this new season and it wasn&#8217;t just Karen standing on a stage in a karaoke bar. I think Josh has been very creative as to how to integrate music in a musical theater way and a non-musical theater way through fantasy.&#8217;&#8217; </p>
            <p>For his part, Safran, in a separate interview at the recent television critics press tour, says he was a big fan of the first season and hopes to keep intact the elements that viewers did enjoy, especially the musical numbers like the one shooting on this day for the 12th episode of the 18-episode season. </p>
            <p>&#8220;One of the fun things in the second season of the show is that we do have more original music, more musical sequences per episode, more diverse musical styles,&#8217;&#8217; he says. &#8220;When you look at Broadway right now, there&#8217;s shows that take place in the 1800s. There&#8217;s shows that [take place] today. It really is a bigger worldview, and I just wanted to find a way to represent that Broadway on &#8216;Smash&#8217; as well.&#8217;&#8217;</p>
            <p>As the cast and crew break for dinner in the lobby, Borle reflects on his &#8220;string of &#8216;pinch me&#8217; moments&#8217;&#8217; on &#8220;Smash,&#8217;&#8217; critical barbs and all.</p>
            <p>&#8220;Yesterday, I walked up on stage to do a quick thing with Bernadette Peters,&#8217;&#8217; he says with a smile. &#8220;Turning to her and saying, &#8216;So how have you been since last I saw you?&#8217; That is not something I&#8217;ve gotten used to.&#8217;&#8217;</p>
            <p>
               <em class="i">Sarah Rodman can be reached at srodman@globe.com. Follow her on Twitter @GlobeRodman.</em>
            </p>
         </block>
      </body.content>
   </body>
</nitf>