<?xml version="1.0" encoding="utf-8"?>
<nitf xmlns:xs="http://www.w3.org/2001/XMLSchema" version="//IPTC/DTD NITF 3.2/EN">
   <head>
      <story.date>02-01-2013</story.date>
      <pubdata name="Globe" position.section="Editorial Opinion" position.subsection="Letters"
               position.sequence="A,14,101"
               type="print"
               date.publication="20130201000000-05:00"
               ex-ref="http://www.bostonglobe.com/opinion/letters/2013/02/01/mental-illness-broad-term-not-divining-rod-violence/yEvUeHER4SuohonTHxQdDL/story.html"/>
      <title>gunchecks</title>
      <docdata>
         <doc.id>d7e04bc2-6a31-11e2-bf18-4fb9427cef87</doc.id>
         <doc.copyright holder=" "/>
         <doc.rights owner=" "/>
         <date.issue norm="20130131182352-05:00">2013-01-31T18:23:52</date.issue>
         <identified-content>
            <classifier type="tom">News</classifier>
            <classifier type="contentdesk">EditorialOpinion</classifier>
            <classifier type="subdesk">Letters</classifier>
            <location class="primary">Boston, MA</location>
            <location class="latitudelongitude">(42.3584308,-71.0597732)</location>
         </identified-content>
      </docdata>
   </head>
   <body>
      <body.head>
         <hedline>
            <hl1>&#8216;Mental illness&#8217; is a broad term, not a divining rod to acts of violence</hl1>
            <hl2 hl2class="subhead"/>
            <hl2 hl2class="overline"/>
            <hl2 hl2class="label"/>
         </hedline>
         <byline>
            <person/>
            <byttl/>
         </byline>
         <abstract>Dr. Ronald Pies writes: I am concerned with the repeated references to &#8220;mental health history&#8217;&#8217; and &#8220;mental illness,&#8217;&#8217; as if these are precise terms that point us to people at high risk for gun-related violence. While no one can predict who will become violent, it is fair to say that a person with a history of two serious bar fights would be at higher risk for future violence than someone with an unspecified mental illness.</abstract>
      </body.head>
      <body.content>
         <block class="txt">
            <p>The article on Massachusetts firearms laws and the reporting of mental health information provided a useful discussion of this complex issue (&#8220;A Mass. hedge in FBI gun checks,&#8217;&#8217; Page A1, Jan. 28). However, as a psychiatrist, I am concerned with the repeated references to &#8220;mental health history&#8217;&#8217; and &#8220;mental illness,&#8217;&#8217; as if these are precise terms that point us to people at high risk for gun-related violence. </p>
            <p>First, the term &#8220;mental illness&#8217;&#8217; is broad and could apply equally to a person diagnosed with well-controlled, adequately treated panic disorder or to a person with a severe psychotic disturbance and concomitant substance abuse who refuses to accept treatment. </p>
            <p>Second, it is worth repeating that &#8220;mental illness&#8217;&#8217; per se is not strongly associated with risk of violence and accounts for a small proportion of violent crime, including gun-related violence. </p>
            <p>That said, I believe that a history of violence directed against oneself or others &#8212; whether accompanied by psychiatric illness or not &#8212; should be a reportable factor that restricts access to firearms. </p>
            <p>Indeed, while no one can predict who will become violent, it is fair to say that a person with a history of two serious bar fights would be at higher risk for future violence than someone with an unspecified mental illness.</p>
            <p>Dr. Ronald Pies</p>
            <p>Lexington</p>
            <p/>
            <p>
               <em class="i">The writer is affiliated with Tufts University and Upstate Medical University.</em>
            </p>
         </block>
      </body.content>
   </body>
</nitf>