<?xml version="1.0" encoding="utf-8"?>
<nitf xmlns:xs="http://www.w3.org/2001/XMLSchema" version="//IPTC/DTD NITF 3.2/EN">
   <head>
      <story.date>02-01-2013</story.date>
      <pubdata name="Globe" position.section="Editorial Opinion" position.subsection="Opinion"
               position.sequence="A,15,2"
               type="print"
               date.publication="20130201000000-05:00"
               ex-ref="http://www.bostonglobe.com/opinion/2013/02/01/the-search-for-big-senator/sdpgPUwNySMtBn6KAKahiK/story.html"/>
      <title>0201Lehigh</title>
      <docdata>
         <doc.id>d95dd404-6bdc-11e2-baa1-9e8515cd26f3</doc.id>
         <doc.copyright holder=" "/>
         <doc.rights owner=" "/>
         <date.issue norm="20130201075323-05:00">2013-02-01T07:53:23</date.issue>
         <identified-content>
            <classifier type="tom">News</classifier>
            <classifier type="contentdesk">EditorialOpinion</classifier>
            <classifier type="subdesk"/>
            <location class="primary">Boston, MA</location>
            <location class="latitudelongitude">(42.3584308,-71.0597732)</location>
         </identified-content>
      </docdata>
   </head>
   <body>
      <body.head>
         <hedline>
            <hl1>The search for a big senator</hl1>
            <hl2 hl2class="subhead"/>
            <hl2 hl2class="overline">SCOT LEHIGH</hl2>
            <hl2 hl2class="label">Scot Lehigh</hl2>
         </hedline>
         <byline>
            <person> By Scot Lehigh</person>
            <byttl>Globe Columnist</byttl>
         </byline>
         <abstract>The most common measuring stick when evaluating political candidates is the conservative-to-liberal scale. Yet when it comes to the US Senate, a metric that often matters as much runs from small-to-large. So let&#8217;s look at the might-be Senate candidates through that prism.</abstract>
      </body.head>
      <body.content>
         <block class="txt">
            <media mediaid="1">
               <media-reference>76cf1f2a-6be9-11e2-baa1-9e8515cd26f3.jpg</media-reference>
               <media-caption>Bill Weld was governor of Massachusetts from 1991 to &#8217;97.</media-caption>
               <media-producer>Suzanne Kreiter/ Globe Staff </media-producer>
               <media-metadata name="pageNumber" value=""/>
            </media>
            <p>The most common measuring stick when evaluating political candidates is the conservative-to-liberal scale. Yet when it comes to the US Senate, a metric that often matters as much runs from small to large.</p>
            <p>Massachusetts has usually had big figures in the US Senate. Love them or loathe them, that was true of both Ted Kennedy and John Kerry, just as it was true of Ed Brooke and Paul Tsongas, of Leverett Saltonstall and both Henry Cabot Lodges. </p>
            <p>They were all big, nationally known and respected senators, men unafraid to speak their minds. </p>
            <p>So today let&#8217;s look at the possible field through the prism of real or potential stature.</p>
            <p>On the Democratic side, Ed Markey starts with a clear political height advantage over Steve Lynch. Yes, Markey is a sometimes quirky figure, with some goofy verbal tics (hmm, OK, you know?). Still, he&#8217;s well-versed in policy and well-regarded in Washington, and has a long record of accomplishments on a wide range of issues. </p>
            <p>Lynch, more of a loner, is someone who goes small on big votes. Take, for example, Obamacare. He voted for the original House legislation, against the final bill on the crucial vote, then in favor of the reconciliation legislation essential to its passage. The explanation Lynch offered for that transparent attempt to have things both ways didn&#8217;t just strain credulity, but left it in shreds.</p>
            <p>He also went small on the bank bailout. Voting no, as he did, was easy &#8212; and yet, many experts will tell you that without the federal infusion of cash, our entire financial system would have frozen up, with devastating consequences.</p>
            <p>Then there&#8217;s his often irascible interpersonal style. During the health care debate,  for example, Lynch&#8217;s peevish manner managed to alienate both Nancy Pelosi, then the House speaker, and Vicki Kennedy, who was trying to round up votes for her deceased husband&#8217;s lifelong cause. </p>
            <p>Now for the Republicans. Three years ago, just-elected Senator Scott Brown was viewed as a rising Republican star nationally. But Brown didn&#8217;t have the skills or stature to hold the seat. More a follower than a leader, he often decided late how to vote on controversial matters, and thus did little to shape either public or Senate opinion. When it comes to the press, meanwhile, Brown seems scared of his own shadow. Further, as we saw in last year&#8217;s campaign, an off-putting pettiness pervades his entire operation, from Brown on down.</p>
            <p>By contrast, Bill Weld, who has left the door slightly ajar, is a large figure, an iconoclastic thinker who doesn&#8217;t mind sailing into the wind. Perhaps because of his healthy ego, Weld also has a famously thick skin. As governor, he enjoyed, and excelled at, the back-and-forth with the press. He&#8217;s big in the way of Massachusetts Republicans of old, a man who would be a nationally important senator almost immediately upon taking office. </p>
            <p>Another possible candidate is former Lieutenant Governor Kerry Healey, who hasn&#8217;t ruled out a run if Brown demurs. As Romney&#8217;s number two, Healey found herself in a tough position when her boss began a rightward evolution that alienated Massachusetts voters and clearly hurt her 2006 gubernatorial campaign. She made a big mistake in that campaign by allowing her consultants to go with a visceral attack ad that lent her campaign an ugly undertone. Still, Healey put some interesting ideas on the table, mixed it up with the press, and showed a zest for political combat. Although something of an enigma, at core Healey seems like a smart, engaging, data-oriented moderate with real growth potential.</p>
            <p>Campaigns, of course, are about shaping, and reshaping, images, which means those starting-line impressions may well change &#8212; which would be good news indeed for several of the candidates.</p>
            <p>
               <em class="i">Scot Lehigh can be reached at lehigh@globe.com. Follow him on Twitter at @GlobeScotLehigh.</em>
            </p>
         </block>
      </body.content>
   </body>
</nitf>