<?xml version="1.0" encoding="utf-8"?>
<nitf xmlns:xs="http://www.w3.org/2001/XMLSchema" version="//IPTC/DTD NITF 3.2/EN">
   <head>
      <story.date>02-01-2013</story.date>
      <pubdata name="Globe" position.section="Sports" position.subsection=" "
               position.sequence="C,5,999"
               type="print"
               date.publication="20130201000000-05:00"
               ex-ref=""/>
      <title>01brusum</title>
      <docdata>
         <doc.id>40bf67ea-6c21-11e2-b0fe-25b534362601</doc.id>
         <doc.copyright holder=" "/>
         <doc.rights owner=" "/>
         <date.issue norm="20130201004954-05:00">2013-02-01T00:49:54</date.issue>
         <identified-content>
            <classifier type="tom">News</classifier>
            <classifier type="contentdesk">Sports</classifier>
            <classifier type="subdesk">Scores</classifier>
         </identified-content>
      </docdata>
   </head>
   <body>
      <body.head>
         <hedline>
            <hl1>Sabres 7, Bruins 4</hl1>
            <hl2 hl2class="subhead"/>
            <hl2 hl2class="overline"/>
            <hl2 hl2class="label"/>
         </hedline>
         <byline>
            <person/>
            <byttl/>
         </byline>
         <abstract/>
      </body.head>
      <body.content>
         <block class="txt">
            <p>
               <em class="b">at TD Garden</em>
            </p>
            <p>
               <em class="b">FIRST PERIOD</em>
            </p>
            <p>&#8195;No scoring.</p>
            <p>&#8195;Penalty &#8212; Buffalo, Scott (fighting) 2:53.</p>
            <p>&#8195;Penalty &#8212; BOSTON, Thornton (fighting) 2:53.</p>
            <p>&#8195;Penalty &#8212; Buffalo, Leopold (slashing) 8:29.</p>
            <p>&#8195;Penalty &#8212; Buffalo, Scott (elbowing) 15:36.</p>
            <p>
               <em class="b">SECOND PERIOD</em>
            </p>
            <p>&#8195;Buffalo 1, BOSTON 0 &#8212; Vanek 4 (Hodgson, Pominville) 1:38.</p>
            <p>&#8195;BOSTON 1, Buffalo 1 &#8212; Peverley 1 (Paille, Kelly) 5:12.</p>
            <p>&#8195;Penalty &#8212; BOSTON, Peverley (cross-checking) 5:32.</p>
            <p>&#8195;BOSTON 2, Buffalo 1 &#8212; Marchand 4 (Bergeron) 7:43.</p>
            <p>&#8195;BOSTON 3, Buffalo 1 &#8212; Marchand 5 (Bergeron, Seguin) 10:54.</p>
            <p>&#8195;Penalty &#8212; BOSTON, Chara (holding) 15:45.</p>
            <p>&#8195;Penalty &#8212; BOSTON, Lucic (boarding) 15:45.</p>
            <p>&#8195;BOSTON 3, Buffalo 2 &#8212; Vanek 5 (Ehrhoff, Ennis) 16:46 (pp).</p>
            <p>&#8195;BOSTON 3, Buffalo 3 &#8212; Ennis 2 (Vanek, Foligno) 18:19.</p>
            <p>
               <em class="b">THIRD PERIOD</em>
            </p>
            <p>&#8195;BOSTON 4, Buffalo 3 &#8212; Krejci 2 (Horton) 1:45.</p>
            <p>&#8195;BOSTON 4, Buffalo 4 &#8212; Sulzer 1 (Grigorenko, Hecht) 2:28.</p>
            <p>&#8195;Buffalo 5, BOSTON 4 &#8212; Hodgson 4 (Vanek, Pominville) 6:54.</p>
            <p>&#8195;Penalty &#8212; Buffalo, Myers, double minor (high-sticking) 11:25.</p>
            <p>&#8195;Penalty &#8212; BOSTON, Seidenberg (tripping) 11:56.</p>
            <p>&#8195;Buffalo 6, BOSTON 4 &#8212; Vanek 6 (Hodgson, Weber) 18:29.</p>
            <p>&#8195;Buffalo 7, BOSTON 4 &#8212; Pominville 5 (unassisted) 19:46 (en).</p>
            <p>
               <em class="b">SCORE BY PERIOD</em>
            </p>
            <p/>
            <p>Buffalo 0 3 4 &#8212; 7 </p>
            <p>Boston 0 3 1 &#8212; 4 </p>
            <p/>
            <p>
               <em class="b">SHOTS ON GOAL</em>
            </p>
            <p/>
            <p>Buffalo 9 15 8 &#8212; 32 </p>
            <p>Boston 14 12 16 &#8212; 42 </p>
            <p/>
            <p>&#8195;<em class="b">Power plays:</em> Buffalo 1 -3; BOSTON 0-4.</p>
            <p>&#8195;<em class="b">Goalies:</em> Buffalo, Miller 3-2-1 (42 shots-38 saves). BOSTON, Rask 4-1-1 (31-25).</p>
            <p>&#8195;<em class="b">Referees:</em> Rob Martell, Dan O'Rourke. <em class="b">Linesmen:</em> Michel Cormier, Steve Barton.</p>
            <p>&#8195;<em class="b">Attendance:</em> 17,565 (17,565). <em class="b">Time:</em> 2:24.</p>
         </block>
      </body.content>
   </body>
</nitf>