<?xml version="1.0" encoding="utf-8"?>
<nitf xmlns:xs="http://www.w3.org/2001/XMLSchema" version="//IPTC/DTD NITF 3.2/EN">
   <head>
      <story.date>02-01-2013</story.date>
      <pubdata name="Globe" position.section="Living Arts" position.subsection=" "
               position.sequence="G,23,13"
               type="print"
               date.publication="20130201000000-05:00"
               ex-ref="http://www.bostonglobe.com/arts/music/2013/01/31/smash-glee-treme-and-nashville-shine-spotlight-musical-series-but-they-really-work/QD1pDcFLtisSPevcm8BP0L/story.html"/>
      <title>01music(1)</title>
      <docdata>
         <doc.id>3e036f34-6aea-11e2-b0fe-25b534362601</doc.id>
         <doc.copyright holder="The Boston Globe"/>
         <doc.rights owner="The Boston Globe"/>
         <date.issue norm="20130130211934-05:00">2013-01-30T21:19:34</date.issue>
         <identified-content>
            <classifier type="tom">News</classifier>
            <classifier type="taxonomy">AE/TV and radio</classifier>
            <classifier type="contentdesk">Arts</classifier>
            <classifier type="subdesk">TV</classifier>
            <location class="primary">Boston, MA</location>
            <location class="latitudelongitude">(42.3584308,-71.0597732)</location>
         </identified-content>
      </docdata>
   </head>
   <body>
      <body.head>
         <hedline>
            <hl1>Programs need sound choices</hl1>
            <hl2 hl2class="subhead">From &#8216;Smash&#8217; to &#8216;Treme,&#8217; musical shows work best when the songs make sense</hl2>
            <hl2 hl2class="overline">Critic&#8217;s Notebook</hl2>
            <hl2 hl2class="label"/>
         </hedline>
         <byline>
            <person>By Matthew Gilbert</person>
            <byttl>Globe Staff</byttl>
         </byline>
         <abstract>TV history is littered with blown attempts at musical drama and comedy. So it is particularly unusual that TV is currently home to four musical series: &#8220;Smash,&#8217;&#8217; &#8220;Glee,&#8217;&#8217; &#8220;Nashville,&#8217;&#8217; and &#8220;Treme.&#8217;&#8217; Which ones are creatively successful?</abstract>
      </body.head>
      <body.content>
         <block class="txt">
            <media mediaid="1">
               <media-reference>9b499690-6735-11e2-8ba5-406ecaa0f04a.jpg</media-reference>
               <media-caption>Connie Britton (left) and Hayden PANETTIERE sing a duet in the ABC musical series &#8220;Nashville.&#8217;&#8217;</media-caption>
               <media-producer>Chris Hollo </media-producer>
               <media-metadata name="pageNumber" value="23"/>
               <media-metadata name="wShape" value="262.4"/>
               <media-metadata name="hShape" value="693"/>
            </media>
            <media mediaid="2">
               <media-reference>8a75bccc-6735-11e2-8ba5-406ecaa0f04a.jpg</media-reference>
               <media-caption>Christian Scott (left) and Rob Brown in one of the many music scenes from HBO&#8217;s &#8220;Treme.&#8217;&#8217;</media-caption>
               <media-producer>Paul Schiraldi/HBO </media-producer>
               <media-metadata name="pageNumber" value="23"/>
               <media-metadata name="wShape" value="268.4"/>
               <media-metadata name="hShape" value="178.5"/>
            </media>
            <media mediaid="3">
               <media-reference>af2db614-6735-11e2-8ba5-406ecaa0f04a.jpg</media-reference>
               <media-caption>Santana (Naya Rivera, center) in a musical number from &#8220;Glee.&#8217;&#8217;</media-caption>
               <media-producer>Adam Rose/FOX </media-producer>
               <media-metadata name="pageNumber" value="24"/>
               <media-metadata name="wShape" value="390.6"/>
               <media-metadata name="hShape" value="199.5"/>
            </media>
            <p>Musicals, like concerts, work best on the stage, live, where you can feel the emotional energy of the singing. There&#8217;s nothing between you and the singer except maybe a wisp or two of blue hair.</p>
            <p>To a lesser extent, musicals work on the big screen, as simple, self-contained stories with expressionistic flourishes. They can still deliver falling rain to sing in, and real hills that come alive.</p>
            <p>But then, in descending order of success, musicals work in Saturday morning cartoons about pop groups; when you&#8217;re scream-singing songs in the shower from &#8220;Hair&#8217;&#8217; or &#8220;Hairspray&#8217;&#8217;; and, finally, least of all, on prime-time series television.</p>
            <p>TV history is littered with blown attempts at musical drama and comedy. The most famous flop is Steven Bochco&#8217;s &#8220;Cop Rock,&#8217;&#8217; the &#8220;Ishtar&#8217;&#8217; of the small screen, and there are a number of lesser-known botches such as &#8220;Rags to Riches&#8217;&#8217; and &#8220;Viva Laughlin.&#8217;&#8217; It&#8217;s a hard combination to get right, blending the immediacy of singing with the coolness of the medium, with the intimacy of cameras, and with the nearly impossible requirement of coming up with songs for some 22 episodes a year. In a special episode of a series, the musical approach can offer a surrealistic kick, as &#8220;Scrubs&#8217;&#8217; and &#8220;Buffy the Vampires Slayer&#8217;&#8217; proved; and the miniseries &#8220;The Singing Detective&#8217;&#8217; certainly was a great exception. But TV musicals generally don&#8217;t fly over the long run.</p>
            <p>So it is particularly unusual that prime-time TV is currently home to four musical series: NBC&#8217;s &#8220;Smash,&#8217;&#8217; which returns on Tuesday, Fox&#8217;s &#8220;Glee,&#8217;&#8217; ABC&#8217;s &#8220;Nashville,&#8217;&#8217; and HBO&#8217;s &#8220;Treme.&#8217;&#8217; Theater and television are suddenly all buddy-buddy, after years of strain. The ratings for all of these musical series have ranged from mediocre to OK, but their respective networks seem to be finding enough value, demographically, to keep them around. &#8220;Glee,&#8217;&#8217; in particular, has been a boon for Fox, as it has generated Emmys and the kind of rabid youth-market buzz that creates young stars (Lea Michele, Chris Colfer), and older ones, too (Jane Lynch, Matthew Morrison). As it makes bonus bucks on cover versions of classic songs, it&#8217;s a scripted extension of &#8220;American Idol&#8217;&#8217; and the Fox brand.</p>
            <p>But creatively, these shows are a very mixed bag. What they all do right: They ground their story lines in the world of music. While the likes of &#8220;Cop Rock&#8217;&#8217; and &#8220;Viva Laughlin&#8217;&#8217; were set in non-arts scenarios, and had to slap together ballads with police officers, the newer shows have built-in reasons to make characters burst into song. The music doesn&#8217;t come out of left field when the setting is the Broadway stage of &#8220;Smash,&#8217;&#8217; or the music room of &#8220;Glee,&#8217;&#8217; or the clubs and stages of Music City in &#8220;Nashville&#8217;&#8217; and New Orleans in &#8220;Treme.&#8217;&#8217; It&#8217;s a natural extension of the story line.</p>
            <p>Or it ought to be. When these shows go inside of a rehearsal room, say, or a recording studio, within the logic of the plot, and then there is music, they work best. &#8220;Nashville&#8217;&#8217; has been particularly successful at weaving songs into each episode, with performances by characters who span the generations of country music &#8212; from Rayna James (Connie Britton), the superstar, to Gunnar (Sam Palladio), the struggling singer-songwriter. The &#8220;Nashville&#8217;&#8217; music, which is produced by T Bone Burnett, is embedded in the story line, just as it was in the Robert Altman movie &#8220;Nashville,&#8217;&#8217; so that the performances often move the action forward or somehow comment on it. &#8220;Wrong Song,&#8217;&#8217; the hit song within the show, is significant because it has forced nemeses Rayna and Juliette (Hayden Panettierre) together. The scenes of them writing it and singing it onstage have been a juicy study in how discord can sometimes sound pretty good.</p>
            <p>Like &#8220;Nashville,&#8217;&#8217; &#8220;Treme&#8217;&#8217; is about the dreams &#8212; both creative and financial &#8212; of a city and its musicians. The show, which will return for one last five-episode season, couldn&#8217;t exist without the music, which is as fundamental as the script and the costumes. You can feel as though creator David Simon is taking you on a documentary musical tour of New Orleans, walking from club to club to house party, as his rambling cast of characters mingle on and off stage with real local musicians. &#8220;Treme&#8217;&#8217; could use a little more plot emphasis; the vibrant music, magical as it is, often drowns out the advance of the action. But the song sequences never feel jarringly gratuitous or, worse, there simply to grow the profits through record sales.</p>
            <p>Too many of the songs on &#8220;Glee&#8217;&#8217; come off as just that: built for synergy. Once upon a time, the show promised to weave in music as the saving grace for a bunch of high school kids. Now, the songs are big, over-produced, self-standing sequences that alienate. The choices for which songs the &#8220;Glee&#8217;&#8217; cast will cover have become a &#8220;thing,&#8217;&#8217; obscuring rather than illuminating the story lines. Instead of modest expressions of character development, the songs are flashy and irrelevant.</p>
            <p>That kind of musical glitz also marred the first season of &#8220;Smash.&#8217;&#8217; Initially, the music fed into the arc of the making of &#8220;Marilyn: The Musical,&#8217;&#8217; but soon enough, the song and dance segments broke off from the story line, which itself became shallow and melodramatic. The songs drifted away from the texture of the Broadway production, as Katharine McPhee&#8217;s Karen sang at a karaoke club and a bar mitzvah while Megan Hilty&#8217;s Ivy had musical hallucinations. Initially about the creative process behind &#8220;Marilyn,&#8217;&#8217; and how music and book merge with actors for the final product, &#8220;Smash&#8217;&#8217; lost its grounding. Like &#8220;Glee,&#8217;&#8217; it became a glorified jukebox.</p>
            <p>On the stage, musicals can thrive with basic plot outlines, one-dimensional characters, and only a loose connection between the story and the songs. In theater, the live performance is the thing. But on TV, the closeness of the cameras and the weekly pace call for more nuance and artlessness from the writers. TV&#8217;s musical shows click when the songs are organically engrained in the narrative, not merely plugged in as prime-time music videos. </p>
            <p>
               <em class="i">Matthew Gilbert can be reached at gilbert@globe.com. Follow him on Twitter @Matthew Gilbert.</em>
            </p>
         </block>
      </body.content>
   </body>
</nitf>