<?xml version="1.0" encoding="utf-8"?>
<nitf xmlns:xs="http://www.w3.org/2001/XMLSchema" version="//IPTC/DTD NITF 3.2/EN">
   <head>
      <story.date>02-01-2013</story.date>
      <pubdata name="Globe" position.section="Editorial Opinion" position.subsection="Opinion"
               position.sequence="A,15,3"
               type="print"
               date.publication="20130201000000-05:00"
               ex-ref="http://www.bostonglobe.com/opinion/2013/02/01/eritrea-protests-send-message-country-where-hard-speak/kJpwdq9tOuUklJC0uN9YjK/story.html"/>
      <title>connell0201</title>
      <docdata>
         <doc.id>dc202550-6afd-11e2-a242-50e79c56738a</doc.id>
         <doc.copyright holder=" "/>
         <doc.rights owner=" "/>
         <date.issue norm="20130131182210-05:00">2013-01-31T18:22:10</date.issue>
         <identified-content>
            <classifier type="tom">News</classifier>
            <classifier type="contentdesk">EditorialOpinion</classifier>
            <classifier type="subdesk">Letters</classifier>
            <location class="primary">Boston, MA</location>
            <location class="latitudelongitude">(42.3584308,-71.0597732)</location>
         </identified-content>
      </docdata>
   </head>
   <body>
      <body.head>
         <hedline>
            <hl1>Reverse the exodus from Eritrea</hl1>
            <hl2 hl2class="subhead"/>
            <hl2 hl2class="overline"/>
            <hl2 hl2class="label"/>
         </hedline>
         <byline>
            <person>By Dan Connell</person>
            <byttl/>
         </byline>
         <abstract>Last week, soldiers in one of Africa&#8217;s most closed and repressive nations &#8212; Eritrea &#8212; occupied the country&#8217;s Ministry of Information and issued demands. The pattern was a familiar one. News spread quickly that a coup was underway. But feisty little Eritrea, which got its independence from Ethiopia in 1991 after defeating successive US and Soviet-backed armies in a 30-year war, has never fit the mold of postcolonial African states, and it was not doing so now. </abstract>
      </body.head>
      <body.content>
         <block class="txt">
            <p>Last week, soldiers in one of Africa&#8217;s most closed and repressive nations &#8212; Eritrea &#8212; occupied the country&#8217;s Ministry of Information and issued demands. The pattern was a familiar one. News spread quickly that a coup was underway.</p>
            <p>But feisty little Eritrea, which got its independence from Ethiopia in 1991 after defeating successive US- and Soviet-backed armies in a 30-year war, has never fit the mold of postcolonial African states, and it was not doing so now. </p>
            <p>In a country where chatting about politics at open-air caf&#233;s can get you arrested, this was the only way people with a grievance could get attention and survive: in a large group with guns. Their point was to start a national conversation where none was allowed. And they did.</p>
            <p>The government at first admitted an &#8220;incident,&#8217;&#8217; then denied anything had happened, while Eritrea&#8217;s global diaspora lit up the Internet with debates and celebrations. One group placed 10,000 robo-calls to Eritrea&#8217;s capital, Asmara, urging people on; thousands of protesters in London, Stockholm, Rome, Berlin, and Washington this week picketed or occupied Eritrea&#8217;s embassies to show support.</p>
            <p>The soldiers who occupied the information ministry were fed up with their dictatorship and wanted everyone to know it. So they marched into the state-run TV studios &#8212; there are no private media &#8212; and broadcast a call for implementation of a constitution ratified 16 years ago but still gathering dust, and the release of political prisoners, of which there are as many as 10,000. Then they went back to their barracks. Arrests followed, but the message was out.</p>
            <p>Many commentators called this a &#8220;failed coup,&#8217;&#8217; but they missed the point. The protesters were not asking for power, just a crack in the wall, the payoff the entire society has been waiting for over the past half century of sacrifice and struggle, which the leader of their independence movement, Isaias Afwerki, is denying them. And they are not going to stay quiet any longer.</p>
            <p>Tens of thousands have fled a tyrannical regime often compared to North Korea: Eritrea has one political party; no national elections, ever; no organizations not controlled by the state, including religious denominations; no independent media; no space for raising any questions about government policies. Yet when Eritreans escape, usually at great personal risk, they often find themselves treated like criminals &#8212; or just turned away. </p>
            <p>The worst off are the victims of a human trafficking ring in which refugees are kidnapped from camps in Sudan and taken to the Egyptian Sinai, where Bedouin criminal gangs torture them during phone calls to relatives while forcing them to beg for ransoms as high as $30,000. One I spoke with in Tel Aviv recently, a 28-year-old former computer programmer, had lost all use of his badly disfigured hands after being hung from them for weeks while awaiting payments.</p>
            <p>There is only one solution for this global human rights crisis: a change in the situation in Eritrea so the exodus can be reversed, not simply blocked or rerouted.</p>
            <p>What is needed &#8212; and what these courageous young protesters are calling for &#8212;  is a constitutional framework for a transition to democracy and the release of those detained for simply voicing their yearning for it. Only Eritreans can bring this about, but there are things we could do to lessen the suffering of the victims of this tyranny while helping them stand up to it. </p>
            <p>The first is vigorous action to halt the trafficking of Eritreans in the Egyptian Sinai. This is complicated by treaty obligations arising from the 1978 pact with Israel that limit Egypt&#8217;s military presence, as well as by Egypt&#8217;s unsettled political environment. But the presence of a multinational force with a strong American component would give us a wedge to tackle this.</p>
            <p>Meanwhile, borrowing a page from the anti-apartheid campaigns of the 1980s, we should pressure international mining companies now throwing a lifeline to the regime to suspend operations until basic rights are extended to the population and the government demonstrates that the mines are not worked by unpaid conscript labor, as a Human Rights Watch report alleged last month. Eritreans will take care of the rest.</p>
            <p>
               <em class="i">Dan Connell (www.danconnell.net), the author of numerous books and articles on Eritrea, teaches journalism and African politics at Simmons College.</em>
            </p>
         </block>
      </body.content>
   </body>
</nitf>