<?xml version="1.0" encoding="utf-8"?>
<nitf xmlns:xs="http://www.w3.org/2001/XMLSchema" version="//IPTC/DTD NITF 3.2/EN">
   <head>
      <story.date>02-01-2013</story.date>
      <pubdata name="Globe" position.section="Sports" position.subsection=" "
               position.sequence="C,7,222"
               type="print"
               date.publication="20130201000000-05:00"
               ex-ref="http://www.bostonglobe.com/sports/2013/02/01/gronkowski-says-arm-fractures-freak-accidents/czGtSi95c6Hl1zmuGVnUTM/story.html"/>
      <title>01supernotes</title>
      <docdata>
         <doc.id>bf9e6a4c-6c09-11e2-a242-50e79c56738a</doc.id>
         <doc.copyright holder="The Boston Globe"/>
         <doc.rights owner="The Boston Globe"/>
         <date.issue norm="20130201065347-05:00">2013-02-01T06:53:47</date.issue>
         <identified-content>
            <classifier type="tom">News</classifier>
            <classifier type="taxonomy">Sports/Football/NFL</classifier>
            <classifier type="contentdesk">Sports</classifier>
            <classifier type="subdesk"/>
            <location class="primary">New Orleans, LA</location>
            <location class="latitudelongitude">(29.9510658,-90.0715323)</location>
         </identified-content>
      </docdata>
   </head>
   <body>
      <body.head>
         <hedline>
            <hl1>Gronkowski eyes new year</hl1>
            <hl2 hl2class="subhead">Second fracture a &#8216;freak accident&#8217;</hl2>
            <hl2 hl2class="overline">nfl notebook</hl2>
            <hl2 hl2class="label"/>
         </hedline>
         <byline>
            <person>By Shalise Manza Young</person>
            <byttl>Globe Staff</byttl>
         </byline>
         <abstract>Patriots tight end Rob Gronkowski broke his left arm twice in the span of two months, the second time on Jan. 13, and says it&#8217;s &#8220;pretty fair&#8217;&#8217; to expect he&#8217;ll be ready once the coming season starts.</abstract>
      </body.head>
      <body.content>
         <block class="txt">
            <p>NEW ORLEANS &#8212; Sporting a large black cast that covered his entire left forearm, Patriots tight end <em class="b">Rob Gronkowski </em>was all over the Super Bowl media center&#8217;s Radio Row Thursday, making promotional appearances.</p>
            <p>For the second time in as many offseasons, Gronkowski is rehabbing, this time after suffering a second break in the arm during the Patriots&#8217; 41-28 playoff win over Houston.</p>
            <p>Gronkowski initially broke his left arm late in the 59-24 win over Indianapolis Nov. 18, and returned to play for the regular-season finale Dec. 30 against Miami. Even though it was clear that he was favoring the arm in that game, Gronkowski insisted that he did not come back too early.</p>
            <p>&#8220;No, definitely not,&#8217;&#8217; he said. &#8220;The doctors cleared me, and as a player, you want to be out there for &#173;every game, and I definitely don&#8217;t believe I came back too early.</p>
            <p>&#8220;It was just a freak accident. It&#8217;s very frustrating when that happens, too. I just think that you can&#8217;t really do anything about it.&#8217;&#8217;</p>
            <p>Against Houston, Gronkowski re-injured the arm by diving out of bounds trying to catch a pass and landing on it. This time, the fracture was just beyond the end of the metal plate that had been surgically placed after the first injury.</p>
            <p>Asked when he expects to be back on the field, Gronkowski referenced the Patriots&#8217; offseason training program, saying, &#8220;It doesn&#8217;t start for a couple more months, so obviously I plan on being healthy within the same time frame as last time. Just got to rehab, get my muscle strength back up, let the bone heal, and obviously my goal is to be 100 percent before the season, which I think it&#8217;s pretty fair to say that I will be.&#8217;&#8217;</p>
            <p>A Waters sighting</p>
            <p>The Patriots&#8217; missing man, <em class="b">Brian Waters</em>, was also in the media center Thursday. Waters was on hand for the NFL Players Association&#8217;s annual Super Bowl press conference; he is a member of the union&#8217;s executive board.</p>
            <p>After a Pro Bowl season at guard in 2011, his first with New England, Waters never returned to the team despite being under contract for 2012.</p>
            <p>He was excused from offseason work to be with his family in Texas, but once training camp began, days ticked away and Waters never arrived. Approached after the press conference, He declined an interview. When asked if he will return to play in 2013, Waters would not say. Since he did not show up last year, Waters &#8217;s contract tolled and he will is still be under contract with the Patriots for the coming season.</p>
            <p>No labor peace</p>
            <p>NFL Players Association executive director <em class="b">DeMaurice Smith </em>and union president <em class="b">Domonique Foxworth </em>used a Super Bowl news conference to lay out a series of complaints about safety issues.</p>
            <p>Smith began by threatening to file a grievance if the NFL refuses to institute a system to verify the credentials of all medical personnel on the 32 teams. </p>
            <p>He mentioned three amendments the NFLPA wants to make to the new CBA, including the appointment of &#8216;&#8216;a neutral chief safety officer who can hear appeals about acceptable levels of medical care.&#8217;&#8217;</p>
            <p>He called the NFL&#8217;s lockout of its officials at the start of this season &#8216;&#8216;one of the most deliberate disregards of player safety that I think has occurred in the National Football League since our inception.&#8217;&#8217;</p>
            <p>Elsewhere, NFL general counsel <em class="b">Jeff Pash </em>said he expects independent neurological consultants to be on sidelines during games next season to help diagnose and treat concussions.</p>
            <p>To be clear .&#160;.&#160;.  </p>
            <p>Ravens safety (and soon-to-be free agent) <em class="b">Ed Reed </em>felt the need to clarify statements made about potentially playing for the Patriots. &#8220;I was asked, &#8216;Would I play for <em class="b">Bill Belichick</em>?&#8217; Yes. What football player wouldn&#8217;t play for Coach Belichick? Will I be in New England? Most likely not,&#8217;&#8217; Reed said, adding that he would like to stay in Baltimore .&#160;.&#160;. Niners cornerback <em class="b">Chris Culliver </em>apologized for anti-gay comments he made to a comedian during Super Bowl Media Day, saying, &#8216;&#8216;That&#8217;s not what I feel in my heart.&#8217;&#8217; .&#160;.&#160;. Niners linebackers <em class="b">Aldon Smith </em>and <em class="b">Ahmad Brooks </em>were limited in practice for the second day with shoulder injuries; no Ravens were listed on the injury report .&#160;.&#160;. Patriots linebacker <em class="b">Dane Fletcher </em>took to Twitter to announce that he has re-signed with the team. Fletcher tore his ACL in the Patriots&#8217; first preseason game.</p>
            <p>Driver retires</p>
            <p>
               <em class="b">Donald Driver</em>, the Packers all-time leading receiver, announced his retirement. &#8216;&#8216;I&#8217;ve always said I never want to wear another uniform,&#8217;&#8217; said Driver, who turns 38 Saturday .&#160;.&#160;. Hall of Fame quarterback <em class="b">Dan Marino </em>had a child with a then-production assistant at CBS, the New York Post reported. The daughter is now 7. &#8220;This is a personal and private matter,&#8217;&#8217; Marino said in a statement to the New York Post. &#8220;I take full responsibility both personally and financially for my actions now as I did then. We mutually agreed to keep our arrangement private to protect all parties involved.&#8217;&#8217; Marino remains married and has six children. &#8220;We continue to be a strong and loving family,&#8217;&#8217; he wrote .&#160;.&#160;. Seahawks LB <em class="b">Leroy Hill </em>made his first appearance in King County (Wash.) District Court since he was accused of assaulting his girlfriend. 

</p>
            <p>
               <em class="i">Material from the Associated Press was used in this report.</em>
            </p>
         </block>
      </body.content>
   </body>
</nitf>