<?xml version="1.0" encoding="utf-8"?>
<nitf xmlns:xs="http://www.w3.org/2001/XMLSchema" version="//IPTC/DTD NITF 3.2/EN">
   <head>
      <story.date>02-01-2013</story.date>
      <pubdata name="Globe" position.section="Sports" position.subsection=" "
               position.sequence="C,4,999"
               type="print"
               date.publication="20130201000000-05:00"
               ex-ref=""/>
      <title>01nhlnotes</title>
      <docdata>
         <doc.id>efdab59a-6bf4-11e2-a242-50e79c56738a</doc.id>
         <doc.copyright holder=" "/>
         <doc.rights owner=" "/>
         <date.issue norm="20130201015945-05:00">2013-02-01T01:59:45</date.issue>
         <identified-content>
            <classifier type="tom">News</classifier>
            <classifier type="taxonomy">Sports/Hockey/NHL</classifier>
            <classifier type="contentdesk">Sports</classifier>
            <classifier type="subdesk"/>
            <location class="primary">Boston, MA</location>
            <location class="latitudelongitude">(42.3584308,-71.0597732)</location>
         </identified-content>
      </docdata>
   </head>
   <body>
      <body.head>
         <hedline>
            <hl1>NHL highlights</hl1>
            <hl2 hl2class="subhead"/>
            <hl2 hl2class="overline"/>
            <hl2 hl2class="label"/>
         </hedline>
         <byline>
            <person/>
            <byttl/>
         </byline>
         <abstract>This is sports agate content</abstract>
      </body.head>
      <body.content>
         <block class="txt">
            <p>Multiple scorers</p>
            <p>Thomas Vanek, Buffalo3</p>
            <p>Jiri Hudler, Calgary2</p>
            <p>Brad Marchand, Boston2</p>
            <p>John Mitchell, Colorado2</p>
            <p>P.A. Parenteau, Colorado2</p>
            <p>Paul Stastny, Colorado2</p>
            <p>John Tavares, NYI2</p>
            <p>Notables</p>
            <p>&#x25A0;&#160;<em class="b">Pittsburgh</em> is winless at home, but 4-1 on the road. 
</p>
            <p>&#x25A0;&#160;The <em class="b">Islanders</em>, who came in converting 30 percent of their power-play chances, got their first two goals with the extra man.</p>
         </block>
      </body.content>
   </body>
</nitf>