<?xml version="1.0" encoding="utf-8"?>
<nitf xmlns:xs="http://www.w3.org/2001/XMLSchema" version="//IPTC/DTD NITF 3.2/EN">
   <head>
      <story.date>02-01-2013</story.date>
      <pubdata name="Globe" position.section="News" position.subsection="Obits"
               position.sequence="B,12,504"
               type="print"
               date.publication="20130201000000-05:00"
               ex-ref="http://www.bostonglobe.com/metro/obituaries/2013/02/01/chuck-hinton-last-washington-senator-hit-dies/6g9zRf9qfLamedm8KJku9K/story.html"/>
      <title>01hinton</title>
      <docdata>
         <doc.id>1857569e-6b29-11e2-b0fe-25b534362601</doc.id>
         <doc.copyright holder="Washington Post"/>
         <doc.rights owner="Washington Post"/>
         <date.issue norm="20130201002022-05:00">2013-02-01T00:20:22</date.issue>
         <identified-content>
            <classifier type="tom">News</classifier>
            <classifier type="taxonomy">Sports/Baseball/MLB</classifier>
            <classifier type="contentdesk">Obits</classifier>
            <classifier type="subdesk"/>
            <location class="primary">Washington, DC</location>
            <location class="latitudelongitude">(38.8951118,-77.0363658)</location>
         </identified-content>
      </docdata>
   </head>
   <body>
      <body.head>
         <hedline>
            <hl1>Chuck Hinton, Senator; coached at Howard University</hl1>
            <hl2 hl2class="subhead"/>
            <hl2 hl2class="overline"/>
            <hl2 hl2class="label"/>
         </hedline>
         <byline>
            <person>By Matt Schudel</person>
            <byttl>Washington Post</byttl>
         </byline>
         <abstract>Chuck Hinton, the last player for the Washington Senators to hit .300, and who later became the head baseball coach at Howard University and the founder of the Major League Baseball Players Alumni Association, died Jan. 27 at his home in the District of Columbia. He was 78.</abstract>
      </body.head>
      <body.content>
         <block class="txt">
            <media mediaid="1">
               <media-reference>a7fa3640-6b4c-11e2-a242-50e79c56738a.jpg</media-reference>
               <media-caption>Mr. Hinton hit .310 in 1962. No Senator ever hit .300 again.</media-caption>
               <media-producer>Washington Post/file 1962</media-producer>
               <media-metadata name="pageNumber" value="12"/>
               <media-metadata name="wShape" value="259.2"/>
               <media-metadata name="hShape" value="357"/>
            </media>
            <p>WASHINGTON &#8212; Chuck Hinton, the last player for the Washington Senators to hit .300, and who later became the head baseball coach at Howard University and the founder of the Major League Baseball Players Alumni Association, died Sunday at his home in the District of Columbia. He was 78.</p>
            <p>He had Parkinson&#8217;s disease, his daughter Kimberly Stewart said.</p>
            <p>Mr. Hinton was considered the best player on some atrocious Senators teams of the early 1960s. He joined the club in 1961, when a new expansion team began playing in Washington after the original Senators had departed for Minnesota.</p>
            <p>In his four seasons with the Senators, the fast and powerful Mr. Hinton was one of the few bright spots on a team that lost at least 100 games each year. He was primarily an outfielder, but he was so skilled that he played seven different positions for the Senators.</p>
            <p>His finest season came in 1962, when his .310 batting average was fourth in the American League. No Senator ever hit .300 again before the franchise moved to Texas after the 1971 season.</p>
            <p>Mr. Hinton led the Senators in stolen bases all four years he was with the team and finished second in the league in 1962 and 1963, behind only Hall of Famer Luis Aparicio. Mr. Hinton was named to the American League all-star team in 1964.</p>
            <p>&#8220;I thought he was going to be the next Willie Mays,&#8217;&#8217; his former Senator teammate Jim Hannan said Tuesday. &#8220;He was an exciting player. He could do everything.&#8217;&#8217;</p>
            <p>But Mr. Hinton did not reach the major leagues until 1961, when he was already 27. He was seriously injured Sept. 5, 1963, when he was struck in the left ear by a pitch thrown by the New York Yankees&#8217; Ralph Terry.</p>
            <p>Carried from the field unconscious, Mr. Hinton was hospitalized but returned to the lineup after &#173;only eight days. He later told The Washington Post that the effects of the concussion hampered his game.</p>
            <p>&#8220;If I turned my head sharply, I&#8217;d see two balls coming up to the plate,&#8217;&#8217; he said. &#8220;And in the outfield, it was like running uphill and downhill. At night, there were times when everything had a halo on it.&#8217;&#8217;</p>
            <p>After the 1964 season, Mr. Hinton was traded to the Cleveland Indians and later played with the California Angels and a second time with the Indians before retiring in 1971. He is one of the few &#173;major leaguers to have played every position except pitcher. He finished his career with a .264 batting average, 113 home runs, and 130 stolen bases.</p>
            <p>Throughout his baseball career, Mr. Hinton made his off-season home in Washington, where he opened several businesses and worked for the Department of Recreation.</p>
            <p>In 1972, his first season as Howard University&#8217;s baseball coach, he led the Bison to their first Mid-Eastern Athletic Conference championship.</p>
            <p>&#8220;That&#8217;s one of the biggest thrills ever,&#8217;&#8217; Mr. Hinton said at the time, &#8220;on a par with hitting .310 for the Senators.&#8217;&#8217;</p>
            <p>He coached the Howard baseball team for 28 years, retiring when the university discontinued the program. Two of his players, Milt Thompson and Gerry Davis, reached the major leagues.</p>
            <p>In 1982, Mr. Hinton was the driving force behind the formation of the Major League Baseball Players Alumni Association, which promotes baseball to young people and has raised millions of dollars for charity.</p>
            <p>&#8220;The idea came from Chuck Hinton,&#8217;&#8217; said Fred Valentine, who played with Mr. Hinton for the &#173;Senators and is vice president of the alumni association
. &#8220;Thirty years later, we&#8217;ve grown to be one of the strongest associations in sports.&#8217;&#8217;</p>
            <p>Charles Edward Hinton Jr. was born in Rocky Mount, N.C. He played football, basketball, and baseball at Shaw University in Raleigh, N.C., and served two years in the US Army in the 1950s.</p>
            <p>In 1956, he hitchhiked 300 miles to attend a baseball tryout camp, where he was signed by the &#173;Baltimore Orioles. He won two minor-league batting championships in the Orioles system before he was claimed in an expansion draft after the 1960 season by the newly formed Senators.</p>
            <p>In 1965, while still playing in the major leagues, Mr. Hinton began working for the D.C. Recreation Department, where he mentored young people for more than 30 years. He was an outstanding golfer who often played in charity tournaments, and a member of the Integrity Church International in Landover, Md.</p>
            <p>He leaves his wife of 57 years, Irma Macklin Hinton of Washington; three children, Charles Hinton III of Washington, Kimberly Stewart of Mitchellville, Md., and Tiffany Salaberrios of City Island, N.Y.; and three granddaughters. A daughter, Jonquil Branch Hawkins, died in 2002.</p>
            <p>Chuck Hinton remained a fan favorite in Washington, and Howard named him to its coaching hall of fame.</p>
            <p>&#8220;This job with Howard is thrilling,&#8217;&#8217; Mr. Hinton told The Washington Post in 1972. &#8220;Every ballplayer has a desire to manage. Mine is to coach youngsters. What more can a man want?&#8217;&#8217;</p>
         </block>
      </body.content>
   </body>
</nitf>