<?xml version="1.0" encoding="utf-8"?>
<nitf xmlns:xs="http://www.w3.org/2001/XMLSchema" version="//IPTC/DTD NITF 3.2/EN">
   <head>
      <story.date>02-01-2013</story.date>
      <pubdata name="Globe" position.section="News" position.subsection="Metro"
               position.sequence="B,3,31"
               type="print"
               date.publication="20130201000000-05:00"
               ex-ref="http://www.bostonglobe.com/metro/2013/02/01/serious-crime-cambridge-drops-lowest-mark-almost-years-police-say/gJuAw22kxpljetRgyd3WJP/story.html"/>
      <title>01cambridge</title>
      <docdata>
         <doc.id>690af880-6bf0-11e2-baa1-9e8515cd26f3</doc.id>
         <doc.copyright holder="For The Boston Globe"/>
         <doc.rights owner="For The Boston Globe"/>
         <date.issue norm="20130201001339-05:00">2013-02-01T00:13:39</date.issue>
         <identified-content>
            <classifier type="tom">News</classifier>
            <classifier type="taxonomy">News/US/Massachusetts</classifier>
            <classifier type="contentdesk">Metro</classifier>
            <classifier type="subdesk"/>
            <location class="primary">Cambridge, MA</location>
            <location class="latitudelongitude">(42.3736158,-71.1097335)</location>
         </identified-content>
      </docdata>
   </head>
   <body>
      <body.head>
         <hedline>
            <hl1>Sharp drop in crime reported</hl1>
            <hl2 hl2class="subhead">Cambridge mark is a 50-year low</hl2>
            <hl2 hl2class="overline"/>
            <hl2 hl2class="label"/>
         </hedline>
         <byline>
            <person>By Brock Parker</person>
            <byttl>Globe Correspondent</byttl>
         </byline>
         <abstract>Serious crime in Cambridge fell by 3 percent in 2012, sinking to the lowest mark in almost 50 years, the city&#8217;s police department reported Thursday. Violent crimes fell from 436 in 2011 to 414 in 2012, the department said. Overall, the number of crimes reported in the city fell from 3,567 in 2011 to 3,478 last year, which is the lowest total in the city since 1963.</abstract>
      </body.head>
      <body.content>
         <block class="txt">
            <p>Serious crime in Cambridge fell by 3 percent in 2012, sinking to the lowest mark in &#173;almost 50 years, the city&#8217;s Police Department reported Thursday.</p>
            <p>Violent crimes fell from 436 in 2011 to 414 in 2012, contributing to a trend that has led to an overall drop in crime of 21 percent over the past decade, the department said.</p>
            <p>The number of crimes report&#173;ed in the city fell from 3,567 in 2011 to 3,478 last year, which is the lowest total in the city since 1963.</p>
            <p>&#8220;We are proud that crime continued to decline in 2012,&#8217;&#8217; Cambridge Police Commissioner Robert C. Haas&#160;said in a press release announcing the 2012 crime statistics. &#8220;But we&#8217;re not only focused on the numbers; we realize that a reduc&#173;tion in crime means fewer people are being victimized in our city and that is what is truly important.&#8217;&#8217;</p>
            <p>The only homicide reported in the city in 2012 was the shooting death of Charlene &#173;Holmes, a 16-year-old student at Cambridge Rindge and Latin School who was killed on &#173;Willow Street in June. In 2011, there were five homicides.</p>
            <p>The number of rapes was steady at 23, while robberies fell from 147 in 2011 to 128 last year. Aggravated &#173;assaults increased by one from the 2011 total of 261.</p>
            <p>Property crimes also fell by 2 percent, dropping from 3,131 in 2011 to 3,064 last year, &#173;police said.</p>
            <p>Larcenies from a person, commonly referred to as pickpocketing, saw the biggest &#173;increase in reported crimes, jumping by 15 percent from the 320 reported in 2011 to 368 &#173;reported last year.</p>
            <p>Police issued an advisory earlier in January warning residents of the recent uptick in pickpocketing, especially in Harvard Square.</p>
            <p>Overall, larcenies remained essentially even with 2011 levels, but burglaries dropped by 4 percent and automobile thefts dropped by 26 percent.</p>
            <p>The department&#8217;s analysis and use of crime data were key factors in the drop,  Haas said.</p>
            <p>&#8220;We examine every report to find trends in the data which help drive our resources,&#8217;&#8217; Haas said. &#8220;By giving our officers this information, they have done an exceptional job of working to break patterns before they are able to fully materialize.&#8217;&#8217;</p>
            <p>
               <em class="i">Brock Parker can be reached at brock.globe@gmail.com.</em>
            </p>
         </block>
      </body.content>
   </body>
</nitf>