<?xml version="1.0" encoding="utf-8"?>
<nitf xmlns:xs="http://www.w3.org/2001/XMLSchema" version="//IPTC/DTD NITF 3.2/EN">
   <head>
      <story.date>02-01-2013</story.date>
      <pubdata name="Globe" position.section="Living Arts" position.subsection=" "
               position.sequence="B,14,141"
               type="print"
               date.publication="20130201000000-05:00"
               ex-ref="http://www.bostonglobe.com/lifestyle/names/2013/01/31/marion-cotillard-honored-woman-year-hasty-pudding-theatricals/0lRLpLgbjMRzejoyADBuuL/story.html"/>
      <title>01nameshasty</title>
      <docdata>
         <doc.id>9948f400-6bd4-11e2-b0fe-25b534362601</doc.id>
         <doc.copyright holder=" "/>
         <doc.rights owner=" "/>
         <date.issue norm="20130201082921-05:00">2013-02-01T08:29:21</date.issue>
         <identified-content>
            <classifier type="tom">News</classifier>
            <classifier type="taxonomy">AE/Celebrities</classifier>
            <classifier type="contentdesk">Lifestyle</classifier>
            <classifier type="subdesk"/>
            <location class="primary">Boston, MA</location>
            <location class="latitudelongitude">(42.3584308,-71.0597732)</location>
         </identified-content>
      </docdata>
   </head>
   <body>
      <body.head>
         <hedline>
            <hl1>Cotillard honored as Hasty&#8217;s Woman of the Year</hl1>
            <hl2 hl2class="subhead"/>
            <hl2 hl2class="overline"/>
            <hl2 hl2class="label"/>
         </hedline>
         <byline>
            <person/>
            <byttl/>
         </byline>
         <abstract>Maybe because the cross-dressing men of Harvard&#8217;s Hasty Pudding Theatricals remind her of the Moulin Rouge, French actress <em class="b">Marion Cotillard</em> looked entirely at ease while being honored Thursday as the troupe&#8217;s 2013 Woman of the Year.</abstract>
      </body.head>
      <body.content>
         <block class="txt">
            <media mediaid="1">
               <media-reference>2712efdc-6bfa-11e2-822d-5680187169b0.jpg</media-reference>
               <media-caption>Actress Marion Cotillard (with Renee Rober, left, and Ben Moss) waves during the Hasty Pudding parade.</media-caption>
               <media-producer>Photos By Jim Davis/Globe Staff </media-producer>
               <media-metadata name="pageNumber" value="14"/>
               <media-metadata name="wShape" value="476.16"/>
               <media-metadata name="hShape" value="336"/>
            </media>
            <media mediaid="2">
               <media-reference>31f47bc4-6bf9-11e2-822d-5680187169b0.jpg</media-reference>
               <media-caption>Cotillard with Ethan Hardy during the Hasty Pudding show.</media-caption>
               <media-producer/>
               <media-metadata name="pageNumber" value="14"/>
               <media-metadata name="wShape" value="313.44"/>
               <media-metadata name="hShape" value="147"/>
            </media>
            <p>Maybe because the cross-dressing men of Harvard&#8217;s Hasty Pudding Theatricals remind her of the Moulin Rouge, French actress <em class="b">Marion Cotillard</em> looked entirely at ease while being honored Thursday as the troupe&#8217;s 2013 Woman of the Year. And that&#8217;s saying something because the Hastys don&#8217;t take it easy on the winners of their coveted Pudding Pot, as some previous winners, including <em class="b">Catherine Zeta-Jones</em>, <em class="b">Halle Berry</em>, <em class="b">Anne Hathaway</em>, and<em class="b"> Claire Danes</em>, can attest. Best known for her Oscar-winning portrayal of French chanteuse <em class="b">Edith Piaf </em>in &#8220;La Vie En Rose,&#8217;&#8217; Cotillard&#8217;s other recent credits include<em class="b"> Jacques Audiard</em>&#8217;s &#8220;Rust and Bone,&#8217;&#8217; <em class="b">Christopher Nolan</em>&#8217;s &#8220;Inception,&#8217;&#8217; <em class="b">Woody Allen</em>&#8217;s &#8220;Midnight in Paris,&#8217;&#8217; and <em class="b">Steven Soderbergh</em>&#8217;s &#8220;Contagion.&#8217;&#8217; A day that started dark and stormy was clear and bright by the time Cotillard and a band of Pudding pranksters climbed into a Bentley convertible for the traditional parade down Mass. Ave. </p>
            <p>During the show that preceded the presentation of the Pudding Pot, Cotillard was teased, but not terribly. She was ridiculed, in particular, for some of the movies on her resume, notably &#8220;A Good Year,&#8217;&#8217; which Hasty president <em class="b">Renee Rober </em>said &#8220;is English for &#8216;A Bad Movie.&#8217;&#8201;&#8217;&#8217;</p>
            <p>But the actress, dressed in black pants, boots, and a groovy gray top, easily won the crowd over when, ordered to sing a bit of Piaf from the stage, made the most delicate and enchanting sound.</p>
            <p>Talking to reporters afterward, the 37-year-old actress said she has a few favorites among this year&#8217;s Oscar nominees.</p>
            <p>&#8220;I&#8217;m totally in love with <em class="b">Jennifer Lawrence</em>,&#8217;&#8217; she said, &#8220;and I was very moved by <em class="b">Naomi Watts</em>&#8217;s performance (in &#8220;The Impossible&#8217;&#8217;), but I haven&#8217;t seen the whole of the movies.&#8217;&#8217;</p>
            <p>Of her day in Cambridge, which included a healthy lunch of bibb salad, flaky provencal galette, and chocolate torte at UpStairs on the Square, Cotillard said it was entertaining.</p>
            <p>&#8220;I had no idea what was going to happen,&#8217;&#8217; said the actress, who had never been to Boston before. &#8220;And I really didn&#8217;t want to investigate and find out what the roast would be like.&#8217;&#8217; </p>
         </block>
      </body.content>
   </body>
</nitf>