<?xml version="1.0" encoding="utf-8"?>
<nitf xmlns:xs="http://www.w3.org/2001/XMLSchema" version="//IPTC/DTD NITF 3.2/EN">
   <head>
      <story.date>02-01-2013</story.date>
      <pubdata name="Globe" position.section="Business" position.subsection=" "
               position.sequence=",,54"
               type="print"
               date.publication="20130201000000-05:00"
               ex-ref="http://www.bostonglobe.com/business/2013/02/01/boston-chamber-urges-changes-corporate-taxes-make-massachusetts-more-competitive/wHTbBR8DpqBGa3EC0M6HMI/story.html"/>
      <title>01biztax(1)</title>
      <docdata>
         <doc.id>682ff5d4-6bc6-11e2-a242-50e79c56738a</doc.id>
         <doc.copyright holder="The Boston Globe"/>
         <doc.rights owner="The Boston Globe"/>
         <date.issue norm="20130131235054-05:00">2013-01-31T23:50:54</date.issue>
         <identified-content>
            <classifier type="tom">News</classifier>
            <classifier type="taxonomy">Business/Other;Business/Taxes;News/US/Massachusetts;News/US</classifier>
            <classifier type="contentdesk">Business</classifier>
            <classifier type="subdesk"/>
            <location class="primary">Boston, MA</location>
            <location class="latitudelongitude">(42.3584308,-71.0597732)</location>
         </identified-content>
      </docdata>
   </head>
   <body>
      <body.head>
         <hedline>
            <hl1>Lower corporate taxes will aid growth, Boston Chamber says</hl1>
            <hl2 hl2class="subhead"/>
            <hl2 hl2class="overline"/>
            <hl2 hl2class="label"/>
         </hedline>
         <byline>
            <person>By Beth Healy</person>
            <byttl>Globe Staff</byttl>
         </byline>
         <abstract>Corporate taxes in Massachusetts are the fifth-highest in the country, and should be changed to make the state more competitive, the Greater Boston Chamber of Commerce said in a report Thursday. The Chamber suggested four areas where the commonwealth could reduce the corporate tax burden and put Massachusetts closer in line with other states&#8217; tax policies. </abstract>
      </body.head>
      <body.content>
         <block class="txt">
            <p>Corporate taxes in Massachusetts are the fifth-highest in the country, and should be changed to make the state more competitive, the Greater Boston Chamber of Commerce said in a report Thursday.</p>
            <p>While Massachusetts enjoys a number of draws for companies, including talent and some leading industries, &#8220;we are lagging when it comes to business cost structure, notably the corporate tax system,&#8217;&#8217; according to Paul Guzzi, the chamber&#8217;s chief executive.</p>
            <p>The chamber suggested four areas where the commonwealth could reduce the corporate tax burden and put Massachusetts closer in line with other states&#8217; tax policies. Those include letting financial services and utilities companies carry forward losses over 20 years, as other industries can, and <em class="b"/>allowing companies that operate in multiple states to pay Massachusetts taxes proportionate to their business here.</p>
            <p>In addition, the proposal calls for ending the balance-sheet tax, which the chamber calls a double taxation of businesses.</p>
            <p>&#8220;We&#8217;re becoming an outlier&#8217;&#8217; with the balance-sheet tax, said Jim Klocke, executive vice president of the chamber. This tax, which is in addition to the tax on profits, applies even when companies lose money. </p>
            <p>The chamber recommended phasing in these changes starting Jan. 1, 2015. But the business group said it has not yet tallied the effect such changes would have on revenue to the state, at a time when Massachusetts is facing strained budgets and Governor Deval Patrick wants to raise taxes on individuals and companies, while lowering the sales tax.</p>
            <p>Patrick has proposed raising sales taxes on certain computer software and services, as well as reclassifying some businesses and changing deductions. His proposals would ring up $499 million in new taxes, according to an analysis by the Massachusetts Taxpayer Foundation.</p>
            <p>&#8220;There is very little in the governor&#8217;s proposal to help business,&#8217;&#8217; foundation president Michael Widmer said in an e-mail. In addition to direct tax increases on companies, he said, the increase in income tax rates would affect small businesses as well.</p>
            <p>&#8220;With the fifth highest corporate tax burden in the nation and a still-fragile economy, we need long-term steps which reduce rather than increase that burden,&#8217;&#8217; the chamber&#8217;s Klocke said of the governor&#8217;s plan.</p>
            <p>Massachusetts&#8217;s corporate taxes add up to 0.54 percent of the state&#8217;s GDP &#8212; 74 percent higher than the average for the other states, according to the report, which the accounting firm PricewaterhouseCoopers helped prepare.</p>
            <p>The chamber said only Alaska, New Hampshire, West Virginia, and California tax companies at a higher rate than Massachusetts.</p>
            <p>
               <em class="i">Beth Healy can be reached at bhealy@globe.com.</em>
            </p>
         </block>
      </body.content>
   </body>
</nitf>