<?xml version="1.0" encoding="utf-8"?>
<nitf xmlns:xs="http://www.w3.org/2001/XMLSchema" version="//IPTC/DTD NITF 3.2/EN">
   <head>
      <story.date>02-01-2013</story.date>
      <pubdata name="Globe" position.section="News" position.subsection="Metro"
               position.sequence="B,1,11"
               type="print"
               date.publication="20130201000000-05:00"
               ex-ref="http://www.bostonglobe.com/metro/2013/02/01/court-appeals-orders-new-trial-shawn-drumgold-lawsuit-man-wrongfully-convicted-boston-murder/QPbt1OADjByty0X7q3xZFO/story.html"/>
      <title>01drumgold</title>
      <docdata>
         <doc.id>589e33a6-6c07-11e2-a242-50e79c56738a</doc.id>
         <doc.copyright holder="The Boston Globe"/>
         <doc.rights owner="The Boston Globe"/>
         <date.issue norm="20130201042220-05:00">2013-02-01T04:22:20</date.issue>
         <identified-content>
            <classifier type="tom">News</classifier>
            <classifier type="taxonomy">News/US/Massachusetts</classifier>
            <classifier type="contentdesk">Metro</classifier>
            <classifier type="subdesk"/>
            <location class="primary">Fort Point, MA</location>
            <location class="latitudelongitude">(42.3540915,-71.0463074)</location>
         </identified-content>
      </docdata>
   </head>
   <body>
      <body.head>
         <hedline>
            <hl1>New trial ordered in $14m suit</hl1>
            <hl2 hl2class="subhead">Court cites technicality in case linked to wrongful conviction </hl2>
            <hl2 hl2class="overline"/>
            <hl2 hl2class="label"/>
         </hedline>
         <byline>
            <person>By Milton J. Valencia</person>
            <byttl>Globe Staff</byttl>
         </byline>
         <abstract>Nearly four years after a Boston man won a $14 million judgment against the city for his wrongful murder conviction, a federal appeals court has ordered a new trial in the lawsuit, citing a legal technicality that will require a jury to decide whether a police detective and the city were at fault in the man&#8217;s original conviction. The US Court of Appeals for the First Circuit on Thursday ordered the new trial in the lawsuit of Shawn Drumgold.</abstract>
      </body.head>
      <body.content>
         <block class="txt">
            <media mediaid="1">
               <media-reference>0d814708-148e-11e2-90cb-0eb83a2ff777.jpg</media-reference>
               <media-caption>Shawn Drumgold served 14 years on a wrongful conviction.
</media-caption>
               <media-producer/>
               <media-metadata name="pageNumber" value=""/>
               <media-metadata name="wShape" value="140.4"/>
               <media-metadata name="hShape" value="127.5"/>
            </media>
            <p>Nearly four years after a Boston man won a high-profile, $14 million judgment against the city for his wrongful murder conviction, a &#173;federal Appeals Court has ordered a new trial in the lawsuit, citing a &#173;legal technicality that will require a jury to decide whether a police &#173;detective and the city were at fault in the man&#8217;s original conviction.</p>
            <p>On Thursday in Boston, the US Court of Appeals for the First &#173;Circuit ordered the new trial in the lawsuit of Shawn Drumgold, the former Dorchester man who was freed from prison in 2003 after serving 14 years for the killing of 12-year-old Darlene Tiffany Moore in Roxbury in 1988. </p>
            <p>The crime was one of the most notorious murders in Boston in the last quarter-century.</p>
            <p>Drumgold was freed when a state court ruled in 2003 that he had had an unfair trial, after finding that the Boston detective withheld evidence in the case that could have impeached the credibility of a key witness. Prosecutors decided against prosecuting Drumgold again.</p>
            <p>He then sued in federal court, arguing that his rights were violated. In 2009, a federal jury agreed that former Boston police &#173;detective Timothy Callahan withheld the evidence and that it caused the wrongful conviction, awarding Drumgold $1 million for each year he spent in prison.</p>
            <p>But the appeals court panel found Thursday that US District Court Judge Nancy Gertner, who oversaw the 2009 trial, erred in instructing jurors on the definition of cause, or how they should decide whether Callahan&#8217;s wrongdoing was the cause of the conviction.</p>
            <p>&#8220;We have no confidence that the .&#160;.&#160;. jury&#8217;s verdict was un&#173;affected by the instructional &#173;error,&#8217;&#8217; the Appeals Court ruled.</p>
            <p>Drumgold&#8217;s lawyer, dis&#173;appointed by the Appeals Court ruling, said she will nonetheless bring the lawsuit to trial again, arguing that jurors have clearly found that Callahan, his superiors, and the city were at fault in his erroneous conviction.</p>
            <p>&#8220;If we have to do it again, we will do it again,&#8217;&#8217; said Rosemary Scapicchio, who has represented Drumgold since he first professed his innocence. &#8220;You can&#8217;t change the facts; they are what they are.&#8217;&#8217;</p>
            <p>Scapicchio said that she had explained the decision to Drumgold and his family Thursday and that they were &#173;also disappointed, but &#8220;the fact that we can&#8217;t do this again doesn&#8217;t enter my mind.&#8217;&#8217;</p>
            <p>Drumgold has not received any of the $14 million judgment.</p>
            <p>Dot Joyce, a spokeswoman for the mayor&#8217;s office, issued a statement saying: &#8220;The city is very pleased that the Court of Appeals has found in our favor. Our Law Department will study the decision before planning its next steps.&#8217;&#8217;</p>
            <p>Drumgold, 47, was released from prison in 2003 amid much controversy after a Globe report found questionable police work in the investigation of his role in Moore&#8217;s killing. The 12-year-old had been caught by crossfire in a gang shooting, a shocking killing that put the city on edge in one of the most violent times in recent history.</p>
            <p>Twice, federal juries have found that Callahan violated Drumgold&#8217;s rights by hiding the fact that the detective had supplied a key witness, Ricky &#173;Evans, a homeless teenager at the time, with free housing at a Howard Johnson&#8217;s motel and that he fed him repeatedly and paid him $20.</p>
            <p>Because of a lack of physical evidence in the case, prosecutors relied heavily on witnesses, including Evans, who testified that he saw Drumgold and &#173;Terrance Taylor near the street corner where Moore was killed, before and after the shooting, and that both men were armed and acting strangely. Both men were tried, but only Drumgold was convicted.</p>
            <p>Evans later changed his story, however, and said he shaped his testimony to implicate Drumgold based on discussions he overhead Callahan having with another investigator.</p>
            <p>A federal jury found in 2008 that Callahan had violated Drumgold&#8217;s rights by concealing the information, but jurors in that case could not agree on whether the detective&#8217;s wrongdoing led to the conviction. The case was declared a mistrial, but a separate jury found in 2009 that the detective was the cause of the conviction and that Drumgold was entitled to a monetary award.</p>
            <p>In her instructions, Gertner had told jurors in 2009 that they had to find that Callahan caused the conviction in some way, and she used a fire as a metaphor: If two fires had joined together and burned a barn, and one of the fires was started by a match, then the person who who lit the match could be held responsible for the barn fire.</p>
            <p>But the Appeals Court, while dismissing Callahan&#8217;s other statements that he did nothing wrong, argued that jurors would have to come to a more direct conclusion that Callahan&#8217;s wrongdoing had led to Drumgold&#8217;s conviction and that he would not have been convicted any other way.</p>
            <p>
               <em class="i">Milton J. Valencia can be reached at MValencia@ globe.com. Follow him on  Twitter @MiltonValencia.</em>
            </p>
         </block>
      </body.content>
   </body>
</nitf>