<?xml version="1.0" encoding="utf-8"?>
<nitf xmlns:xs="http://www.w3.org/2001/XMLSchema" version="//IPTC/DTD NITF 3.2/EN">
   <head>
      <story.date>02-01-2013</story.date>
      <pubdata name="Globe" position.section="Living Arts" position.subsection=" "
               position.sequence="G,31,23"
               type="print"
               date.publication="20130201000000-05:00"
               ex-ref="http://www.bostonglobe.com/arts/television/2013/01/31/critic-corner-for-friday-feb/OmXtx6j8dKQpIG78CiYrfP/story.html"/>
      <title>01crit</title>
      <docdata>
         <doc.id>c4039c3a-6ae5-11e2-b0fe-25b534362601</doc.id>
         <doc.copyright holder="The Boston Globe"/>
         <doc.rights owner="The Boston Globe"/>
         <date.issue norm="20130201001947-05:00">2013-02-01T00:19:47</date.issue>
         <identified-content>
            <classifier type="tom">News</classifier>
            <classifier type="taxonomy">AE/TV and radio</classifier>
            <classifier type="contentdesk">Arts</classifier>
            <classifier type="subdesk">TV</classifier>
            <location class="primary">Boston, MA</location>
            <location class="latitudelongitude">(42.3584308,-71.0597732)</location>
         </identified-content>
      </docdata>
   </head>
   <body>
      <body.head>
         <hedline>
            <hl1>Critic&#8217;s corner</hl1>
            <hl2 hl2class="subhead"/>
            <hl2 hl2class="overline"/>
            <hl2 hl2class="label"/>
         </hedline>
         <byline>
            <person>By Matthew Gilbert</person>
            <byttl>Globe Staff</byttl>
         </byline>
         <abstract>Matthew Gilbert&#8217;s TV notes, including &#8220;The NAACP Image Awards&#8217;&#8217; and &#8220;Dexter.&#8217;&#8217;</abstract>
      </body.head>
      <body.content>
         <block class="txt">
            <media mediaid="1">
               <media-reference>2f2eaa3c-6b3f-11e2-a242-50e79c56738a.jpg</media-reference>
               <media-caption/>
               <media-producer>Charles Sykes/AP/file</media-producer>
               <media-metadata name="pageNumber" value="31"/>
               <media-metadata name="wShape" value="268.4"/>
               <media-metadata name="hShape" value="189"/>
            </media>
            <media mediaid="2">
               <media-reference>931b51c6-6b3f-11e2-a242-50e79c56738a.jpg</media-reference>
               <media-caption/>
               <media-producer>Randy Tepper/Showtime via AP</media-producer>
               <media-metadata name="pageNumber" value="31"/>
               <media-metadata name="wShape" value="268.4"/>
               <media-metadata name="hShape" value="168"/>
            </media>
            <p>
               <em class="b">The NAACP Image Awards</em> 8 p.m., Channel 7</p>
            <p>Steve Harvey (above) hosts the 44th annual event, which honors movies, TV, music, and literature. This should not be the only awards show paying attention to &#8220;Treme,&#8217;&#8217; but sadly it is, with nominations for Clarke Peters, Khandi Alexander, Wendell Pierce, and best drama series. The contenders for the top movie prize are &#8220;Flight,&#8217;&#8217; &#8220;Django Unchained,&#8217;&#8217; &#8220;Beasts of the Southern Wild,&#8217;&#8217; &#8220;Red Tails&#8217;&#8217; and &#8220;Tyler Perry&#8217;s Good Deeds.&#8217;&#8217;</p>
            <p>
               <em class="b">Dexter</em> 8 p.m., Showtime 2</p>
            <p>Showtime has announced that season 8 of the series will air this summer. It is supposed to be the show&#8217;s last season, unless Showtime has a change of heart, which is quite possible given that &#8220;Dexter&#8217;&#8217; kills in the ratings. Please, Showtime, don&#8217;t make &#8220;Dexter&#8217;&#8217; into the walking dead. In the meantime, Showtime 2 is airing the series on Friday nights in four-episode batches beginning with the pilot. Pictured: Michael C. Hall as Dexter.</p>
            <p/>
            <p>
               <em class="b">Teen Trouble</em> 10 p.m., Lifetime</p>
            <p>Redundancy.</p>
            <p/>
            <p>
               <em class="b">Malibu Country </em>8:30 p.m., Channel 5</p>
            <p>Oxymoron.</p>
            <p/>
            <p>
               <em class="b">Diners, Drive-Ins and Dives</em> 8-10 p.m., Travel</p>
            <p>Alliteration.</p>
         </block>
      </body.content>
   </body>
</nitf>