<?xml version="1.0" encoding="utf-8"?>
<nitf xmlns:xs="http://www.w3.org/2001/XMLSchema" version="//IPTC/DTD NITF 3.2/EN">
   <head>
      <story.date>02-01-2013</story.date>
      <pubdata name="Globe" position.section="News" position.subsection="Foreign"
               position.sequence="A,3,31"
               type="print"
               date.publication="20130201000000-05:00"
               ex-ref="http://www.bostonglobe.com/news/world/2013/02/01/iran-intends-install-more-sophisticated-equipment-enrich-uranium/0lFHgw5rKO7LYefCsGKHKK/story.html"/>
      <title>01iran</title>
      <docdata>
         <doc.id>c9035f48-6bfa-11e2-b0fe-25b534362601</doc.id>
         <doc.copyright holder="New York Times"/>
         <doc.rights owner="New York Times"/>
         <date.issue norm="20130201001547-05:00">2013-02-01T00:15:47</date.issue>
         <identified-content>
            <classifier type="tom">News</classifier>
            <classifier type="taxonomy">News/Middle East</classifier>
            <classifier type="contentdesk">Foreign</classifier>
            <classifier type="subdesk"/>
            <location class="primary">Tehran, Tehran</location>
            <location class="latitudelongitude">(35.6961111,51.4230556)</location>
         </identified-content>
      </docdata>
   </head>
   <body>
      <body.head>
         <hedline>
            <hl1>Iran says it will use advanced nuclear gear</hl1>
            <hl2 hl2class="subhead">New centrifuges would accelerate enrichment</hl2>
            <hl2 hl2class="overline"/>
            <hl2 hl2class="label"/>
         </hedline>
         <byline>
            <person>By Alan Cowell</person>
            <byttl>New York Times</byttl>
         </byline>
         <abstract>Iran has told the UN nuclear supervisory body that it plans to install more sophisticated equipment at its principal nuclear enrichment plant, a diplomat said Thursday, enabling it to greatly accelerate processing of uranium in a move likely to worry the United States, Israel, and the West.</abstract>
      </body.head>
      <body.content>
         <block class="txt">
            <p>LONDON &#8212; Iran has told the UN nuclear supervisory body that it plans to install more sophisticated equipment at its principal nuclear enrichment plant, a diplomat said Thursday, in a move likely to worry the United States, Israel, and the West.</p>
            <p>The diplomat, based in Vienna, the headquarters of the International Atomic Energy Agency, cited a letter from Iranian officials to the IAEA saying it wants to upgrade its main enrichment plant at Natanz. The upgrade could accelerate uranium enrichment by as much as two or three times, the diplomat said, requesting anonymity.</p>
            <p>The United States and its allies accuse Tehran of seeking the technology for nuclear weapons, but Iran says it wants to use enriched uranium purely for civilian and peaceful purposes.</p>
            <p>The disclosure came amid high regional tension, a day after US officials said Israeli warplanes struck deep inside Syrian territory. The US officials said they believed the target was a convoy carrying sophisticated antiaircraft weaponry on the outskirts of the Syrian capital, Damascus, that had been intended for the Hezbollah Shi&#8217;ite militia in Lebanon.</p>
            <p>Iran is a close ally of Syria and Hezbollah. While an accelerated Iranian nuclear program would add to regional uncertainties &#8212; possibly renewing Israeli threats to strike at Iran&#8217;s nuclear facilities &#8212; there was no immediate indication that the timing of Iran&#8217;s note to the IAEA was related to the events in Syria.</p>
            <p>International negotiations on the nuclear program are stalled by disputes on the venue and date for the next round.</p>
            <p>Iranian officials offered no immediate comment on the note, but nuclear experts said Iran&#8217;s ambitions to install more sophisticated centrifuges had been known for some time. President Mahmoud Ahmadinejad of Iran first hinted publicly that Iranian scientists were conducting research to make these machines in 2006. According to news reports, Tehran began testing prototype centrifuges in 2010.</p>
            <p>It was unclear from the Iranian note whether the new centrifuges would be used to enrich uranium to the roughly 4 percent purity level used for civilian power generation or to the 20 percent purity level that can be used in medical isotope production. The higher purity is more worrisome to Iran&#8217;s adversaries because it is a short technical step away from the highly enriched uranium used in nuclear weapons.</p>
            <p>Cliff Kupchan, an Iran specialist at the Eurasia Group, a Washington-based risk consultancy, said in a note to clients Thursday that the faster centrifuges, assuming they work well, &#8216;&#8216;would mark a significant technological breakthrough&#8217;&#8217; that theoretically could shorten the amount of time Iran would need to create fuel for nuclear weapons should it choose that path.</p>
            <p>But Kupchan cautioned that &#8216;&#8216;Iran has a long history of overstating its capabilities.&#8217;&#8217;
</p>
            <p>News of the Iranian note emerged days after Iran said it lofted a monkey into space.
</p>
            <p>While US analysts said the missile technology used in the experiment appeared to have little military relevance, James E. Oberg, a former NASA engineer and author of a dozen books on human spaceflight, said Iran&#8217;s civil space advances also had propaganda value because the peaceful flights could take global attention off the nation&#8217;s military ambitions.</p>
         </block>
      </body.content>
   </body>
</nitf>