<?xml version="1.0" encoding="utf-8"?>
<nitf xmlns:xs="http://www.w3.org/2001/XMLSchema" version="//IPTC/DTD NITF 3.2/EN">
   <head>
      <story.date>02-01-2013</story.date>
      <pubdata name="Globe" position.section="Editorial Opinion"
               position.subsection="Editorial"
               position.sequence="A,14,3"
               type="print"
               date.publication="20130201000000-05:00"
               ex-ref=""/>
      <title>ehagelads</title>
      <docdata>
         <doc.id>dc6bc5e6-6a30-11e2-a242-50e79c56738a</doc.id>
         <doc.copyright holder=" "/>
         <doc.rights owner=" "/>
         <date.issue norm="20130131182356-05:00">2013-01-31T18:23:56</date.issue>
         <identified-content>
            <classifier type="tom">News</classifier>
            <classifier type="contentdesk">EditorialOpinion</classifier>
            <classifier type="subdesk">Editorials</classifier>
            <location class="primary">Boston, MA</location>
            <location class="latitudelongitude">(42.3584308,-71.0597732)</location>
         </identified-content>
      </docdata>
   </head>
   <body>
      <body.head>
         <hedline>
            <hl1>Adelson&#8217;s latest losing bet</hl1>
            <hl2 hl2class="subhead"/>
            <hl2 hl2class="overline">ad campaign against hagel</hl2>
            <hl2 hl2class="label">ad campaign against hagel</hl2>
         </hedline>
         <byline>
            <person/>
            <byttl/>
         </byline>
         <abstract>If Chuck Hagel, President Obama&#8217;s nominee to lead the Pentagon, ever harbored any doubts that he&#8217;d be confirmed, he can rest easy now that billionaire Republican donor Sheldon Adelson is lobbying against him. Adelson, the Dorchester-born casino magnate who last year spent millions of dollars backing the doomed candidacies of Newt Gingrich and Mitt Romney, has an almost unblemished record of picking losing causes.</abstract>
      </body.head>
      <body.content>
         <block class="txt">
            <p>If Chuck Hagel, President Obama&#8217;s nominee to lead the Pentagon, ever harbored any doubts that he&#8217;d be confirmed, he can rest easy now that billionaire Republican donor Sheldon Adelson is lobbying against him. Adelson, the Dorchester-born casino magnate who last year spent tens of millions of dollars backing the doomed candidacies of Newt Gingrich and Mitt Romney, has an almost unblemished record of picking losing causes.</p>
            <p>Yet that hasn&#8217;t stopped him from urging Republican senators to oppose Hagel, the former GOP senator from Nebraska whose bruising confirmation hearing was held Thursday. By coincidence, there is also a wave of TV commercials airing, supported by anonymous donors, targeting Democratic senators and urging them to vote against Hagel too.</p>
            <p>This unprecedented ad campaign against a cabinet nominee is the natural outcome of the Supreme Court&#8217;s Citizens United decision in 2010, which overturned many limits on campaign spending. The anonymously funded ads attacking Hagel would have been legal previously. But by opening up far more avenues for billionaires to swamp the airwaves, the ruling seems to have unleashed more third-party spending generally. </p>
            <p>It&#8217;s also an effort that the traditional GOP probably would have steered clear of, for an obvious reason: Hagel is likely to be confirmed, and investing in a campaign against him would be squandering resources and inviting an embarrassing defeat. The current anti-Hagel effort has an amateurish quality; it&#8217;s happening not because it&#8217;s a politically shrewd move, but because donors can afford it.</p>
            <p>As the post-Citizens United landscape becomes clearer, it is hopefully dawning on some Republicans that by unshackling the Adelsons of the world, the ruling has weakened the party&#8217;s control over its message. Instead of the Republican Party deciding which fights to pick, donors are picking for them. If Hagel is confirmed, it&#8217;s not just Adelson who will look like a loser, but the party that&#8217;s allowed itself to be led into a losing battle.</p>
         </block>
      </body.content>
   </body>
</nitf>