<?xml version="1.0" encoding="utf-8"?>
<nitf xmlns:xs="http://www.w3.org/2001/XMLSchema" version="//IPTC/DTD NITF 3.2/EN">
   <head>
      <story.date>02-01-2013</story.date>
      <pubdata name="Globe" position.section="Living Arts" position.subsection=" "
               position.sequence="G,8,1"
               type="print"
               date.publication="20130201000000-05:00"
               ex-ref="http://www.bostonglobe.com/arts/music/2013/01/31/cello-dudes/CETsENNYfJwdP4QOb34yoN/story.html"/>
      <title>01cellodudes</title>
      <docdata>
         <doc.id>7b1aba02-6a2d-11e2-baa1-9e8515cd26f3</doc.id>
         <doc.copyright holder="The Boston Globe"/>
         <doc.rights owner="The Boston Globe"/>
         <date.issue norm="20130130211716-05:00">2013-01-30T21:17:16</date.issue>
         <identified-content>
            <classifier type="tom">News</classifier>
            <classifier type="taxonomy">AE/Music</classifier>
            <classifier type="contentdesk">Arts</classifier>
            <classifier type="subdesk">ClassicalMusic</classifier>
            <location class="primary">Boston, MA</location>
            <location class="latitudelongitude">(42.3584308,-71.0597732)</location>
         </identified-content>
      </docdata>
   </head>
   <body>
      <body.head>
         <hedline>
            <hl1>Beyond the concert hall</hl1>
            <hl2 hl2class="subhead">In quartet, BSO cellists enjoy a different kind of play time</hl2>
            <hl2 hl2class="overline"/>
            <hl2 hl2class="label"/>
         </hedline>
         <byline>
            <person>By Geoff Edgers</person>
            <byttl>Globe Staff</byttl>
         </byline>
         <abstract>Yes, they are professional musicians, members of the Boston Symphony Orchestra, but the Boston Cello Quartet is as likely to play dance hall jams as it is to present Mahler and Mozart &#8212; it&#8217;s all in the group&#8217;s bag of musical tricks. On a recent afternoon, the four players rehearse in a room inside Symphony Hall. In their regular gigs, they&#8217;re looking forward to playing Shostakovich and Tchaikovsky with BSO guest conductor Andris Nelsons. But on Friday night, the quartet plays a sold-out gig at the Hotel Revere on Stuart Street to celebrate the release of their first CD, &#8220;Pictures.&#8217;&#8217;</abstract>
      </body.head>
      <body.content>
         <block class="txt">
            <media mediaid="1">
               <media-reference>077a09b4-69aa-11e2-bf18-4fb9427cef87.jpg</media-reference>
               <media-caption>The Boston Cello Quartet, whose members also play in the Boston Symphony Orchestra, has a repertoire that ranges from Bach and Dvorak to Chick Corea and Astor Piazzolla. The group is celebrating the release of its first CD, &#8220;Pictures,&#8217;&#8217; with a sold-out performance Friday night at the Revere Hotel.</media-caption>
               <media-producer>Jesse Weiner</media-producer>
               <media-metadata name="pageNumber" value=""/>
            </media>
            <media mediaid="2">
               <media-reference>895d5012-6748-11e2-8ba5-406ecaa0f04a.jpg</media-reference>
               <media-caption>From left: Mihail Jojatu, Alexandre Lecarme, Adam Esbensen, and Blaise Dejardin.</media-caption>
               <media-producer>Essdras M Suarez/Globe Staff </media-producer>
               <media-metadata name="pageNumber" value=""/>
            </media>
            <p>The kicks are never easy. Yes, the performers are professional musicians, members of one of the world&#8217;s greatest orchestras, but those few moments of the &#8220;Can-Can,&#8217;&#8217; for all the joy they bring those watching, demand coordination beyond what&#8217;s usually required of the cello section in Symphony Hall.</p>
            <p>&#8220;Maybe it&#8217;s just me,&#8217;&#8217; says Adam Esbensen. &#8220;I just can&#8217;t get my arms and legs to do different things.&#8217;&#8217;</p>
            <p>It&#8217;s not just you, says his colleague, Alexandre Lecarme. </p>
            <p>&#8220;You have to balance with one leg and kick with the other,&#8217;&#8217; he laughs. &#8220;It does require some balance and some practice.&#8217;&#8217;</p>
            <p>The Boston Cello Quartet wouldn&#8217;t have it any other way. Mahler. Mozart. French dance-hall jams. It&#8217;s all in the group&#8217;s bag of musical tricks. On a recent afternoon, the four players &#8212; all members of the Boston Symphony Orchestra &#8212; rehearse in a room inside Symphony Hall. In their regular gigs, they&#8217;re looking forward to playing Shostakovich and Tchaikovsky with guest conductor Andris Nelsons, in a concert series that runs through Tuesday. But on Friday night, the Boston Cello Quartet plays a sold-out gig at the Revere Hotel on Stuart Street to celebrate the release of its first CD, &#8220;Pictures.&#8217;&#8217;</p>
            <p>The performance will include Mozart and Mussorgsky as well as cellist Blaise Dejardin&#8217;s 13-minute medley that includes Jacques Offenbach&#8217;s accompaniment to the &#8220;Can-Can&#8217;&#8217; and an improvisational 12-bar blues during which the cellist puts down his bow, reaches into his pocket, and pulls out a harmonica.</p>
            <p>&#8220;We&#8217;re really open to anything,&#8217;&#8217; says Dejardin. &#8220;The only thing I won&#8217;t do is take my shirt off in concert. That&#8217;s not something you want to see.&#8217;&#8217;</p>
            <p>In person, the members of the Boston Cello Quartet laugh easily together, embrace humor &#8212; beyond the leg kicks, they throw other physical flourishes into their act &#8212; but also take music seriously. While many BSO players have chamber groups, they note that this is the first cello quartet affiliated with the orchestra. They also take pride in the idea that they are all capable of playing lead. That&#8217;s notable because often, in other cello quartets, one player is the soloist and the others follow.</p>
            <p>&#8220;For us, every cellist can take the tough parts,&#8217;&#8217; says Dejardin. </p>
            <p>While other cello quartets are rare, they do exist. Dejardin knows of two German groups, Quattrocelli and Rastrelli. The former plays mainly movie themes and also stages comedy; the latter, light classics and jazz.</p>
            <p>The musicians of the Boston Cello Quartet met &#8212; where else &#8212; in the BSO&#8217;s cello section. The French-born Lecarme, 35, joined the BSO in 2008. Romanian Mihail Jojatu, 36, has played in the orchestra since 2002 and counts Dinu Lipatti, the Romanian pianist-composer who died at just 33 of Hodgkin&#8217;s disease, as one of his musical heroes. American Esbensen, 36 and in his fifth season with the BSO, offers that he&#8217;s a big Van Halen fan, though, he notes, not after David Lee Roth left the band. And then there&#8217;s Dejardin, the youngest member at 28, but considered by the group to be its leader.</p>
            <p>Born in France, Dejardin loves Beethoven. At home, though, he listens mainly to jazz and blues &#8212; Stevie Ray Vaughan, Buddy Guy, and Roy Hargrove, to name a few.</p>
            <p>What the four share is a love for the cello. </p>
            <p>&#8220;I do not know any other string instrument that can do what a cello can,&#8217;&#8217; says Jojatu. &#8220;The range is the closest to the human voice. It can sound like a double bass and it can sound like a violin.&#8217;&#8217;</p>
            <p>The Boston Cello Quartet made its debut in Ozawa Hall during the summer of 2010. Since then, it&#8217;s played eight to 10 shows a year, from gigs in high school to an August 2011 performance opening for Train at Tanglewood. During that performance, the cellists also accompanied the rock band on several songs.</p>
            <p>And as much as they&#8217;re open to experimenting, the members take pride in their ability to tackle serious music, as well. </p>
            <p>&#8220;We looked at what other groups were doing and found that most cello groups were mostly doing fun music,&#8217;&#8217; says Dejardin. &#8220;Sort of what we do in the medley. Some groups do only that. I thought that being in the BSO with a long tradition of playing great classical music, that gave us a unique chance.&#8217;&#8217;</p>
            <p>To that end, they have a repertoire that ranges from Bach and Dvorak to Chick Corea and Astor Piazzolla. Esbensen says that Lecarme, the Frenchman with the thick, dark hair, is easily the most intense.</p>
            <p>&#8220;He seems really laid-back when you first know him but then he gets into these situations where he gets under pressure and he goes for it,&#8217;&#8217; says Esbensen. &#8220;If anything is going to get thrown during a rehearsal, maybe a metronome or tuner, it&#8217;s going to be him.&#8217;&#8217;</p>
            <p>&#8220;He mentioned the metronome?&#8217;&#8217; says Lecarme, pausing. &#8220;It&#8217;s because I get angry with my own playing. I get frustrated with my own playing. Believe me I&#8217;ve done much worse than that.&#8217;&#8217;</p>
            <p>During last week&#8217;s rehearsal, nothing was thrown. The quartet played Dejardin&#8217;s medley, a 13-minute mash-up that includes excerpts from more than a dozen different pieces, from Mahler&#8217;s Symphony No. 6 to Paul McCartney&#8217;s &#8220;Live and Let Die&#8217;&#8217; to the theme music for the video game Tetris. There&#8217;s also the blues progression, played in G, during which Dejardin pulls out a harmonica and channels his Charlie Musselwhite.</p>
            <p>&#8220;That&#8217;s the stuff that makes it fun for us,&#8217;&#8217; says Esbensen. &#8220;We weren&#8217;t sure what to expect, but people really like it. And it&#8217;s nice to hear actual sounds from the audience. People laughing and they even say stuff occasionally while we&#8217;re playing. They&#8217;ve clapped while we&#8217;re playing. It&#8217;s a nice feeling to have some kind of interaction from the crowd.&#8217;&#8217;</p>
            <p>They love playing in the BSO and know that the quartet is probably never going to support them financially. (They paid out of their own pockets to self-produce the debut CD.) But they get something else.</p>
            <p>&#8220;You can be allowed to be yourself a little bit more,&#8217;&#8217; says Lecarme. &#8220;In the orchestra, you have to blend in. It&#8217;s very fun for that very reason, it&#8217;s liberating.&#8217;&#8217;</p>
            <p>The Friday gig will mark the release of the quartet&#8217;s first album, which will be available to the public Feb. 5 in stores, on Amazon.com and iTunes, and then there&#8217;s a February concert in Newton and a March performance in Wayland.</p>
            <p>&#8220;We&#8217;re just having too much fun to stop now,&#8217;&#8217; said Dejardin.</p>
            <p>
               <em class="i">Geoff Edgers can be reached at gedgers@globe.com.</em>
            </p>
         </block>
      </body.content>
   </body>
</nitf>