<?xml version="1.0" encoding="utf-8"?>
<nitf xmlns:xs="http://www.w3.org/2001/XMLSchema" version="//IPTC/DTD NITF 3.2/EN">
   <head>
      <story.date>02-01-2013</story.date>
      <pubdata name="Globe" position.section="Living Arts" position.subsection=" "
               position.sequence="B,14,142"
               type="print"
               date.publication="20130201000000-05:00"
               ex-ref="http://www.bostonglobe.com/lifestyle/names/2013/02/01/francona-book-finds-audience/6eof2aiekbjpAuLcEWFTiK/story.html"/>
      <title>01namesfrancona</title>
      <docdata>
         <doc.id>48b73436-6bd7-11e2-b0fe-25b534362601</doc.id>
         <doc.copyright holder=" "/>
         <doc.rights owner=" "/>
         <date.issue norm="20130201075148-05:00">2013-02-01T07:51:48</date.issue>
         <identified-content>
            <classifier type="tom">News</classifier>
            <classifier type="taxonomy">AE/Celebrities</classifier>
            <classifier type="contentdesk">Lifestyle</classifier>
            <classifier type="subdesk"/>
            <location class="primary">Boston, MA</location>
            <location class="latitudelongitude">(42.3584308,-71.0597732)</location>
         </identified-content>
      </docdata>
   </head>
   <body>
      <body.head>
         <hedline>
            <hl1>&#8216;Francona&#8217; a hit</hl1>
            <hl2 hl2class="subhead"/>
            <hl2 hl2class="overline"/>
            <hl2 hl2class="label"/>
         </hedline>
         <byline>
            <person/>
            <byttl/>
         </byline>
         <abstract>The book by Globe columnist <em class="b">Dan Shaughnessy </em>and former Sox manager <em class="b">Terry Francona </em>is apparently selling well. We have it on good authority that &#8220;Francona – The Red Sox Years&#8217;&#8217; will debut at No. 2 on The New York Times Best Seller list on Feb. 10.</abstract>
      </body.head>
      <body.content>
         <block class="txt">
            <p>The book by Globe columnist <em class="b">Dan Shaughnessy </em>and former Sox manager <em class="b">Terry Francona </em>is apparently selling well. We hear that &#8220;Francona &#8212; The Red Sox Years&#8217;&#8217; will debut at No. 2 on The New York Times Bestseller List on Feb. 10.</p>
            <p/>
         </block>
      </body.content>
   </body>
</nitf>