<?xml version="1.0" encoding="utf-8"?>
<nitf xmlns:xs="http://www.w3.org/2001/XMLSchema" version="//IPTC/DTD NITF 3.2/EN">
   <head>
      <story.date>02-01-2013</story.date>
      <pubdata name="Globe" position.section="Living Arts" position.subsection=" "
               position.sequence="G,12,7"
               type="print"
               date.publication="20130201000000-05:00"
               ex-ref="http://www.bostonglobe.com/arts/movies/2013/01/31/movie-review-warm-bodies/EZVkW5PFq1JumINFTH64CP/story.html"/>
      <title>01warm</title>
      <docdata>
         <doc.id>502423a4-6a2a-11e2-b0fe-25b534362601</doc.id>
         <doc.copyright holder="The Boston Globe"/>
         <doc.rights owner="The Boston Globe"/>
         <date.issue norm="20130131165313-05:00">2013-01-31T16:53:13</date.issue>
         <identified-content>
            <classifier type="tom">News</classifier>
            <classifier type="taxonomy">AE/Movies;AE/Movies</classifier>
            <classifier type="contentdesk">Arts</classifier>
            <classifier type="subdesk">Movies</classifier>
            <location class="primary">Boston, MA</location>
            <location class="latitudelongitude">(42.3584308,-71.0597732)</location>
         </identified-content>
      </docdata>
   </head>
   <body>
      <body.head>
         <hedline>
            <hl1>When your boyfriend&#8217;s a zombie</hl1>
            <hl2 hl2class="subhead"/>
            <hl2 hl2class="overline">Movie Review</hl2>
            <hl2 hl2class="label"/>
         </hedline>
         <byline>
            <person>By Ty Burr</person>
            <byttl>Globe Staff</byttl>
         </byline>
         <abstract>*** Warm Bodies A zombie date flick that has its &#8220;Twilight&#8217;&#8217; and makes fun of it too, thanks to a cheeky screenplay and tart direction by Jonathan Levine (&#8220;50/50&#8217;&#8217;). Nicholas Hoult and Teresa Palmer play a zombie lad and a living girl who fall for each other after the apocalypse. It&#8217;s silly, often funny, and surprisingly sweet. (97 min., PG-13) (Ty Burr)</abstract>
      </body.head>
      <body.content>
         <block class="txt">
            <media mediaid="1">
               <media-reference>03b86704-6661-11e2-8168-3fe0aff0fa46.jpg</media-reference>
               <media-caption>Teresa Palmer and Nicholas Hoult star in the zombie love story &#8220;Warm Bodies.&#8217;&#8217;</media-caption>
               <media-producer>Jan Thijs/Summit Entertainment</media-producer>
               <media-metadata name="pageNumber" value="12"/>
               <media-metadata name="wShape" value="548.8 145"/>
               <media-metadata name="hShape" value="357 84"/>
            </media>
            <p>Movie Review</p>
            <p>&#x2605;&#x2605;&#x2605;</p>
            <p>
               <em class="b">Warm Bodies</em>
            </p>
            <p>Written and directed by: Jonathan Levine, based on a novel by Isaac Marion</p>
            <p>Starring: Nicholas Hoult, Teresa Palmer, John Malkovich, Analeigh Tipton, Rob Corddry</p>
            <p>At: Boston Common, Fenway, suburbs</p>
            <p>Running time: 97 minutes</p>
            <p>Rated: PG-13 (zombie violence, some language)</p>
            <p>I don&#8217;t know if the first zombie date flick is a step forward or backward for civilization as a whole, but I can say that &#8220;Warm Bodies&#8217;&#8217; pulls off a pretty impressive trick: It has its &#8220;Twilight&#8217;&#8217; and goofs on it too.</p>
            <p>Based on a novel by Isaac Marion, it&#8217;s a post-apocalyptic star-crossed romance, complete with neo-Shakespearean balcony scene. Over in this corner of a nameless metropolis (Montreal, doing a fair impression of Manhattan) are the remnants of human society, bossed over by survivalist Grigio (John Malkovich) and hoping to rebuild behind a massive steel wall. Out at the airport &#8212; and everywhere else, apparently &#8212; are legions of the undead, shuffling blindly through their endless days like commuters who&#8217;ve forgotten where they live.</p>
            <p>&#8220;Warm Bodies&#8217;&#8217; is narrated by an alienated young zombie (Nicholas Hoult) who calls himself &#8220;R,&#8217;&#8217; either because that&#8217;s all he can remember or all he can say. That his soulful, sarcastic inner soundtrack doesn&#8217;t match up with R&#8217;s inarticulate groans is one of the many bits of illogic the movie begs us to overlook. Which we do, because the humor&#8217;s there and the insights, such as they are, are tart. (&#8220;Remember when we could communicate?&#8217;&#8217; wonders the hero just before we get a quick flashback of pre-apocalypse humans staring into their iPhones.)</p>
            <p>&#8220;Warm Bodies&#8217;&#8217; is adolescent enough to envision a romance slowly springing up between the undead hero and Julie (Teresa Palmer), a living, breathing girl out with her friends on a recon mission, and subversive enough to have R fall in love while eating Julie&#8217;s boyfriend&#8217;s brains. (The &#8217;80s pop chestnut &#8220;Missing You&#8217;&#8217; plays on the soundtrack.) Writer-director Jonathan Levine (&#8220;50/50&#8217;&#8217;) keeps the blood and guts within PG-13 boundaries, which has the double benefit of strengthening the story line and annoying hard-core gorehounds.</p>
            <p>He also plays fast and loose with zombie lore. The undead in &#8220;Warm Bodies&#8217;&#8217; can run when they have a mind to, and they even have a stunted sort of social life. R meets regularly with his best friend M (Rob Corddry) to grunt and moan, and when he rescues Julie from the other zombies and brings her back to his bachelor pad in a stranded jet, she can&#8217;t help but be impressed by his collection of vinyl records. &#8220;Better . . . sound,&#8217;&#8217; R explains. &#8220;More . . . alive.&#8217;&#8217;</p>
            <p>Most heretical of all, the movie floats the idea that love conquers all, up to and including the physical process of zombification itself. As R spends more time with Julie, and as she warms to his cold-blooded ardor, a flush gradually returns to his cheek, his speech improves, he&#8217;s not such a stiff. Against all known crypto-medical evidence, &#8220;Warm Bodies&#8217;&#8217; suggests that affection itself might be a virus, or at least a serious antibiotic.</p>
            <p>Levine keeps the film on the right side of the silly/sweet divide, and he gets smart, committed performances out of his cast; only Malkovich, as the disapproving dad, lets on that he&#8217;s slumming. Hoult (&#8220;About a Boy&#8217;&#8217;) carries himself with sardonic vulnerability &#8212; R really has seen it all, including the far side of death &#8212; and Palmer, who was the best thing in the dopey alien romance &#8220;I Am Number Four,&#8217;&#8217; slyly undercuts the tough-girl-with-heart-of-mush clich&#233;. R and Julie are too sharp to be anybody&#8217;s Edward and Bella.</p>
            <p>And yet that balcony scene, after R staggers into the human compound in search of his lady love, works as both parody and true romance, and the following scene, in which Julie and her best friend Nora (a droll Analeigh Tipton) give the hero an un-undead makeover, is almost transgressively playful. &#8220;Warm Bodies&#8217;&#8217; eventually has to fall back on action mayhem &#173;&#8212; the most skeletal zombies, unredeemable CGI boogeymen called Bonies, mount a double assault against the humans and their own traitorous kin &#8212; and its soundtrack choices (&#8220;Sitting Here in Limbo,&#8217;&#8217; &#8220;Hungry Heart&#8217;&#8217;) are a little obvious. But the movie ends where a good modern love story should, with clasped hands and a National song croaking moodily on the soundtrack. Best of all, everyone here clearly has a taste for brains. </p>
            <p/>
            <p>
               <em class="i">Ty Burr can be reached at tburr@globe.com. Follow him on Twitter @tyburr.</em>
            </p>
         </block>
      </body.content>
   </body>
</nitf>