<?xml version="1.0" encoding="utf-8"?>
<nitf xmlns:xs="http://www.w3.org/2001/XMLSchema" version="//IPTC/DTD NITF 3.2/EN">
   <head>
      <story.date>02-01-2013</story.date>
      <pubdata name="Globe" position.section="News" position.subsection="Metro"
               position.sequence="B,1,16"
               type="print"
               date.publication="20130201000000-05:00"
               ex-ref="http://www.bostonglobe.com/metro/2013/01/31/mbta-ridership-increased-despite-fare-hike-officials-say/cZZlk5fVyZYT4XdfGZzvtM/story.html"/>
      <title>01ridership</title>
      <docdata>
         <doc.id>124af88c-6bc4-11e2-a242-50e79c56738a</doc.id>
         <doc.copyright holder=" "/>
         <doc.rights owner=" "/>
         <date.issue norm="20130201035737-05:00">2013-02-01T03:57:37</date.issue>
         <identified-content>
            <classifier type="tom">News</classifier>
            <classifier type="taxonomy">News/US/Massachusetts</classifier>
            <classifier type="contentdesk">Metro</classifier>
            <classifier type="subdesk"/>
            <location class="primary">Boston, MA</location>
            <location class="latitudelongitude">(42.3584308,-71.0597732)</location>
         </identified-content>
      </docdata>
   </head>
   <body>
      <body.head>
         <hedline>
            <hl1>MBTA ridership rose despite 2012 fare hike</hl1>
            <hl2 hl2class="subhead"/>
            <hl2 hl2class="overline"/>
            <hl2 hl2class="label"/>
         </hedline>
         <byline>
            <person/>
            <byttl/>
         </byline>
         <abstract>MBTA ridership increased in 2012 &#8212; with an average daily ridership of 1.3 million &#8212; despite an increase in bus and train fares over the summer, T officials said Thursday. Last year, 400 million people rode the T, a 2.3 percent increase over 2011. The increase defied the expectations of some analysts, who predicted ridership would decrease by as much as 5.5 percent once the fare increases were implemented.</abstract>
      </body.head>
      <body.content>
         <block class="txt">
            <media mediaid="1">
               <media-reference>a172c824-6beb-11e2-b0fe-25b534362601.jpg</media-reference>
               <media-caption/>
               <media-producer/>
               <media-metadata name="pageNumber" value=""/>
               <media-metadata name="wShape" value="128.23"/>
               <media-metadata name="hShape" value="189"/>
            </media>
            <p>Ridership on the MBTA &#173;increased 2.3 percent last year, with an average weekday ridership of 1.3 million, despite an &#173;increase in bus and train fares over the summer, T officials said Thursday. Analysts had predicted that ridership would drop by as much as 5.5 percent once fares increased. In fact, ridership continued to increase, even after the July 1 fare boost. Though overall ridership increased, trips taken on The Ride, the T&#8217;s door-to-door service for the disabled, decreased. </p>
            <p>Todd Feathers</p>
         </block>
      </body.content>
   </body>
</nitf>