<?xml version="1.0" encoding="utf-8"?>
<nitf xmlns:xs="http://www.w3.org/2001/XMLSchema" version="//IPTC/DTD NITF 3.2/EN">
   <head>
      <story.date>02-01-2013</story.date>
      <pubdata name="Globe" position.section="Living Arts" position.subsection=" "
               position.sequence="G,2,21"
               type="print"
               date.publication="20130201000000-05:00"
               ex-ref="http://www.bostonglobe.com/arts/2013/01/31/boston-area-list/OiTsdI9b7viHLw3cuBU7pJ/story.html"/>
      <title>01todo</title>
      <docdata>
         <doc.id>00934d04-64b9-11e2-8a5b-55199e331bb4</doc.id>
         <doc.copyright holder="The Boston Globe"/>
         <doc.rights owner="The Boston Globe"/>
         <date.issue norm="20130130211959-05:00">2013-01-30T21:19:59</date.issue>
         <identified-content>
            <classifier type="tom">News</classifier>
            <classifier type="taxonomy">AE/Events</classifier>
            <classifier type="contentdesk">Lifestyle</classifier>
            <classifier type="subdesk"/>
            <location class="primary">Boston, MA</location>
            <location class="latitudelongitude">(42.3584308,-71.0597732)</location>
         </identified-content>
      </docdata>
   </head>
   <body>
      <body.head>
         <hedline>
            <hl1>Boston-area To Do list</hl1>
            <hl2 hl2class="subhead"/>
            <hl2 hl2class="overline"/>
            <hl2 hl2class="label"/>
         </hedline>
         <byline>
            <person>By June Wulff</person>
            <byttl>Globe Staff</byttl>
         </byline>
         <abstract>What&#8217;s happening in and around Boston</abstract>
      </body.head>
      <body.content>
         <block class="txt">
            <media mediaid="1">
               <media-reference>41cbcb2e-6b04-11e2-b0fe-25b534362601.jpg</media-reference>
               <media-caption/>
               <media-producer>Peter Schaaf</media-producer>
               <media-metadata name="pageNumber" value="2"/>
               <media-metadata name="wShape" value="388.8"/>
               <media-metadata name="hShape" value="619.5"/>
            </media>
            <p>PICK OF THE DAY</p>
            <p>Music lab</p>
            <p>Rob Kapilow (above) is a dissector, but instead of a scalpel, the musicologist and pianist holds court to explain music themes and host performances. The subject of Friday&#8217;s <em class="b">What Makes It Great?</em> program with the JP Jofre New Tango Quintet takes a look at the four-piece set of tango pieces written by Astor Piazzolla.<em class="i"> 8 p.m. $30 and up. Jordan Hall, 30 Gainsborough St., Boston. 617-482-6661. www.celebrityseries.org</em>
            </p>
            <p>FRIDAY</p>
            <p>Bible class Patrick Gabridge&#8217;s casting and production requirements, as stated on his website, are: &#8220;Time: Summer 1523-October 6, 1536. Setting: England, Germany, Antwerp (Belgium). Set: Bare stage with portable set pieces brought on as necessary (these would include a desk on wheels, a wheelbarrow, and a stake). Lots of paper and books.&#8217;&#8217; See if the Fresh Ink Theatre&#8217;s<em class="b">&#8220;Fire on Earth&#8217;&#8217;</em> followed the writer&#8217;s instructions in this play about the creation of the English Bible.<em class="i"> 8 p.m. (through Feb. 16). $20. The Factory Theatre, 791 Tremont St., Boston. 866-811-4111. web.ovationtix.com/trs/pr/916509</em>
            </p>
            <p>Four by fifty The 50 young members of the <em class="b">Discovery Ensemble </em>strive for creative programming, and at &#8220;A Winter Evening Concert With Rossini, Adams, Stravinsky and Haydn,&#8217;&#8217; the troupe performs four pieces that share wittiness, inventiveness, and precision. The winners are: Rossini&#8217;s Overture to &#8220;The Barber of Seville,&#8217;&#8217; Adams&#8217;s Chamber Symphony, Stravinsky&#8217;s Danses concertantes, and Haydn&#8217;s Symphony No. 92, &#8220;Oxford.&#8217;&#8217; <em class="i">8 p.m. (7 p.m. conversation). $20-$40, $10 student and senior discount. Sanders Theatre, 45 Quincy St., Cambridge. 617-496-2222. www.boxoffice.harvard.edu</em>
            </p>
            <p>Marlo and that Milton girl Marlo Thomas is a fan, so if <em class="b">Kendra Cunningham </em>amuses &#8220;That Girl,&#8217;&#8217; the Milton-born comedian should tickle your funny bone. Thomas posted the following Cunningham joke on her website: &#8220;I never sit around and wonder what my ex is up to, I&#8217;m always 10 feet behind him.&#8217;&#8217; <em class="i">9 p.m. (Feb. 2 at 8 and 10:15 p.m.). $20. Dick&#8217;s Beantown Comedy Vault, 124 Boylston St., Boston. 800-401-2221. www.dickdoherty.com</em>
            </p>
            <p>Magic and more Care for an eccentric, bizarre, and funny magic show? <em class="b">The Amazing Johnathan</em> is your guy, a guy who does what he does in Las Vegas, his hometown. 
<em class="i">7:30 p.m. $29-$39. The Wilbur Theatre, 246 Tremont St., Boston. 800-745-3000. www.thewilbur.com</em>
            </p>
            <p>SATURDAY</p>
            <p>Movin&#8217; in If we can&#8217;t see Billy Joel, the next best thing is the original band from the Tony-winning musical about the piano man&#8217;s music, &#8220;Movin&#8217; Out.&#8217;&#8217; <em class="b">The Movin&#8217; Out Band </em>includes a few members of Joel&#8217;s band and Wade Preston, who played the role of Piano Man on Broadway for more than five years. <em class="i">Feb. 2 at 4 and 8 p.m. $33. The Company Theatre, 30 Accord Park Drive, Norwell. 781-871-2787. www.companytheatre.com</em>
            </p>
            <p>SUNDAY</p>
            <p>A history lesson These singers, dancers, and guitarists owe a lot to the flamenco past, and the <em class="b">Paco Pe&#241;a Flamenco Dance Company</em> provides a tribute to the art form&#8217;s legacy with &#8220;Flamenco Vivo.&#8217;&#8217; Dancers, musicians, and singers look back and show off the latest variations.<em class="i"> Feb. 3 at 2 p.m. $30-$48. Berklee Performance Center, 136 Massachusetts Ave., Boston. 617-876-4275. www.worldmusic.org</em>
            </p>
         </block>
      </body.content>
   </body>
</nitf>