<?xml version="1.0" encoding="utf-8"?>
<nitf xmlns:xs="http://www.w3.org/2001/XMLSchema" version="//IPTC/DTD NITF 3.2/EN">
   <head>
      <story.date>02-01-2013</story.date>
      <pubdata name="Globe" position.section="Sports" position.subsection=" "
               position.sequence="C,1,3"
               type="print"
               date.publication="20130201000000-05:00"
               ex-ref="http://www.bostonglobe.com/sports/2013/02/01/thoughts-ray-lewis-red-sox-sellout-streak-and-super-bowl-xlvii/E1llEGsYVXXQ8anAtkSyDK/story.html"/>
      <title>01gasper</title>
      <docdata>
         <doc.id>3fcc8822-6c03-11e2-baa1-9e8515cd26f3</doc.id>
         <doc.copyright holder="The Boston Globe"/>
         <doc.rights owner="The Boston Globe"/>
         <date.issue norm="20130201065623-05:00">2013-02-01T06:56:23</date.issue>
         <identified-content>
            <classifier type="tom">News</classifier>
            <classifier type="taxonomy">Sports/Football/NFL/Patriots;Sports/Baseball/MLB/Red Sox</classifier>
            <classifier type="contentdesk">Sports</classifier>
            <classifier type="subdesk"/>
            <location class="primary">Dorchester, MA</location>
            <location class="latitudelongitude">(42.315092,-71.049905)</location>
         </identified-content>
      </docdata>
   </head>
   <body>
      <body.head>
         <hedline>
            <hl1>Tuned into the sports world</hl1>
            <hl2 hl2class="subhead"/>
            <hl2 hl2class="overline">Christopher L. Gasper</hl2>
            <hl2 hl2class="label"/>
         </hedline>
         <byline>
            <person>By Christopher L. Gasper</person>
            <byttl>Globe Staff</byttl>
         </byline>
         <abstract>Forget the iPhone,  iPod, or iPad, it&#8217;s time for a new (literary) device, the iThink. Like an iPod at the gym, Christopher L. Gasper is putting his sports thoughts on shuffle with some random observances. </abstract>
      </body.head>
      <body.content>
         <block class="txt">
            <p>Sports and music are similar. They&#8217;re both a form of entertainment derived from performance. They both can strike a deep chord, and the enjoyment of both is highly preferential. </p>
            <p>Just check the iTunes playlists of your friends and family. </p>
            <p>So, like an iPod at the gym, I&#8217;m putting my sports thoughts on shuffle with what iThink.</p>
            <p>I think Carly Simon, not Beyonce, should perform in the Super Bowl XLVII halftime show. &#8220;You&#8217;re So Vain&#8217;&#8217; is the perfect tune for Ravens linebacker Ray Lewis. He&#8217;s so vain he definitely thinks this Super Bowl is about him.</p>
            <p>I think the NFL needs to abandon the idea of an 18-game regular season &#8212; for good. It&#8217;s beyond hypocritical for the NFL to repeatedly trumpet its efforts to protect players, and yet be willing to expose those same employees to more potential harm for profit. The expansion of the regular season and the NFL&#8217;s mission to make the game safer are diametrically opposed notions. End of story. </p>
            <p>I think it is the essence of Alex Rodriguez that while he was finally owning up to his performance-enhancing drug use in February of 2009, he was allegedly still using PEDs. It was in February of 2009 that Rodriguez fessed up and told Peter Gammons that he had used PEDs from 2001-03 in Texas. He said he had repented and been clean ever since he was traded to the Yankees in 2004. The Miami New Times has written records from the PED-peddling chief of a South Florida anti-aging clinic that have A-Rod using human growth hormone and testosterone in February of &#8217;09. Busted again, A-Fraud. </p>
            <p>I think it&#8217;s a big weekend for the Harbaugh family. Not only are Jim and John facing off in Super Bowl XLVII, but brother-in-law Tom Crean (husband of Joani Harbaugh) has his No. 3-ranked Indiana University basketball team hosting top-ranked Michigan Saturday night. The winner will have sole possession of first place in the Big Ten. The game is about as ballyhooed a contest as there has been in a tepid season of college basketball that lacks a signature team (think last year&#8217;s Won-and-Done Kentucky Wildcats) or signature player (think Jimmer Fredette).</p>
            <p>I think the Celtics are better off not making the playoffs without Rajon Rondo. The primary reason the Green pushed the Heat to Game 7 of the Eastern Conference finals last season was Rondo&#8217;s spectacular play; he averaged 20.9 points and 11.3 assists in the series. This draft is expected to be about as deep as Snooki from &#8220;Jersey Shore,&#8217;&#8217; but packaging a lottery pick could afford Danny Ainge the opportunity to dump one of the team&#8217;s collection of regrettable contracts.</p>
            <p>I think the anti-gay comments of 49ers cornerback Chris Culliver at Super Bowl Media Day exposed both his ignorance and the absurdity of Super Bowl Media Day. Culliver said in an interview with radio talk show host/comedian Artie Lange that any gay teammate would have &#8220;to get up out of here.&#8217;&#8217; </p>
            <p>The question was posed right after Culliver was asked about his planned amorous activities with women for Super Bowl week. The NFL revels in the spectacle of Media Day, even selling tickets to fans now. But the league has to do a better job of making sure that players aren&#8217;t put in a position to embarrass themselves and the league by media outlets that are there just to shock and provoke. </p>
            <p>I think Joe Flacco&#8217;s choice of words (&#8220;retarded&#8217;&#8217;) to describe the sub-Arctic Super Bowl slated for next year in New Jersey was very unfortunate, but his larger point is correct. Super Bowl XLVIII already has me frosted. It&#8217;s a terrible idea to play the preeminent pro football game in the middle of winter, in the Northeast, at night.</p>
            <p>And even if the game-night weather is 62 degrees, the logistics scream disaster. The NFL is using the midtown Manhattan Sheraton Hotel as the Super Bowl media center, but the teams are staying and practicing in New Jersey. Unless the NFL plans to part the Hudson River like the Red Sea, the traffic is going to make Route 1 in Foxborough after a Patriots game look like the Daytona 500. </p>
            <p>I think I can&#8217;t wait for the Red Sox&#8217; sellout streak to make like the Fort Myers equipment truck and hit the road. Red Sox chief operating officer and executive vice president Sam Kennedy has said there is a good chance the sellout streak (which has a double meaning) will end this season. It&#8217;s at 793 games and counting heading into the home opener April 8 against Baltimore.</p>
            <p>Unless the Sox hold a month-long, six-year anniversary celebration for the 2007 Red Sox &#8212; who wants to see Bobby Kielty throw out the first pitch? &#8212; or a Terry Cooney Teenage Mutant Ninja Turtle shoelace giveaway, there is no way they get out of April with the streak intact. April 19 against the Royals could be the date on the streak&#8217;s long-overdue death certificate. </p>
            <p>I think that former St. Louis Rams running back Marshall Faulk should blame Mike Martz for losing Super Bowl XXXVI. Faulk told Comcast&#8217;s Tom E. Curran this week that he&#8217;ll never get over being cheated out of Super Bowl XXXVI by the Improbable Dream 2001 Patriots. Faulk blames &#8220;Spygate&#8217;&#8217; for the loss. He should blame Martz&#8217;s hubris, which led him to still try to pass the ball when the Patriots were pounding the St. Louis receivers like a gavel and flooding the field with defensive backs. </p>
            <p>Faulk led the NFL in touchdowns that season with 21 and was second in yards from scrimmage. He averaged 4.5 yards per carry in the game. But St. Louis dropped back to pass 47 times and ran only 22. Whether the Patriots knew parts of their game plan or not, it was flawed. </p>
            <p>I think the Baltimore Ravens win Super Bowl XLVII. Sorry, Patriots fans. </p>
            <p>
               <em class="i">Christopher L. Gasper can be reached at cgasper@ globe.com. Follow him on Twitter @cgasper.</em>
            </p>
         </block>
      </body.content>
   </body>
</nitf>