<?xml version="1.0" encoding="utf-8"?>
<nitf xmlns:xs="http://www.w3.org/2001/XMLSchema" version="//IPTC/DTD NITF 3.2/EN">
   <head>
      <story.date>02-01-2013</story.date>
      <pubdata name="Globe" position.section="Business" position.subsection=" "
               position.sequence="B,8,91"
               type="print"
               date.publication="20130201000000-05:00"
               ex-ref="http://www.bostonglobe.com/business/2013/02/01/stocks-drift-lower-paring-january-gains/mUK8Y63d3JnC0aJmYoiG7H/story.html"/>
      <title>01markets</title>
      <docdata>
         <doc.id>2c44d574-6bf5-11e2-b0fe-25b534362601</doc.id>
         <doc.copyright holder=" "/>
         <doc.rights owner=" "/>
         <date.issue norm="20130131184855-05:00">2013-01-31T18:48:55</date.issue>
         <identified-content>
            <classifier type="tom">News</classifier>
            <classifier type="taxonomy">Business/Markets</classifier>
            <classifier type="contentdesk">Business</classifier>
            <classifier type="subdesk"/>
            <location class="primary">New York, NY</location>
            <location class="latitudelongitude">(40.7143528,-74.0059731)</location>
         </identified-content>
      </docdata>
   </head>
   <body>
      <body.head>
         <hedline>
            <hl1>Dow logs best start to the year since &#8217;94</hl1>
            <hl2 hl2class="subhead"/>
            <hl2 hl2class="overline"/>
            <hl2 hl2class="label"/>
         </hedline>
         <byline>
            <person/>
            <byttl/>
         </byline>
         <abstract>The Dow logged its best start to the year since 1994, ending the month up 5.8%, &#173;according to S&amp;P Capital IQ data. The S&amp;P 500 finished 5% higher, its best January since 1997. &#8216;There&#8217;s not a whole lot of bears left here,&#8217; said Jeff Hirsch, editor of Stock Trader&#8217;s Almanac, adding that the market may struggle to gain further in February. By one measure, the monthly flow into stock funds was the largest in nine years. Still, stocks drifted lower on Thursday as investors digested more earnings results and reports on the economy. UPS, a bellwether, fell 2.4%; its latest quarter was hurt by weak global trade, and it forecast 2013 results that would lag expectations.</abstract>
      </body.head>
      <body.content>
         <block class="txt">
            <p>The Dow had its best start to the year since 1994, ending the month up 5.8%, &#173;according to S&amp;P Capital IQ data. The S&amp;P 500 finished 5% higher, its best January since 1997. &#8216;There&#8217;s not a whole lot of bears left here,&#8217; said Jeff Hirsch, editor of Stock Trader&#8217;s Almanac, adding that the market may struggle to gain further in February. By one measure, the monthly flow into stock funds was the largest in nine years. Still, stocks drifted lower on Thursday as investors digested more earnings results and reports on the economy. UPS, a bellwether, fell 2.4%; its latest quarter was hurt by weak global trade, and it forecast 2013 results that would trail expectations.</p>
         </block>
      </body.content>
   </body>
</nitf>