<?xml version="1.0" encoding="utf-8"?>
<nitf xmlns:xs="http://www.w3.org/2001/XMLSchema" version="//IPTC/DTD NITF 3.2/EN">
   <head>
      <story.date>02-01-2013</story.date>
      <pubdata name="Globe" position.section="Living Arts" position.subsection=" "
               position.sequence="G,15,10"
               type="print"
               date.publication="20130201000000-05:00"
               ex-ref="http://www.bostonglobe.com/arts/movies/2013/01/31/movie-review-the-oscar-nominated-short-films-documentaries/Ib1gWsWOSXSRwscgUKXOXL/story.html"/>
      <title>01oscarshorts-2</title>
      <docdata>
         <doc.id>ce76f8b2-6b01-11e2-b0fe-25b534362601</doc.id>
         <doc.copyright holder="The Boston Globe"/>
         <doc.rights owner="The Boston Globe"/>
         <date.issue norm="20130131134131-05:00">2013-01-31T13:41:31</date.issue>
         <identified-content>
            <classifier type="tom">News</classifier>
            <classifier type="taxonomy">AE/Movies;AE/Movies/Oscars</classifier>
            <classifier type="contentdesk">Arts</classifier>
            <classifier type="subdesk">Movies</classifier>
            <location class="primary">Boston, MA</location>
            <location class="latitudelongitude">(42.3584308,-71.0597732)</location>
         </identified-content>
      </docdata>
   </head>
   <body>
      <body.head>
         <hedline>
            <hl1>Five documentary shorts that inspire, enrich</hl1>
            <hl2 hl2class="subhead"/>
            <hl2 hl2class="overline">Movie Review</hl2>
            <hl2 hl2class="label"/>
         </hedline>
         <byline>
            <person>By Ty Burr</person>
            <byttl>Globe Staff</byttl>
         </byline>
         <abstract>**** The Oscar Nominated Short Films 2013: Documentaries Homeless teens, women with breast cancer, Rwandan children in dire need of heart surgery -- in theory, this year&#8217;s nominated shorts promise compassion fatigue. In practice, they&#8217;re inspiring in the toughest, most moving ways. &#8220;Inocente&#8217;&#8217; is the stand-out, but they&#8217;re all good. In English, Spanish, Rwandan, Italian, with subtitles. (Program A, 123 min.; Program B, 83 min., unrated) (Ty Burr)</abstract>
      </body.head>
      <body.content>
         <block class="txt">
            <media mediaid="1">
               <media-reference>1dc8470e-6a5d-11e2-bf18-4fb9427cef87.jpg</media-reference>
               <media-caption>&#8220;Open Heart&#8217;&#8217; looks at Rwandan children with heart disease.</media-caption>
               <media-producer/>
               <media-metadata name="pageNumber" value="15"/>
               <media-metadata name="wShape" value="260.4 638.88"/>
               <media-metadata name="hShape" value="210 315"/>
            </media>
            <p>Movie Review</p>
            <p>&#x2605;&#x2605;&#x2605;&#x2605;</p>
            <p>
               <em class="b">: </em>
            </p>
            <p>At: </p>
            <p>Running time: </p>
            <p/>
            <p>()</p>
            <p>In </p>
            <p>The subjects covered in the films nominated for the 2013 documentary short Academy Award might make a moviegoer wilt at the prospect of compassion fatigue. Homeless teens, women with breast cancer, Rwandan children in dire need of heart surgery &#8212; in theory, this is an information overload of raw misery.</p>
            <p>In practice, these five shorts are not only uncommonly good but inspiring in the best, toughest, most moving ways. They don&#8217;t sugarcoat their various situations but find small moments of triumph and continuance, and they remind us of all the human stories Hollywood refuses to tell us.</p>
            <p>This year&#8217;s nominees each run around 40 minutes, so the Coolidge Corner Theatre has divided them into two programs, equally worthy. Program A leads off with this critic&#8217;s personal favorite in the category, &#8220;Inocente,&#8217;&#8217; directed by Sean Fine and Andrea Nix Fine. The title teenager is a San Diego girl who has been homeless for years, since she fled an abusive father with her mother and brothers. She&#8217;s also a terrifically gifted artist whose vibrantly colored visions erupt on canvases, walls, and, via makeup, her own face.</p>
            <p>The movie packs a lot into its 40 minutes: the trauma of Inocente&#8217;s rootlessness, the support network around her, a creative future that will take her far from her family into a new life. This feels like the first chapter in a long, rich story.</p>
            <p>&#8220;Mondays at Racine&#8217;&#8217; centers around a Long Island beauty salon that caters to breast cancer patients one day a month; director Cynthia Wade follows a handful of the woman over the course of two years as treatments progress, families fray, and endurance is tested. It&#8217;s a depiction of a harsh but tightly bonded sisterhood.</p>
            <p>&#8220;Kings Point&#8217;&#8217; at first appears to be an overly cute portrait of a Florida retirement community, but it, too, deepens as it goes. Filmmaker Sari Gilman shows how old age can be as petty as high school but also that time strips us of our illusions and reveals our innate strengths and weaknesses. The passage of an elderly woman named Mollie from worldly elegance to decrepitude is arguably as unnerving as anything in &#8220;Amour.&#8217;&#8217;</p>
            <p>Program B features two shorts. The first, &#8220;Redemption,&#8217;&#8217; is a sympathetic, discreetly outraged documentary about &#8220;canners&#8217;&#8217; &#8212; men and women on the lower rungs of Manhattan&#8217;s economic ladder who collect bottles and cans for the deposit money. Directors Jon Alpert and Matthew O&#8217;Neill use their camera to show us what we often neglect to see: the ever-present canners in so many New York street scenes, their shopping carts piled high with the bottles we throw away.</p>
            <p>The subjects include Vietnam vets, former factory workers, immigrant couples, and a college-educated ex-computer programmer who collects cans to supplement her Social Security. Every urbanite should see this film: As the divide widens between the country&#8217;s haves and have-nots, &#8220;Redemption&#8217;&#8217; shows the latter forced ever further into the cracks.</p>
            <p>The final nominee, Kief Davidson&#8217;s &#8220;Open Heart,&#8217;&#8217; tags along as eight Rwandan children suffering from rheumatic heart disease &#8212; eradicated in the US but epidemic in Africa &#8212; travel 2,500 miles to the Salam Centre in Sudan, the only cardiac surgery hospital on the entire continent. Davidson avoids overt plays for our sympathy; the footage of the surgery is astonishing, and scenes of the center&#8217;s director, Italian medic Gino Strada, meeting with Sudan&#8217;s president Omar al-Bashir (currently wanted by the International Criminal Court on charges of genocide in Darfur) are downright surreal. But the kids themselves are little miracles of hope and resilience.</p>
            <p>You come out of these two shorts programs both exhausted and enriched, uncertain which film will win the Oscar and suddenly aware that it&#8217;s beside the point.</p>
            <p>
               <em class="i">Ty Burr can be reached at tburr@globe.com. Follow him on Twitter @tyburr.</em>
            </p>
         </block>
      </body.content>
   </body>
</nitf>