<?xml version="1.0" encoding="utf-8"?>
<nitf xmlns:xs="http://www.w3.org/2001/XMLSchema" version="//IPTC/DTD NITF 3.2/EN">
   <head>
      <story.date>02-01-2013</story.date>
      <pubdata name="Globe" position.section="Living Arts" position.subsection=" "
               position.sequence="G,26,14"
               type="print"
               date.publication="20130201000000-05:00"
               ex-ref="http://www.bostonglobe.com/arts/2013/01/31/music-obsessed-find-trove-wonders-and-helpful-owner-weirdo-records/2KrJyPSKCFCOLCQuKgZyXM/story.html"/>
      <title>01heard</title>
      <docdata>
         <doc.id>d5492a72-6aeb-11e2-bf18-4fb9427cef87</doc.id>
         <doc.copyright holder="For The Boston Globe"/>
         <doc.rights owner="For The Boston Globe"/>
         <date.issue norm="20130130211854-05:00">2013-01-30T21:18:54</date.issue>
         <identified-content>
            <classifier type="tom">News</classifier>
            <classifier type="taxonomy">AE/Music</classifier>
            <classifier type="contentdesk">Arts</classifier>
            <classifier type="subdesk"/>
            <location class="primary">Cambridge, MA</location>
            <location class="latitudelongitude">(42.3673678,-71.1069563)</location>
         </identified-content>
      </docdata>
   </head>
   <body>
      <body.head>
         <hedline>
            <hl1>Record obsession</hl1>
            <hl2 hl2class="subhead">Lovers of obscure music share a longtime friend at Weirdo</hl2>
            <hl2 hl2class="overline">Scene &amp; Heard</hl2>
            <hl2 hl2class="label"/>
         </hedline>
         <byline>
            <person>By Matt Parish</person>
            <byttl>Globe Correspondent</byttl>
         </byline>
         <abstract>Stepping through the door into Weirdo Records can drop an unprepared visitor right into the middle of conversation about obscure synthesizers, upcoming noise shows, or &#8217;70s pop from Cambodia. The Central Square space is tiny &#8212; barely 100 square feet &#8212; with shelves full of records, CDs, and even VHS tapes that leave just a few feet of standing space between customers. Presiding over the shop, perched at a computer behind the back desk, is owner Angela Sawyer.</abstract>
      </body.head>
      <body.content>
         <block class="txt">
            <media mediaid="1">
               <media-reference>280483b4-67f0-11e2-8ba5-406ecaa0f04a.jpg</media-reference>
               <media-caption>Angela Sawyer (below) worked as a record clerk in various stores for years before starting Weirdo Records online, and then opening the Central Square storefront business.</media-caption>
               <media-producer>PHOTOS BY JOHN TLUMACKI/GLOBE STAFF</media-producer>
               <media-metadata name="pageNumber" value="26"/>
               <media-metadata name="wShape" value="455.33"/>
               <media-metadata name="hShape" value="420"/>
            </media>
            <media mediaid="2">
               <media-reference>2dba8a10-67f0-11e2-8ba5-406ecaa0f04a.jpg</media-reference>
               <media-caption/>
               <media-producer/>
               <media-metadata name="pageNumber" value="26"/>
               <media-metadata name="wShape" value="271.01"/>
               <media-metadata name="hShape" value="220.5"/>
            </media>
            <media mediaid="3">
               <media-reference>339e1c44-67f0-11e2-8ba5-406ecaa0f04a.jpg</media-reference>
               <media-caption/>
               <media-producer/>
               <media-metadata name="pageNumber" value="26"/>
               <media-metadata name="wShape" value="170.27"/>
               <media-metadata name="hShape" value="220.5"/>
            </media>
            <p>
               <em class="b">WEIRDO RECORDS ANNIVERSARY SHOW</em>
            </p>
            <p>With Horse Lords, Guerilla Toss, Funeral Cone, Deleuzer, Gary Peterson, Luke Sheppard</p>
            <p>At: O&#8217;Brien&#8217;s Pub, Allston, Saturday, </p>
            <p>8 p.m. Tickets: $8. 617-782-6245, www.obrienspub boston.com</p>
            <p>Stepping through the door into Weirdo Records can drop an unprepared visitor right into the middle of conversation about obscure synthesizers, upcoming noise shows, or &#8217;70s pop from Cambodia. The Central Square space is tiny &#8212; barely 100 square feet &#8212; with shelves full of records, CDs, and even VHS tapes that leave just a few feet of standing space between customers. </p>
            <p>Presiding over the shop, perched at a computer behind the back desk, is owner Angela Sawyer. One recent afternoon, a young couple browsed, asking about what had happened to early psych stars the 13th Floor Elevators, while a third customer wondered about Brazilian guitar fuzz bands. Sawyer recommended the recent documentary on Elevators frontman Roky Erikson and discussed &#8220;fish bowl bands&#8217;&#8217; that seem built to re-create ultra-specific sounds in rock history. One customer interrupted her. &#8220;Whoa, there&#8217;s a band called Los Yetis? I have to get this!&#8217;&#8217; He added it to an armful of goods.</p>
            <p>Sawyer has been a consummate record-store clerk in Boston for more than 20 years, working the register at beloved wax emporiums like In Your Ear, Twisted Village, Cheap-O Records, Looney Tunes, Pipeline, and Record Hog. She began running Weirdo as an online business out of her house in 2007, inviting those obsessed with obscure music into the fold (and often into her bedroom, which served as a showroom with official office hours). A little over a year later, she expanded to a true storefront. </p>
            <p>Its size belies its importance. Weirdo carries only about 10,000 titles, organized on shelves with labels like &#8220;Easy Listening Outsider Square,&#8217;&#8217; &#8220;Blues Roots and Pre-War,&#8217;&#8217; &#8220;Funny Shaped Stuff,&#8217;&#8217; and, simply, &#8220;Sun Ra.&#8217;&#8217; It&#8217;s a carefully curated musical hub full of bizarre records, a welcoming place for the city&#8217;s music hunters and cozy, weekly live performances. </p>
            <p>This weekend, her storefront is celebrating its fourth anniversary with a gonzo party at O&#8217;Brien&#8217;s Pub. In true Weirdo form, the show will bring together a wild variety of bands (Baltimore&#8217;s Horse Lords, Boston noise-punks Guerilla Toss, Funeral Cone, and the free improv of Deleuzer). Even truer to Weirdo are the friendships the bill represents. </p>
            <p>&#8220;I&#8217;m really grateful to people around town who&#8217;ve made things work,&#8217;&#8217; says Sawyer.  &#8220;Around the country, Boston has a superficial reputation for people who are cold and grumpy. That&#8217;s fine &#8212; that&#8217;s why I moved here! But once you get down to people who have a common narrow interest like avant-garde music, it&#8217;s really friendly. I don&#8217;t care if you&#8217;ve got a third arm growing out of your head &#8212; if you like this music, we&#8217;re friends. That&#8217;s all it takes.&#8217;&#8217;</p>
            <p>Longtime customer Michael Rosenstein first began shopping with Sawyer in the &#8217;90s when she was at Twisted Village. With a devouring appetite for music &#8212; he&#8217;s written about it for publications such as Dusted and Cadence &#8212; he spent hours among records with Sawyer.</p>
            <p>&#8220;From the beginning, she just had this encyclopedic knowledge of just everything in music,&#8217;&#8217;  Rosenstein says. &#8220;When we first met, I was deep into free jazz and European free improv music, and Angela turned me on to these newer noise acts like Hair Police and Wolf Eyes.&#8217;&#8217; </p>
            <p>Rosenstein, like many longtime customers, has become a collaborator with Sawyer, who has stayed busy outside the shop in a number of live music projects (Exusamwa, Duck That!, Preggy Peggy, and the Lazy Babymakers). Feeling like his listening was in a rut, Rosenstein took to performing to learn how to analyze recordings from a new point of view. His first ever performance was at Weirdo.</p>
            <p>Though she&#8217;s often in the role of ringleader, Sawyer treats the shop and its shows as a privilege. &#8220;The way I interact with people and my ability to connect with them is because of those records.  That&#8217;s probably sad,&#8217;&#8217; she says with a self-deprecating laugh. &#8220;But it&#8217;s great that I get to do it! I&#8217;m not giving that up anytime soon.&#8217;&#8217; </p>
            <p>BONUS TRACKS</p>
            <p>Also on Saturday, local folk-rock faves <em class="b">Tallahassee </em>throw down their &#8220;Birthday Show,&#8217;&#8217; celebrating five years in action for the band and leader Brian Barthelmes, who formed the group after a stint in the NFL with the New England Patriots. The band&#8217;s gruff front-porch personality and loping tunes of wide-open reflection have found a welcoming audience here, and it has friends Last Good Tooth, Diamond Doves (which is releasing a CD), and Hollis Brown along for the party. .&#160;.&#160;. Feb. 7 brings us to the Middle East for the latest from Boston alt-pop outfit <em class="b">Westland</em>, whose new &#8220;Intimacy Without Intricacy&#8217;&#8217; packs a dozen highly orchestrated punches a minute. The five-piece band weaves soaring vocal harmonies and bashing drums together with wall-of-sound guitars and glimmering end-of-the-world keyboards into an indestructible basket of pop-rock. It&#8217;s bringing along Halfway to Avalon, Gone by Daylight, Silhouette Rising, and DJ Lincoln. .&#160;.&#160;. Finally, Feb. 9 at Brighton Music Hall brings us the long-awaited new record from roots-rockers <em class="b">Kingsley Flood</em>, who&#8217;ve blown up on the acclaim for last year&#8217;s &#8220;Colder Still,&#8217;&#8217; with its rollicking modern juke-joint beats, moaning fiddles, road-weary vocals, and potent mix of rockabilly and spaghetti-western guitars. They&#8217;re with Velah and Air Traffic Controller.</p>
            <p>
               <em class="i">Matt Parish can be reached at mattparish@ gmail.com.</em>
            </p>
         </block>
      </body.content>
   </body>
</nitf>