<?xml version="1.0" encoding="utf-8"?>
<nitf xmlns:xs="http://www.w3.org/2001/XMLSchema" version="//IPTC/DTD NITF 3.2/EN">
   <head>
      <story.date>02-01-2013</story.date>
      <pubdata name="Globe" position.section="Living Arts" position.subsection=" "
               position.sequence="G,17,22"
               type="print"
               date.publication="20130201000000-05:00"
               ex-ref="http://www.bostonglobe.com/arts/movies/2013/01/31/movie-stars/APnXw0FPUwhEfcG8YpbEqM/story.html"/>
      <title>01kapps</title>
      <docdata>
         <doc.id>b4ff246e-6b14-11e2-baa1-9e8515cd26f3</doc.id>
         <doc.copyright holder=" "/>
         <doc.rights owner=" "/>
         <date.issue norm="20130201084335-05:00">2013-02-01T08:43:35</date.issue>
         <identified-content>
            <classifier type="tom">News</classifier>
            <classifier type="taxonomy">AE/Movies</classifier>
            <classifier type="contentdesk">Arts</classifier>
            <classifier type="subdesk">Movies</classifier>
            <location class="primary">Boston, MA</location>
            <location class="latitudelongitude">(42.3584308,-71.0597732)</location>
         </identified-content>
      </docdata>
   </head>
   <body>
      <body.head>
         <hedline>
            <hl1>Movie Stars</hl1>
            <hl2 hl2class="subhead"/>
            <hl2 hl2class="overline">Movie Stars</hl2>
            <hl2 hl2class="label"/>
         </hedline>
         <byline>
            <person/>
            <byttl/>
         </byline>
         <abstract>Capsule reviews of new and previously released films. </abstract>
      </body.head>
      <body.content>
         <block class="txt">
            <media mediaid="1">
               <media-reference>9d25a01c-4bba-11e2-beb9-6b91558de34a.jpg</media-reference>
               <media-caption>Jessica Chastain stars as a CIA agent in &#8220;Zero Dark Thirty.&#8217;&#8217;</media-caption>
               <media-producer>Jonathan Olley/Columbia Pictures </media-producer>
               <media-metadata name="pageNumber" value="18"/>
               <media-metadata name="wShape" value="268.4"/>
               <media-metadata name="hShape" value="168"/>
            </media>
            <p>Previously released</p>
            <p>
               <em class="b">&#x2605;&#x2605;&#x2605;&#x2605; Amour</em> A simple yet devastatingly profound story of an elderly French couple (Jean-Louis Trintignant and Emmanuelle Riva) during the long, squalid months of the wife&#8217;s decline. Writer-director Michael Haneke (&#8220;Cach&#233;&#8217;&#8217;) observes his subject with an unadorned style that takes on aspects of the holy. The movie avoids melodrama; instead, it&#8217;s just extraordinarily intimate. In French, with subtitles. (127 min., PG-13) (Ty Burr)<em class="b"/>
            </p>
            <p>
               <em class="b">&#x2605;&#x2605; Broken City </em>A cluttered, formulaic urban thriller, with Mark Wahlberg miscast as a conflicted tough-guy detective caught in an election week conspiracy. The best thing here &#8212; i.e., the most enjoyably bad &#8212; is Russell Crowe as a greasy, macho New York City mayor. He&#8217;s Michael Bloomberg&#8217;s evil twin. With Catherine Zeta-Jones and Jeffrey Wright. (109 min., R) (Ty Burr) </p>
            <p>
               <em class="b">&#x2605;&#x2605;&#x2605;&#xBD; Django Unchained </em>In Quentin Tarantino&#8217;s clear-eyed and completely out of its mind exploitation western, Jamie Foxx plays a freed slave in 1853 on the way to rescue his wife (Kerry Washington) from a Mississippi plantation. Tarantino has never been more himself than he is here: grisly kitsch rigged for shock in a way that refuses to cheapen the atrocity of its subject. With Christoph Waltz, Leonardo DiCaprio, and an audacious Samuel L. Jackson. (165 min., R) (Wesley Morris)</p>
            <p>
               <em class="b">&#x2605;&#x2605; Gangster Squad</em> Josh Brolin and Ryan Gosling head a secret crew of cops intent on bringing down crime boss Mickey Cohen (Sean Penn). This is almost like every popular movie about crooks and cops made in the last four decades, but it&#8217;s never enough like its own movie. Director Ruben Fleischer gives it some flash and bang, but it inadequately substitutes for what you could be watching instead. (113 min., R ) (Wesley Morris)</p>
            <p>&#x2605;&#x2605;<em class="b"> The Impossible </em>A grueling, well-crafted true-life drama that takes one of the worst natural disasters in history &#8212; the 2004 Indian Ocean tsunami &#8212; and reduces it to a really bad day at Club Med. Naomi Watts and Ewan McGregor are excellent as vacationing Europeans in Thailand, as is Tom Holland as their eldest son. (114 min., PG-13) (Ty Burr)</p>
            <p>
               <em class="b">&#x2605;&#x2605; The Last Stand</em> Arnold Schwarzenegger&#8217;s wrinkles actually serve him well in playing a veteran lawman working a border enclave. Things get dicey when slithery Peter Stormare hits town with bridge-building gear, and an escaped Mexican cartel boss comes rocketing south. Director Kim Jee-woon seems to take an approach that&#8217;s less &#8220;let&#8217;s see what sticks&#8217;&#8217; than &#8220;who cares what sticks,&#8217;&#8217; with results that can be funny but also oddly arrhythmic. (107 min., R) (Tom Russo)</p>
            <p>
               <em class="b">&#x2605;&#x2605;&#xBD; Les Mis&#233;rables </em>What&#8217;s great about the first half of Tom Hooper&#8217;s gigantic film of the musical is the balance it strikes between the mis&#233;rable and the miz. After 2&#xBD; hours, the movie becomes a bowl of trail mix &#8212; you&#8217;re picking out the nuts you don&#8217;t like and hoping the next bite doesn&#8217;t contain any craisins. With Hugh Jackman and Anne Hathaway, who are wonderful, and Russell Crowe, who&#8217;s not and it breaks your heart (and hurts your ears). (157 min., PG-13) (Wesley Morris)</p>
            <p>&#x2605;&#x2605;<em class="b">A Liar&#8217;s Autobiography: The Untrue Story of Monty Python&#8217;s Graham Chapman</em> And now for something completely different: an animated multi-chapter documentary life story that is narrated by its own subject, Monty Python&#8217;s Graham Chapman, who has been inconveniently dead for 23 years, and who&#8217;s probably making it all up anyway. For Python completists only. (85 min., R) (Ty Burr)</p>
            <p>&#x2605;&#x2605;&#x2605;<em class="b">Life of Pi </em>Ang Lee&#8217;s adaptation of Yann Martel&#8217;s best-selling novel is a marvel of contradictions: a movie about the magnificence of nature that&#8217;s largely computer-made, a two-character epic, a 3-D extravaganza that takes place inside a 20-foot lifeboat. The movie shouldn&#8217;t work at all, but it does. Keep kids under 10 at home, though. With Suraj Sharma and Irrfan Khan. (127 min., PG) (Ty Burr)</p>
            <p>
               <em class="b">&#x2605;&#x2605;&#x2605;&#xBD; Lincoln</em> In the weeks following his reelection, Abraham Lincoln (a remarkable Daniel Day-Lewis) fights to get the 13th Amendment abolishing slavery passed. A terrifically entertaining film that, against all odds, makes politics exciting again. Steven Spielberg is in top form, Tony Kushner&#8217;s script is full of crackling talk (and lots of it), and there are scene-stealing turns from Tommy Lee Jones, Sally Field, and James Spader. (149 min., PG-13) (Ty Burr)</p>
            <p>
               <em class="b">&#x2605;&#x2605; Mama Director</em> Andy Muschietti&#8217;s supernatural thriller wonders what if abandoned kids were watched over by an angry ghost. Jessica Chastain does nuanced work as the rock chick put in charge of young sisters found after missing in the mountains for five years. The frustration, though, is how much the movie leans on made-ya-jump scares and contrived plot devices when its quieter chills are so potent. (106 min., PG-13) (Tom Russo)</p>
            <p>
               <em class="b">&#x2605;&#x2605;&#xBD; Promised Land</em> Two movies in one: An earnest anti-fracking drama written by costars Matt Damon and John Krasinski, and a nuanced portrait of small-town America by director Gus Van Sant. The first tries not to be preachy but doesn&#8217;t quite succeed, the second is buoyed by the sympathetic performances. With Frances McDormand and Rosemarie DeWitt. (110 min., R) (Ty Burr)</p>
            <p>
               <em class="b">&#x2605;&#x2605;&#xBD; Quartet</em> From first-time director Dustin Hoffman, a sweet-tempered, rather fuddly drama about retired British opera singers, less slick than the vaguely similar &#8220;Best Exotic Marigold Hotel&#8217;&#8217; and better for it. Maggie Smith gets to go glam as a famous soprano who has lost her gift; Tom Courtenay, Billy Connolly, and Pauline Collins provide support. A minor treat. (98 min., PG-13) (Ty Burr)</p>
            <p>
               <em class="b"/>
               <em class="b"/>
               <em class="b">&#x2605;&#x2605;&#xBD; 2012 Sundance Shorts </em>If collections of film shorts are like party mixes, this program has a few too many questionable wasabi peas. The two longest shorts &#8212; &#8220;Fishing Without Nets,&#8217;&#8217; about Somali pirates, and &#8220;The Return,&#8217;&#8217; a heart wrencher from Kosovo &#8212; are the best; the rest are interesting without being particularly engaging. (95 min., unrated) (Ty Burr)<em class="b"/>
            </p>
            <p>
               <em class="b">&#x2605;&#x2605;&#x2605;&#xBD; Silver Linings Playbook</em> Bradley Cooper finally gets a role that gives his oily charm some vulnerability. He plays a mental patient living in Philadelphia with his parents, hung up on his estranged wife and spending time with an equally unstable woman (Jennifer Lawrence). The movie whizzes and stings. With a never-haler Robert De Niro as Cooper&#8217;s gambler dad. (122 min., R) (Wesley Morris)</p>
            <p>
               <em class="b"/>&#x2605;&#x2605;&#x2605;&#x2605;<em class="b"> Zero Dark Thirty</em> Kathryn Bigelow&#8217;s brilliantly crafted ground-level procedural unfolds over a nine-year period, from the early days of the war in Afghanistan to the midnight assault on Osama bin Laden&#8217;s compound. Jessica Chastain plays a CIA agent obsessed with the search; the early torture scenes make viewers confront their own response. (157 min., R) (Ty Burr)</p>
            <p>
               <em class="i">An archive of reviews is at www.boston.com/movies.</em>
            </p>
         </block>
      </body.content>
   </body>
</nitf>