<?xml version="1.0" encoding="utf-8"?>
<nitf xmlns:xs="http://www.w3.org/2001/XMLSchema" version="//IPTC/DTD NITF 3.2/EN">
   <head>
      <story.date>02-01-2013</story.date>
      <pubdata name="Globe" position.section="News" position.subsection="Metro"
               position.sequence="A,1,5"
               type="print"
               date.publication="20130201000000-05:00"
               ex-ref="http://www.bostonglobe.com/metro/2013/02/01/want-monster-prepare-for-spouse-spouse/wHjfLFxoQKLdCHuW7GaGuI/story.html"/>
      <title>01giganticTVs</title>
      <docdata>
         <doc.id>c2575b20-6742-11e2-ad39-f0a3bf203399</doc.id>
         <doc.copyright holder="The Boston Globe"/>
         <doc.rights owner="The Boston Globe"/>
         <date.issue norm="20130201025940-05:00">2013-02-01T02:59:40</date.issue>
         <identified-content>
            <classifier type="tom">News</classifier>
            <classifier type="taxonomy">Lifestyle/Other;Lifestyle/House and home;Business/Technology</classifier>
            <classifier type="contentdesk">Metro</classifier>
            <classifier type="subdesk"/>
            <location class="primary">Boston, MA</location>
            <location class="latitudelongitude">(42.3584308,-71.0597732)</location>
         </identified-content>
      </docdata>
   </head>
   <body>
      <body.head>
         <hedline>
            <hl1>At home, huge screen can be a hard sell</hl1>
            <hl2 hl2class="subhead">Gender views often differ over the desirability</hl2>
            <hl2 hl2class="overline"/>
            <hl2 hl2class="label"/>
         </hedline>
         <byline>
            <person>By Beth Teitell</person>
            <byttl>Globe Staff</byttl>
         </byline>
         <abstract>Indeed, when it comes to buying a monster-screen television, as many a married person has learned, there may be one thing more important than a credit card: an angle. televisions are growing&#8212;and with them so is the old argument about how big is too big.</abstract>
      </body.head>
      <body.content>
         <block class="txt">
            <media mediaid="1">
               <media-reference>e7ab9cca-6b06-11e2-bf18-4fb9427cef87.jpg</media-reference>
               <media-caption>As the size the of average television is growing, the prices are plummeting.</media-caption>
               <media-producer>Debee Tlumacki  for the Boston Globe</media-producer>
               <media-metadata name="pageNumber" value="1"/>
               <media-metadata name="wShape" value="339"/>
               <media-metadata name="hShape" value="178.5"/>
            </media>
            <media mediaid="2">
               <media-reference>60bf0970-6b0d-11e2-bf18-4fb9427cef87.jpg</media-reference>
               <media-caption>At the George Washington Toma TV store, owner George Toma (left) and salesman Richard Shuman moved a 64-inch TV.</media-caption>
               <media-producer>Debee Tlumacki for the Boston Globe</media-producer>
               <media-metadata name="pageNumber" value=""/>
               <media-metadata name="wShape" value="530.4"/>
               <media-metadata name="hShape" value="399"/>
            </media>
            <media mediaid="3">
               <media-reference>e25c0a66-6bfb-11e2-b0fe-25b534362601.pdf</media-reference>
               <media-caption/>
               <media-producer/>
               <media-metadata name="pageNumber" value=""/>
            </media>
            <p>Jerry Vestal doesn&#8217;t even let himself dream. &#8220;Do I want an 80-inch TV?&#8217;&#8217; the Quincy resident asked rhetorically. &#8220;Yeah, but I&#8217;d never be able to pull that off.&#8217;&#8217;</p>
            <p>The obstacle? His loving spouse. Vestal &#8212; a television salesman no less &#8212; did manage to finagle himself a 55-inch set, but only by offering to give his 47-incher to his wife&#8217;s parents. &#8220;I said, &#8216;Look at the TV your dad is watching. It&#8217;s a piece of junk. He should have better.&#8217;&#8217;&#8217; Even over the phone, Vestal&#8217;s grin was audible. &#8220;I played that angle.&#8217;&#8217;</p>
            <p>When it comes to buying a monster-screen television, as many a married person has learned, there may be one thing more important than a credit card: an angle. Televisions are growing &#8212; over the past five years, sales of televisions 50 inches or larger have nearly doubled &#8212; and with them, so is the old argument about how big is too big.</p>
            <p>With a prototype for a 110-inch Samsung television out there, and pre-Super Bowl television-buying frenzy under way, where&#8217;s NFL referee Ed Hochuli when you need him?</p>
            <p>Not at Best Buy in the Fenway, where a recent afternoon found Darrin Leverett, a designer from Dorchester, television shopping &#8212; decidedly without his wife by his side. &#8220;It works better if I don&#8217;t take her with me,&#8217;&#8217; he said as he checked out an 80-inch Sharp, on sale for $3,499.99.</p>
            <p>&#8220;This would look big to her,&#8217;&#8217; he said. Things work better, he explained, if he buys a television and then shows her how good it looks in place. His wife could not be reached for comment.</p>
            <p>Just to give you a sense of the enormousness: An 80-inch television is so big that if 6-foot-6-inch Patriots tight end Rob Gronkowski were diving for a ball, he would be shown life size.</p>
            <p>Statistics on gender-based television-size preferences are hard to come by. But anecdotal information from local television salespeople, designers, installers, and sports bar managers indicates it&#8217;s more often the women who are trying to hold the line on television size.</p>
            <p>In Jamaica Plain, Amanda Fiori has been fighting off a larger television for years.</p>
            <p>&#8220;I don&#8217;t think the television should be the focal point of the house,&#8217;&#8217; she said. Fiori, a regional account manager for a California winery, and her husband own a 35-inch set, but he craves a 42-inch screen, which she fears will be a gateway to something even larger. &#8220;You get used to the size you own,&#8217;&#8217; she said.</p>
            <p>But pity &#8212; if only until the Super Bowl is over &#8212; the man without his own man cave in which to install a super-colossal screen. The following scenario happened not once but twice during the regular NFL season at the Braintree Brewhouse. At the end of every Patriots game, the bar raffled off a 55-inch television. In two cases, the winner proclaimed his desire to trade in the 55-inch set for an 80-inch model, an idea instantly quashed by his spouse.</p>
            <p>Asked if there was a lesson there, bar co-owner Alex Kesaris didn&#8217;t miss a beat. &#8220;Don&#8217;t tell her about the TV until it&#8217;s too late,&#8217;&#8217; he said. &#8220;Until it&#8217;s installed.&#8217;&#8217;</p>
            <p>But it may already be too late &#8212; for spouses who consider pumped-up televisions vulgar, that is. In 1997, the average size of a television bought by a consumer was 22 inches. Today it&#8217;s 36 or 37 inches, according to the Consumer Electronics Association, which predicts that by 2016 the average television sold will be 40 inches.</p>
            <p>As televisions have gotten bigger, they&#8217;ve gotten less expensive, putting them in reach of average Joes, the kind of Joes whose homes don&#8217;t boast separate screening rooms.</p>
            <p>&#8220;In 2000, a 36-inch tube television might have cost you $1,000 to $1,500,&#8217;&#8217; said Paul Gagnon, director of global television research for NPD DisplaySearch, a market research firm. &#8220;Today, that same amount of money buys you a 60-inch flat-panel television &#8212; and it&#8217;s high definition.&#8217;&#8217;</p>
            <p>But one person&#8217;s exciting viewing opportunity is another&#8217;s decorating challenge. Is your home even large enough for the television of your dreams? Wall space is one issue, but the other is distance.</p>
            <p>One viewing formula holds that a couch potato with a 60-inch screen needs to be 10 feet &#8212; 120 inches &#8212; from the television. That&#8217;s two inches of distance for every inch of television, something hard to come by in the small rooms that New England housing stock is famous for.</p>
            <p>&#8220;If you are too close, &#8220; Gagnon said, &#8220;you start to see the individual pixels, and the picture quality degrades quickly.&#8217;&#8217;</p>
            <p>Here&#8217;s another issue. As televisions slim down, they&#8217;re increasingly being mounted on the wall, often above a mantle. That&#8217;s leading to a television-related health challenge that has nothing to do with weight gain. The opposite of &#8220;text neck&#8217;&#8217; &#8212; seen on those who stare obsessively at their mobile phones, &#8220;TV neck&#8217;&#8217; comes from watching a three-hour football game or a movie while looking up the whole time.</p>
            <p>&#8220;I&#8217;ve had people tell me they wouldn&#8217;t put the television up there again,&#8217;&#8217; said Anthony Lamacchia, of McGeough Lamacchia Realty, in Waltham. &#8220;It looks cool, but it&#8217;s not as comfortable.&#8217;&#8217;</p>
            <p>The normalization of massive screens has caused what mental-health professionals may someday recognize as screen dysmorphic disorder, which causes sufferers wrongly to see enormous televisions as small.</p>
            <p>&#8220;I&#8217;m sorry we didn&#8217;t get the 60-inch,&#8217;&#8217; said Ken Richards, a retired Toyota dealership manager from the South End. He recently bought a 55-inch set for his second home in West Palm Beach, Fla. The set seemed ample at the time of purchase &#8212; a mere two months ago &#8212; but now it looks puny. &#8220;Once you see the 70- and 80-inch sets .&#160;.&#160;. &#8217;&#8217; he said, wistfully.</p>
            <p>K.C. Wolbert, executive director of Inner Media Solutions, in Framingham, recalled a customer who recently upgraded from a 70-inch to a 90-inch &#8212; during the installation. &#8220;Once you put it on the wall,&#8217;&#8217; Wolbert said, &#8220;the TV looks smaller than people think it will.&#8217;&#8217;</p>
            <p>Or not. In Newton, jewelry designer Emily Kuvin, who has been engaged in a television-in-the-bedroom conversation with her husband for the entire duration of their marriage, says she would never allow an 80-inch television to get near one of her walls.</p>
            <p>&#8220;It would have a bigger presence in our home than any of the humans,&#8217;&#8217; she said. &#8220;Having my kids addicted to their phones and laptops and tablets is bad enough, but this would be the mother of all screens.&#8217;&#8217;</p>
            <p>
               <em class="i">Beth Teitell can be reached at bteitell@globe.com. Follow her on Twitter @beth teitell.</em>
            </p>
         </block>
      </body.content>
   </body>
</nitf>