<?xml version="1.0" encoding="utf-8"?>
<nitf xmlns:xs="http://www.w3.org/2001/XMLSchema" version="//IPTC/DTD NITF 3.2/EN">
   <head>
      <story.date>02-01-2013</story.date>
      <pubdata name="Globe" position.section="News" position.subsection="Metro"
               position.sequence="B,12,499"
               type="print"
               date.publication="20130201000000-05:00"
               ex-ref="http://www.bostonglobe.com/metro/2013/02/01/minimum-wage-rise-back-conn-legislative-agenda/6M3Zr3viGmJCPqQJpKWC1O/story.html"/>
      <title>01minimum</title>
      <docdata>
         <doc.id>31c5efa6-6be1-11e2-a242-50e79c56738a</doc.id>
         <doc.copyright holder="Associated Press"/>
         <doc.rights owner="Associated Press"/>
         <date.issue norm="20130131232359-05:00">2013-01-31T23:23:59</date.issue>
         <identified-content>
            <classifier type="tom">News</classifier>
            <classifier type="taxonomy">News/US/Connecticut</classifier>
            <classifier type="contentdesk">Metro</classifier>
            <classifier type="subdesk"/>
            <location class="primary">Hartford, CT</location>
            <location class="latitudelongitude">(41.7637111,-72.6850932)</location>
         </identified-content>
      </docdata>
   </head>
   <body>
      <body.head>
         <hedline>
            <hl1>Businesses, labor brace for fight to raise Conn.&#8217;s minimum wage</hl1>
            <hl2 hl2class="subhead"/>
            <hl2 hl2class="overline"/>
            <hl2 hl2class="label"/>
         </hedline>
         <byline>
            <person>By Stephen Singer</person>
            <byttl>Associated Press</byttl>
         </byline>
         <abstract>For the second year in a row, Connecticut&#8217;s largest business group and labor advocates are digging in for a fight in the legislature over raising the minimum wage. Connecticut Working Families is backing legislation that would increase the minimum wage from $8.25 an hour to $9 on July 1 and to $9.75 on July 1, 2014. The legislation also calls for automatic raises in the minimum wage tied to increases in the Consumer Price Index, the federal measure of inflation.</abstract>
      </body.head>
      <body.content>
         <block class="txt">
            <p>HARTFORD &#8212; For the second year in a row, Connecticut&#8217;s largest business group and labor advocates are digging in for a fight in the Legislature over raising the minimum wage.</p>
            <p>Connecticut Working Families is backing legislation that would increase the minimum wage from $8.25 an hour to $9 on July 1 and to $9.75 a year later. The legislation also calls for automatic raises in the minimum wage tied to increases in the consumer price index, the federal measure of inflation.</p>
            <p>Automatic increases would avoid annual political fights, said backers of the legislation.</p>
            <p>&#8216;&#8216;I don&#8217;t know why any legislature would want to have this fight every year,&#8217;&#8217; said Lindsay Farrell, exec&#173;utive director of Connecticut Working Families.</p>
            <p>The Connecticut Business and Industry Association, which represents 10,000 businesses in the state, opposes the legislation. It said higher labor costs will force employers to limit hiring and &#173;increase prices.</p>
            <p>Governor Dannel P. Malloy is noncommittal. A spokesman said in a statement that the governor supports &#8216;&#8216;the ideals &#173;behind the legislation,&#8217;&#8217; but also understands cost pressures facing businesses, particularly in the weak economy.</p>
            <p>&#8216;&#8216;We must be mindful of the needs of businesses, especially given the current economic climate,&#8217;&#8217; spokesman Andrew Doba said.</p>
            <p>Doba said Malloy has signed into law two bills that benefit the poor and low-paid workers: the Earned Income Tax Credit and legislation requiring employers to provide paid sick leave.</p>
            <p>Last year, legislation to raise Connecticut&#8217;s minimum wage passed the House of Representatives, but failed to come up in the Senate. Malloy said then that he was concerned that raising the minimum wage would hurt business in a fragile economy. Ten states tie minimum wage increases to inflation.</p>
         </block>
      </body.content>
   </body>
</nitf>