<?xml version="1.0" encoding="utf-8"?>
<nitf xmlns:xs="http://www.w3.org/2001/XMLSchema" version="//IPTC/DTD NITF 3.2/EN">
   <head>
      <story.date>02-01-2013</story.date>
      <pubdata name="Globe" position.section="Business" position.subsection=" "
               position.sequence="B,7,71"
               type="print"
               date.publication="20130201000000-05:00"
               ex-ref="http://www.bostonglobe.com/business/2013/01/31/david-bergers-head-sec-boston-named-acting-deputy-director-enforcement-washington/gL3u3jeiBwIOhabkcSHrKJ/story.html"/>
      <title>01sec(1)</title>
      <docdata>
         <doc.id>ef73e528-6be4-11e2-a242-50e79c56738a</doc.id>
         <doc.copyright holder="The Boston Globe"/>
         <doc.rights owner="The Boston Globe"/>
         <date.issue norm="20130201084816-05:00">2013-02-01T08:48:16</date.issue>
         <identified-content>
            <classifier type="tom">News</classifier>
            <classifier type="taxonomy">Business/Markets;Business/Other</classifier>
            <classifier type="contentdesk">Business</classifier>
            <classifier type="subdesk"/>
            <location class="primary">Washington, DC</location>
            <location class="latitudelongitude">(38.8951118,-77.0363658)</location>
         </identified-content>
      </docdata>
   </head>
   <body>
      <body.head>
         <hedline>
            <hl1>Boston&#8217;s SEC chief moves onto national stage</hl1>
            <hl2 hl2class="subhead">Takes on role of acting deputy</hl2>
            <hl2 hl2class="overline"/>
            <hl2 hl2class="label"/>
         </hedline>
         <byline>
            <person>By Beth Healy</person>
            <byttl>Globe Staff</byttl>
         </byline>
         <abstract>David Bergers, the head the Securities and Exchange Commission&#8217;s Boston office, was named acting deputy director of the regulator&#8217;s enforcement division in Washington. Bergers has served as the SEC&#8217;s district administrator for the New England area since 2006. He joined the office in 1998 as an enforcement staff attorney, having previously worked as a lawyer in Boston and Philadelphia.</abstract>
      </body.head>
      <body.content>
         <block class="txt">
            <media mediaid="1">
               <media-reference>6ed2b026-6bf2-11e2-b0fe-25b534362601.jpg</media-reference>
               <media-caption/>
               <media-producer/>
               <media-metadata name="pageNumber" value=""/>
               <media-metadata name="wShape" value="48"/>
               <media-metadata name="hShape" value="67.5"/>
            </media>
            <p>David P. Bergers, the head the Securities and Exchange Commission&#8217;s Boston office, was named Thursday as acting deputy director of the regulator&#8217;s enforcement division in Washington.</p>
            <p>Bergers, 45, became the SEC&#8217;s district administrator for the New England area in 2006. He joined the office in 1998 as an enforcement staff attorney, having previously worked as a lawyer in Boston and Philadelphia.</p>
            <p>&#8220;David is an extremely talented attorney who has a successful track record leading the Boston regional office,&#8217;&#8217; said SEC chairman Elisse B. Walter. &#8220;Having worked at the SEC for 13 years, he has a deep understanding of the division, agency, and laws we enforce. And, he has a true appreciation for the significant impact that the work of the SEC has on investors.&#8217;&#8217; </p>
            <p>In the acting deputy role, Bergers will most likely split his time between Washington and Boston. He takes the post at a time of transition at the nation&#8217;s top securities regulator, following the resignation of SEC chief Mary Schapiro and as President Obama&#8217;s nominee to take her place, former federal prosecutor Mary Jo White, awaits confirmation.</p>
            <p>In addition, the agency&#8217;s enforcement director, Robert Khuzami has announced that he is stepping down. It is unclear whether Bergers will get a nod for a permanent position in Washington, but his presence there will likely put him in the running.</p>
            <p>The SEC also named George S. Canellos acting director; he is currently the deputy.</p>
            <p>The past four years have been a challenge for the SEC, which faced sharp criticism for allowing so much risk to build up at investment firms before the financial crisis. The agency was also blamed for having failed to detect the massive fraud perpetrated by Bernard Madoff.</p>
            <p>Bergers holds a bachelor&#8217;s degree from Eastern Nazarene College in Quincy and earned his law degree at Yale. In Boston, he is responsible for oversight of more than 1,100 investment advisers, 60 mutual fund firms, and 375 broker-dealers. The agency said he has headed hundreds investigations into investment and financial fraud, insider trading, and other securities law violations. </p>
            <p>Secretary of State William F. Galvin, who heads the Massachusetts Securities Division, said he is looking forward to continuing to cooperate with Bergers. &#8220;David is an experienced and capable regulator with whom my office has had a close and successful working relationship. I&#8217;m sure he&#8217;ll be as successful in Washington as he was in Boston.&#8217;&#8217;</p>
            <p>
               <em class="i">Beth Healy can be reached at bhealy@globe.com.</em>
            </p>
         </block>
      </body.content>
   </body>
</nitf>