<?xml version="1.0" encoding="utf-8"?>
<nitf xmlns:xs="http://www.w3.org/2001/XMLSchema" version="//IPTC/DTD NITF 3.2/EN">
   <head>
      <story.date>02-01-2013</story.date>
      <pubdata name="Globe" position.section="Living Arts" position.subsection=" "
               position.sequence="G,1,999"
               type="print"
               date.publication="20130201000000-05:00"
               ex-ref=""/>
      <title>01gCoverHeads</title>
      <docdata>
         <doc.id>8504f20e-6969-11e2-b0fe-25b534362601</doc.id>
         <doc.copyright holder=" "/>
         <doc.rights owner=" "/>
         <date.issue norm="20130130211555-05:00">2013-01-30T21:15:55</date.issue>
         <identified-content>
            <classifier type="tom">News</classifier>
            <classifier type="contentdesk">Lifestyle</classifier>
            <classifier type="subdesk"/>
         </identified-content>
      </docdata>
   </head>
   <body>
      <body.head>
         <hedline>
            <hl1>The four cellists</hl1>
            <hl2 hl2class="subhead">BSO members break out with new quartet, fresh approach</hl2>
            <hl2 hl2class="overline"/>
            <hl2 hl2class="label"/>
         </hedline>
         <byline>
            <person/>
            <byttl/>
         </byline>
         <abstract/>
      </body.head>
      <body.content>
         <block class="txt">
            <media mediaid="1">
               <media-reference>9625e58e-6748-11e2-8ba5-406ecaa0f04a.jpg</media-reference>
               <media-caption/>
               <media-producer/>
               <media-metadata name="pageNumber" value=""/>
            </media>
            <media mediaid="2">
               <media-reference>8fad2902-5f4f-11e2-a342-38ca8b91ff3a.jpg</media-reference>
               <media-caption/>
               <media-producer/>
               <media-metadata name="pageNumber" value=""/>
            </media>
            <p>By Geoff Edgers | Page 8</p>
         </block>
      </body.content>
   </body>
</nitf>