<?xml version="1.0" encoding="utf-8"?>
<nitf xmlns:xs="http://www.w3.org/2001/XMLSchema" version="//IPTC/DTD NITF 3.2/EN">
   <head>
      <story.date>02-01-2013</story.date>
      <pubdata name="Globe" position.section="Editorial Opinion" position.subsection="Letters"
               position.sequence="A,14,102"
               type="print"
               date.publication="20130201000000-05:00"
               ex-ref="http://www.bostonglobe.com/opinion/letters/2013/02/01/protecting-patients-privacy-while-holding-homicide-rates-down/YHRP9JgtonKiDQNnHn4KPM/story.html"/>
      <title>gunchecks1</title>
      <docdata>
         <doc.id>6b0e7928-699c-11e2-bf18-4fb9427cef87</doc.id>
         <doc.copyright holder=" "/>
         <doc.rights owner=" "/>
         <date.issue norm="20130131182357-05:00">2013-01-31T18:23:57</date.issue>
         <identified-content>
            <classifier type="tom">News</classifier>
            <classifier type="contentdesk">EditorialOpinion</classifier>
            <classifier type="subdesk">Letters</classifier>
            <location class="primary">Boston, MA</location>
            <location class="latitudelongitude">(42.3584308,-71.0597732)</location>
         </identified-content>
      </docdata>
   </head>
   <body>
      <body.head>
         <hedline>
            <hl1>Protecting patients&#8217; privacy while stemming homicide rates </hl1>
            <hl2 hl2class="subhead"/>
            <hl2 hl2class="overline"/>
            <hl2 hl2class="label"/>
         </hedline>
         <byline>
            <person/>
            <byttl/>
         </byline>
         <abstract>Leonard H. Glantz writes: While Massachusetts has refused to violate the confidentiality and privacy rights of people with mental illness by adding their names to a federal database, it should be noted that the Commonwealth ranks 50th in gun homicide rates of all the states and the District of Columbia (only Hawaii ranks lower).</abstract>
      </body.head>
      <body.content>
         <block class="txt">
            <p>The front-page article &#8220;A Mass. hedge in FBI gun checks: State law prevents sharing of records on mental health&#8217;&#8217; (Jan. 28) adds to the stigmatization of people with mental illness that has been on the rise since the Newtown tragedy. The underlying premise is that mentally ill people are responsible for America&#8217;s exceptionally high rates of gun homicide as compared with other developed countries. </p>
            <p>While Massachusetts has refused to violate the confidentiality and privacy rights of people with mental illness by adding their names to a federal database, it should be noted that the Commonwealth ranks 50th in gun homicide rates of all the states and the District of Columbia (only Hawaii ranks lower).</p>
            <p>These data should make it clear that there is no justification, in the name of reducing gun violence in Massachusetts, for violating the privacy rights of those receiving mental health services. Massachusetts should not follow the example of other states. Rather, other states may wish to adopt our approach and enact strict gun-control laws while providing services to their residents with mental illness in a confidential manner.</p>
            <p>Leonard H. Glantz</p>
            <p>Boston</p>
            <p/>
            <p>
               <em class="i">The writer is professor of health law, bioethics, and human rights at Boston  University School of Public Health.</em>
            </p>
         </block>
      </body.content>
   </body>
</nitf>