<?xml version="1.0" encoding="utf-8"?>
<nitf xmlns:xs="http://www.w3.org/2001/XMLSchema" version="//IPTC/DTD NITF 3.2/EN">
   <head>
      <story.date>02-01-2013</story.date>
      <pubdata name="Globe" position.section="Editorial Opinion" position.subsection="Letters"
               position.sequence="A,14,105"
               type="print"
               date.publication="20130201000000-05:00"
               ex-ref="http://www.bostonglobe.com/opinion/letters/2013/02/01/cupcake-has-seal-approval/WwOJaOPHFZ5DuS2IcjHlMN/story.html"/>
      <title>twinkies_20131301151</title>
      <docdata>
         <doc.id>4d27175a-6afd-11e2-bf18-4fb9427cef87</doc.id>
         <doc.copyright holder=" "/>
         <doc.rights owner=" "/>
         <date.issue norm="20130131182404-05:00">2013-01-31T18:24:04</date.issue>
         <identified-content>
            <classifier type="tom">News</classifier>
            <classifier type="contentdesk">EditorialOpinion</classifier>
            <classifier type="subdesk">Letters</classifier>
            <location class="primary">Boston, MA</location>
            <location class="latitudelongitude">(42.3584308,-71.0597732)</location>
         </identified-content>
      </docdata>
   </head>
   <body>
      <body.head>
         <hedline>
            <hl1>Cupcake has seal of approval</hl1>
            <hl2 hl2class="subhead"/>
            <hl2 hl2class="overline"/>
            <hl2 hl2class="label"/>
         </hedline>
         <byline>
            <person/>
            <byttl/>
         </byline>
         <abstract>Jim Walsh writes: Too much attention has been paid to the Twinkie. The true connoisseur loves those Hostess devil&#8217;s food cupcakes with chocolate icing, signed personally by the president&#8217;s pick for secretary of the Treasury.</abstract>
      </body.head>
      <body.content>
         <block class="txt">
            <media mediaid="1">
               <media-reference>6409ee74-6b08-11e2-baa1-9e8515cd26f3.jpg</media-reference>
               <media-caption/>
               <media-producer>The White House</media-producer>
               <media-metadata name="pageNumber" value=""/>
            </media>
            <media mediaid="2">
               <media-reference>516a25f8-2ff4-11e2-a842-7f141b2392e5.jpg</media-reference>
               <media-caption/>
               <media-producer>Paul J. Richards/AFP/Getty Images/File</media-producer>
               <media-metadata name="pageNumber" value=""/>
            </media>
            <p>too much attention has been paid to the Twinkie (&#8220;Hostess set to announce its picks for lead bidders on Twinkies,&#8217;&#8217; Business, Jan. 30). The true connoisseur loves those Hostess devil&#8217;s food cupcakes with chocolate icing, signed personally by the president&#8217;s pick for Treasury secretary.</p>
            <p>Jim Walsh</p>
            <p>Nahant</p>
         </block>
      </body.content>
   </body>
</nitf>