<?xml version="1.0" encoding="utf-8"?>
<nitf xmlns:xs="http://www.w3.org/2001/XMLSchema" version="//IPTC/DTD NITF 3.2/EN">
   <head>
      <story.date>02-01-2013</story.date>
      <pubdata name="Globe" position.section="Living Arts" position.subsection=" "
               position.sequence="B,14,142"
               type="print"
               date.publication="20130201000000-05:00"
               ex-ref="http://www.bostonglobe.com/lifestyle/names/2013/02/01/sheeran-performs-notre-dame-academy-hingham/SQFMwJjdb5dWL2LNRPFRqI/story.html"/>
      <title>01namesed</title>
      <docdata>
         <doc.id>c1f62416-6bef-11e2-baa1-9e8515cd26f3</doc.id>
         <doc.copyright holder=" "/>
         <doc.rights owner=" "/>
         <date.issue norm="20130201003609-05:00">2013-02-01T00:36:09</date.issue>
         <identified-content>
            <classifier type="tom">News</classifier>
            <classifier type="taxonomy">AE/Celebrities</classifier>
            <classifier type="contentdesk">Lifestyle</classifier>
            <classifier type="subdesk"/>
            <location class="primary">Hingham, MA</location>
            <location class="latitudelongitude">(42.3584308,-71.0597732)</location>
         </identified-content>
      </docdata>
   </head>
   <body>
      <body.head>
         <hedline>
            <hl1>Singer has an &#8216;A Team&#8217; at Hingham school</hl1>
            <hl2 hl2class="subhead"/>
            <hl2 hl2class="overline"/>
            <hl2 hl2class="label"/>
         </hedline>
         <byline>
            <person/>
            <byttl/>
         </byline>
         <abstract>&#8220;Give me an E!&#8217;&#8217; a kilt-wearing Notre Dame Academy student screamed to her fellow students, who shrieked back in unison. &#8220;Give me an D!&#8217;&#8217; she continued. &#8220;What&#8217;s that spell? Ed!&#8217;&#8217; It was a short call-and-response session, but it was deafening. The almost 550-plus students at the all-girls school in Hingham squealed with anticipation until English singer-songwriter <em class="b">Ed Sheeran</em> took the stage ...</abstract>
      </body.head>
      <body.content>
         <block class="txt">
            <media mediaid="1">
               <media-reference>9740f822-6bf4-11e2-822d-5680187169b0.jpg</media-reference>
               <media-caption>Abby Rouleau (center), Hannah Paradise (pink phone), and Mar&#173;&#173;-issa Gildea (second from right).</media-caption>
               <media-producer>Photos by Jonathan Wiggs/Globe Staff </media-producer>
               <media-metadata name="pageNumber" value="14"/>
               <media-metadata name="wShape" value="150.72"/>
               <media-metadata name="hShape" value="94.5"/>
            </media>
            <media mediaid="2">
               <media-reference>6e8199ba-6bf3-11e2-822d-5680187169b0.jpg</media-reference>
               <media-caption/>
               <media-producer/>
               <media-metadata name="pageNumber" value="14"/>
               <media-metadata name="wShape" value="70.59"/>
               <media-metadata name="hShape" value="94.5"/>
            </media>
            <p>&#8220;Give me an E!&#8217;&#8217; a kilt-wearing Notre Dame Academy student screamed to her fellow students, who shrieked back in unison. &#8220;Give me a D!&#8217;&#8217; she continued. &#8220;What&#8217;s that spell? Ed!&#8217;&#8217; It was a short call-and-response session, but it was deafening. The almost 550-plus students at the all-girls school in Hingham squealed with anticipation until English singer-songwriter <em class="b">Ed Sheeran</em> took the auditorium stage to sing a few songs, including his radio hit, &#8220;The A Team.&#8217;&#8217; Sheeran (inset) performed the after-school concert for Notre Dame because the school won Mix 104.1&#8217;s &#8220;Koats for Kids&#8217;&#8217; contest &#8212; a coat drive for the Big Brother Big Sister Foundation of Boston &#8212; by collecting 2,770 coats. The Notre Dame drive was led by three students: <em class="b">Abby Rouleau</em>, 15, <em class="b">Marissa Gildea</em>, 17, and <em class="b">Hannah Paradise</em>, 18. Paradise explained that she discovered Sheeran on YouTube about a year ago, &#8220;and I fell in love, like right away.&#8217;&#8217; Sheeran met with the three young women, and spoke to us just before taking the stage. He admitted that it&#8217;s been a wild year. On Jan. 30, 2012, he played New York&#8217;s Mercury Lounge, which fits about 250 people. On Jan. 30, 2013, he headlined Radio City Music Hall, which holds 6,015. Sheeran said he&#8217;s preparing for a summer tour with <em class="b">Taylor Swift</em>, which will bring him to Gillette Stadium, a venue with a slightly higher capacity than Radio City. &#8220;60,000?&#8217;&#8217; he guessed, grinning sheepishly. &#8220;We&#8217;ll see what happens.&#8217;&#8217; When Sheeran finally took the stage, he told students that there&#8217;s also a Notre Dame Academy where he&#8217;s from. At least, we think that&#8217;s what he said. It was difficult to hear over the screaming. </p>
            <p/>
         </block>
      </body.content>
   </body>
</nitf>