<?xml version="1.0" encoding="utf-8"?>
<nitf xmlns:xs="http://www.w3.org/2001/XMLSchema" version="//IPTC/DTD NITF 3.2/EN">
   <head>
      <story.date>02-01-2013</story.date>
      <pubdata name="Globe" position.section="Living Arts" position.subsection=" "
               position.sequence="G,39,28"
               type="print"
               date.publication="20130201000000-05:00"
               ex-ref="http://www.bostonglobe.com/lifestyle/2013/01/31/this-day-history/eqfgYwaMFGM2bHbqZJdtuM/story.html"/>
      <title>01history</title>
      <docdata>
         <doc.id>cfcf3d14-64b2-11e2-a5bc-91458792f473</doc.id>
         <doc.copyright holder=" "/>
         <doc.rights owner=" "/>
         <date.issue norm="20130130211956-05:00">2013-01-30T21:19:56</date.issue>
         <identified-content>
            <classifier type="tom">News</classifier>
            <classifier type="taxonomy">Lifestyle/Other;News/History</classifier>
            <classifier type="contentdesk">Lifestyle</classifier>
            <classifier type="subdesk"/>
            <location class="primary">Boston, MA</location>
            <location class="latitudelongitude">(42.3584308,-71.0597732)</location>
         </identified-content>
      </docdata>
   </head>
   <body>
      <body.head>
         <hedline>
            <hl1>This day in history</hl1>
            <hl2 hl2class="subhead"/>
            <hl2 hl2class="overline"/>
            <hl2 hl2class="label"/>
         </hedline>
         <byline>
            <person/>
            <byttl/>
         </byline>
         <abstract>Friday, Feb. 1, is the 32d day of 2013. There are 333 days left in the year.</abstract>
      </body.head>
      <body.content>
         <block class="txt">
            <p>
Friday, Feb. 1, is the 32d day of 2013. There are 333 days left in the year.</p>
            <p>Today&#8217;s birthdays: Singer Don Everly is 76. Actor Garrett Morris is 76. Bluegrass singer Del McCoury is 74. Rock musician Mike Campbell (Tom Petty and the Heartbreakers) is 63. Blues singer-musician Sonny Landreth is 62. Princess Stephanie of Monaco is 48. Lisa Marie Presley is 45. Comedian-actor Pauly Shore is 45. Rapper Big Boi (Outkast) is 38. TV personality Lauren Conrad is 27. 
</p>
            <p>In 1790, the US Supreme Court convened for the first time in New York. 
</p>
            <p>In 1861, Texas voted to leave the Union at a Secession Convention in Austin.</p>
            <p>
In 1960, four black college students began a sit-in at a Woolworth&#8217;s lunch counter in Greensboro, N.C., where they&#8217;d been refused service.</p>
            <p>In 1968, during the Vietnam War, South Vietnam&#8217;s police chief (Nguyen Ngoc Loan) executed a Viet Cong officer with a pistol shot to the head. Richard M. Nixon announced his bid for the Republican presidential nomination.</p>
            <p>In 1979, Ayatollah Ruhollah Khomeini received a tumultuous welcome in Tehran as he ended nearly 15 years of exile.</p>
            <p>In 2003, the space shuttle Columbia broke up during reentry, killing all seven of its crew members. 
</p>
         </block>
      </body.content>
   </body>
</nitf>