<?xml version="1.0" encoding="utf-8"?>
<nitf xmlns:xs="http://www.w3.org/2001/XMLSchema" version="//IPTC/DTD NITF 3.2/EN">
   <head>
      <story.date>02-01-2013</story.date>
      <pubdata name="Globe" position.section="Living Arts" position.subsection=" "
               position.sequence="G,4,41"
               type="print"
               date.publication="20130201000000-05:00"
               ex-ref="http://www.bostonglobe.com/arts/2013/02/01/hijinks-are-menu-with-the-servant-two-masters/WGVZpdvsGPiPkJX9iEsvIP/story.html"/>
      <title>01servant</title>
      <docdata>
         <doc.id>f2fad0ac-6a64-11e2-baa1-9e8515cd26f3</doc.id>
         <doc.copyright holder="The Boston Globe"/>
         <doc.rights owner="The Boston Globe"/>
         <date.issue norm="20130131181347-05:00">2013-01-31T18:13:47</date.issue>
         <identified-content>
            <classifier type="tom">News</classifier>
            <classifier type="taxonomy">AE/Theater-Performing arts</classifier>
            <classifier type="contentdesk">Arts</classifier>
            <classifier type="subdesk"/>
            <location class="primary">Boston, MA</location>
            <location class="latitudelongitude">(42.3584308,-71.0597732)</location>
         </identified-content>
      </docdata>
   </head>
   <body>
      <body.head>
         <hedline>
            <hl1>Hijinks on the menu with &#8216;The Servant of Two Masters&#8217;</hl1>
            <hl2 hl2class="subhead"/>
            <hl2 hl2class="overline">Stage Review</hl2>
            <hl2 hl2class="label"/>
         </hedline>
         <byline>
            <person>By Don Aucoin</person>
            <byttl>Globe Staff</byttl>
         </byline>
         <abstract>Since they&#8217;re performing a commedia dell&#8217;arte classic, any cast of &#8220;The Servant of Two Masters&#8217;&#8217; has a license to chew the scenery. I am happy to report that in the Yale Repertory Theatre production of Carlo Goldoni&#8217;s comedy that is now at the Paramount Center Mainstage, one performer after another abuses that license relentlessly. The result is an uproarious, relentlessly lowbrow, compulsively enjoyable excursion into the outer realms of farce.</abstract>
      </body.head>
      <body.content>
         <block class="txt">
            <media mediaid="1">
               <media-reference>60e86794-64bd-11e2-8355-3f16db01f8cf.jpg</media-reference>
               <media-caption>The cast of the commedia dell&#8217;arte classic turned each scene into a steadily escalating spiral of absurdity.</media-caption>
               <media-producer>Richard Termine/File 2010</media-producer>
               <media-metadata name="pageNumber" value="4"/>
               <media-metadata name="wShape" value="548.8"/>
               <media-metadata name="hShape" value="346.5"/>
            </media>
            <p>Stage Review</p>
            <p>
               <em class="b"/>
            </p>
            <p>Play by: .</p>
            <p/>
            <p>Directed by .</p>
            <p/>
            <p>Production by . Presented by . At: , . Tickets: , </p>
            <p>Since they are performing a commedia dell&#8217;arte classic, any cast of &#8220;The Servant of Two &#173;Masters&#8217;&#8217; has a license to chew the scenery.</p>
            <p>I am happy to report that in the Yale Repertory Theatre production of Carlo Goldoni&#8217;s comedy now at the Paramount Center Mainstage, one performer after another abuses that license relent&#173;lessly. The result is an &#173;uproarious, unapologetically lowbrow, compulsively enjoyable excursion into the outer realms of farce.</p>
            <p>This production of &#8220;Servant of Two Masters,&#8217;&#8217; directed by Christopher Bayes and presented by ArtsEmerson, gets to have its cake and eat it, too (a prospect that would greatly appeal to Truffaldino, the perpetually hungry servant of the title, wonderfully played by Steven Epp). The production unleashes the broadly exaggerated, over-the-top performing style of its centuries-old theatrical form (Goldoni first wrote it in 1745 and revised it in 1753) while also throwing out one modern-day (and often &#173;local) reference after another.</p>
            <p>The American Repertory Theater&#8217;s &#8220;Pippin&#8217;&#8217; is repeatedly turned into a punchline, and there are also throwaway allusions to &#8220;those poor Patriots,&#8217;&#8217; the Green Line, Scott Brown, Paul Revere, Honey Boo-Boo, &#8220;Les Miserables,&#8217;&#8217; &#8220;Cheers,&#8217;&#8217; &#173;&#8220;Sister Act&#8217;&#8217; (playing next door to the Paramount, at the Boston Opera House), &#8220;Jersey Boys,&#8217;&#8217; &#8220;The Music Man,&#8217;&#8217; the debt ceiling, &#8220;Sanford and Son,&#8217;&#8217; &#8220;The Carol Burnett Show,&#8217;&#8217; &#8220;50 Shades of Grey,&#8217;&#8217; and on and on.</p>
            <p>Do I hear you asking about the plot? Well, it involves &#173;Truffaldino&#8217;s scheme to double his salary, and theoretically the number of meals he&#8217;ll be entitled to, by signing up to work for two &#173;masters rather than just one.</p>
            <p>The challenge he then faces is to keep the two masters from finding out about each other. There is also the matter of how Truffaldino will ever work up the courage to declare his love for the maidservant Smeraldina (Liz Wisan). Yet our hero is ever sanguine about the obstacles in his path: &#8220;When God closes the door, he makes lemonade,&#8217;&#8217; &#173;Truffaldino observes sagely.</p>
            <p>Other complications abound, though. The fair Clarice (Adina Verson) is in love with the sort-of-dashing-but-mostly-craven Silvio (Chivas Michael), but &#173;Clarice&#8217;s father, Pantalone (Allen Gilmore) is determined that she shall marry Federigo instead. However, Federigo is (gasp!) not a man at all, but is none other than Beatrice (Sarah Agnew), the lost beloved of the sword-wielding, hair-tossing Florindo (Randy Reyes, hilarious).</p>
            <p>As it happens, Florindo and Beatrice (disguised as her dead brother Federigo) are Truffaldino&#8217;s two masters, so perhaps you see the difficulty. </p>
            <p>Or perhaps you don&#8217;t. It doesn&#8217;t matter, because the point is to sit back and enjoy yourself while Bayes&#8217;s immensely talented cast turns each scene into a steadily escalating spiral of absurdity while channeling the spirit of improvisation that has traditionally been part of commedia dell&#8217;arte.</p>
            <p>&#8220;Servant of Two Masters&#8217;&#8217; &#173;relies heavily on a host of &#173;commedia trademarks, from slapstick to sight gags to bouncy music (performed onstage by Carolyn Boulay and Aaron &#173;Halva, whose timing is as unerring as that of the actors). </p>
            <p>Katherine Akiko Day&#8217;s set is dominated by a huge blue sky backdrop and a curtained arch that acts as a miniproscenium.</p>
            <p>Truffaldino keeps calling atten&#173;tion to stage artifice (those inordinately loud offstage crashes, for instance) and to the aimlessness of the story. &#8220;Is this really the play? .&#160;.&#160;. When is the play going to start?&#8217;&#8217; he asks.</p>
            <p>One of the more startling surprises of last year&#8217;s Tony wards was James Corden&#8217;s win as best actor in a play for his knockabout portrayal of a beleaguered manservant in &#8220;One Man, Two Guvnors,&#8217;&#8217; beating out Philip &#173;Seymour Hoffman&#8217;s performance in &#8220;Death of a Salesman.&#8217;&#8217;</p>
            <p>A British import, &#8220;One Man, Two Guvnors&#8217;&#8217; was a modernized adaptation of &#8220;The Servant of Two Masters.&#8217;&#8217; Apart from intro&#173;ducing Americans to the human dynamo that is Corden, &#8220;One Man&#8217;&#8217; reminded theatergoers how much comic juice can still be wrung from the tradition of commedia dell&#8217;arte. </p>
            <p>For another entertaining &#173;reminder, check out the original at the Paramount.</p>
            <p>
               <em class="i">Don Aucoin can be reached at aucoin@globe.com.</em>
            </p>
         </block>
      </body.content>
   </body>
</nitf>