<?xml version="1.0" encoding="utf-8"?>
<nitf xmlns:xs="http://www.w3.org/2001/XMLSchema" version="//IPTC/DTD NITF 3.2/EN">
   <head>
      <story.date>02-01-2013</story.date>
      <pubdata name="Globe" position.section="Living Arts" position.subsection=" "
               position.sequence="B,14,54"
               type="print"
               date.publication="20130201000000-05:00"
               ex-ref="http://www.bostonglobe.com/lifestyle/names/2013/02/01/hunter-hayes-follows-own-path-grammy-noms/Ga1mjd9kPzbYGD3KUW0MAM/story.html"/>
      <title>01BSOplug</title>
      <docdata>
         <doc.id>e16adf82-6bde-11e2-baa1-9e8515cd26f3</doc.id>
         <doc.copyright holder="Associated Press"/>
         <doc.rights owner="Associated Press"/>
         <date.issue norm="20130131202346-05:00">2013-01-31T20:23:46</date.issue>
         <identified-content>
            <classifier type="tom">News</classifier>
            <classifier type="taxonomy">AE/Music</classifier>
            <classifier type="contentdesk">Lifestyle</classifier>
            <classifier type="subdesk">Celebrity</classifier>
            <location class="primary">Nashville, TN</location>
            <location class="latitudelongitude">(36.1666667,-86.7833333)</location>
         </identified-content>
      </docdata>
   </head>
   <body>
      <body.head>
         <hedline>
            <hl1>Hunter Hayes follows his own path to Grammy nominations</hl1>
            <hl2 hl2class="subhead"/>
            <hl2 hl2class="overline"/>
            <hl2 hl2class="label"/>
         </hedline>
         <byline>
            <person>By Chris Talbott</person>
            <byttl>Associated Press</byttl>
         </byline>
         <abstract>Being nominated for two Grammy Awards has only emboldened Hunter Hayes to take chances.Hayes played every instrument on his self-titled debut album, something he called an &#8216;&#8216;intimidating experiment&#8217;&#8217; in a town full of legendary hired hands. He also went hard against the current trends in country music in another way, pursuing his interest in pop influences when most of his male counterparts are riffin&#8217; on rock &#8216;n&#8217; roll.</abstract>
      </body.head>
      <body.content>
         <block class="txt">
            <media mediaid="1">
               <media-reference>e7c6c1fe-3fae-11e2-9e36-27d09c43c991.jpg</media-reference>
               <media-caption>Country star Hunter Hayes, 21, is nominated for three Grammys.</media-caption>
               <media-producer>CHRISTOPHER BERKEY/AFP/Getty Images </media-producer>
               <media-metadata name="pageNumber" value="14"/>
               <media-metadata name="wShape" value="150.72"/>
               <media-metadata name="hShape" value="241.5"/>
            </media>
            <p>NASHVILLE &#8212; Being nominated for multiple Grammy Awards has only emboldened Hunter Hayes to take chances.</p>
            <p>Hayes played every instrument on his self-titled debut album, something he called an &#8216;&#8216;intimidating experiment&#8217;&#8217; in a town full of legendary hired hands. He also went hard against the current trends in country music in another way, pursuing his interest in pop influences when most of his male counterparts are riffin&#8217; on rock &#8217;n&#8217; roll.</p>
            <p>&#8216;&#8216;In the name of experimenting and being adventurous and trying new things, I think it&#8217;s important for me to keep doing that and I think it&#8217;s important to challenge myself in those ways,&#8217;&#8217; Hayes said.</p>
            <p>The 21-year-old Louisiana native is up for three trophies at the Feb. 10 Grammy Awards in Los Angeles, including best new artist. The nominations punctuate a period of growth for Hayes in the 18 months since he released that album. He scored his first No. 1 with &#8216;&#8216;Wanted,&#8217;&#8217; becoming the youngest solo male country performer to top the chart. And he began to play in front of larger crowds on tour with several established stars, including Carrie Underwood &#8212; a onetime best new artist herself.</p>
            <p>Underwood says she voted for Hayes in the category because his talent is undeniable.</p>
            <p>&#8216;&#8216;He&#8217;s not just a singer, he&#8217;s not just a cutie-pie, which he is,&#8217;&#8217; Underwood said. &#8216;&#8216;He&#8217;s adorable, but it&#8217;s not just that. He&#8217;s really talented. He&#8217;s a really great vocalist and he plays everything on his album, which I think is something he doesn&#8217;t get enough credit for. He&#8217;s a great guy, too, and he&#8217;s a hard worker. I&#8217;ve seen all the stuff he&#8217;s running and out and doing all over the place and he wants it bad.&#8217;&#8217;</p>
            <p>That&#8217;s been the case since before Hayes was big enough to wrap his left hand around the neck of a guitar.</p>
            <p>Performing before reaching kindergarten, making national TV appearances as a school kid, releasing self-produced albums from the age of 10 through his record deal in Nashville, Hayes was already a fully formed performer when he joined Dann Huff in the studio to record his debut. He&#8217;s always played his own instruments on his independently issued albums and he saw no reason to stop.</p>
            <p>Seven months later he emerged with something very different from what you hear from his peers on country radio. It was an album that recalled Rascal Flatts rather than Jason Aldean and referenced some of the sounds young country fans have already grown accustomed to listening to Underwood, Taylor Swift, and Lady Antebellum.</p>
            <p>That&#8217;s emboldened him as he begins thinking about recording a new album. He says recent music by Train, John Mayer, Mutemath, and Coldplay has charged his imagination and is encouraging him to consider more experimentation.</p>
            <p>&#8216;&#8216;This year I got into two or three different bands because their records, which were not on country radio stations, had elements of the things I love,&#8217;&#8217; Hayes said. &#8216;&#8216;They had bluegrass instruments. They had really cool organic grooves that I love and was so excited to hear. ... It&#8217;s important for me to sort of merge all these sounds into one to help me create mine, whatever that is.&#8217;&#8217;</p>
            <p>And maybe he&#8217;ll invite in a collaborator or two this time. Or try a new songwriting process in the studio.</p>
            <p>&#8216;&#8216;All these different things I&#8217;ve always wanted to try,&#8217;&#8217; Hayes said. &#8216;&#8216;I think it&#8217;s important not to pick a process and say this is the way I&#8217;m always going to make my record because that turns out the same results over and over. I get bored with something really quickly, so I kind of want to try something any way.&#8217;&#8217;</p>
         </block>
      </body.content>
   </body>
</nitf>