<?xml version="1.0" encoding="utf-8"?>
<nitf xmlns:xs="http://www.w3.org/2001/XMLSchema" version="//IPTC/DTD NITF 3.2/EN">
   <head>
      <story.date>02-01-2013</story.date>
      <pubdata name="Globe" position.section="Sports" position.subsection=" "
               position.sequence="C,2,910"
               type="print"
               date.publication="20130201000000-05:00"
               ex-ref="http://www.bostonglobe.com/sports/2013/01/31/pga-tour-phil-mickelson-just-misses-shooting-phoenix-open/qSQYMaJatMDVOcVfj6f7gJ/story.html"/>
      <title>01golfrdp</title>
      <docdata>
         <doc.id>94cd17bc-6c01-11e2-a242-50e79c56738a</doc.id>
         <doc.copyright holder="Associated Press"/>
         <doc.rights owner="Associated Press"/>
         <date.issue norm="20130201074911-05:00">2013-02-01T07:49:11</date.issue>
         <identified-content>
            <classifier type="tom">News</classifier>
            <classifier type="taxonomy">Sports/Golf</classifier>
            <classifier type="contentdesk">Sports</classifier>
            <classifier type="subdesk"/>
            <location class="primary">Boston, MA</location>
            <location class="latitudelongitude">(42.339904,-71.0898892)</location>
         </identified-content>
      </docdata>
   </head>
   <body>
      <body.head>
         <hedline>
            <hl1>Mickelson can&#8217;t turn 59</hl1>
            <hl2 hl2class="subhead">Birdie putt horseshoes on last hole </hl2>
            <hl2 hl2class="overline">golf roundup</hl2>
            <hl2 hl2class="label"/>
         </hedline>
         <byline>
            <person/>
            <byttl>Associated Press</byttl>
         </byline>
         <abstract>Phil Mickelson had 25-foot birdie putt on his 18th hole lip out, denying him a 59 Thursday in the first round of the PGA Tour&#8217;s Phoenix Open in Scottsdale, Ariz.</abstract>
      </body.head>
      <body.content>
         <block class="txt">
            <p/>
            <p>Phil Mickelson pointed his putter at the cup and started to walk toward the hole, ready to celebrate golf&#8217;s magic number.</p>
            <p>Right at the end, though, the ball caught the right edge of the cup, curled 180 degrees and stayed out. A fraction of inch turned cheers to gasps and cost him a 59 Thursday in the first round of the Phoenix Open in Scottsdale, Ariz.</p>
            <p>&#8216;&#8216;Six feet to go, it was in the center,&#8217;&#8217; Mickelson said. &#8216;&#8216;Three feet to go, it was in the center. A foot to go, it was in the center, and even as it&#8217;s approaching the hole, I couldn&#8217;t envision which side of the hole it could possibly miss on, and it ended up somehow just dying off at the end, catching the lip.&#8217;&#8217;</p>
            <p>His caddie, Jim Mackay, fell to his knees and stayed there several seconds.</p>
            <p>&#8216;&#8216;He could not have hit a better putt,&#8217;&#8217; Mackay said.</p>
            <p>Playing partners Jason Dufner and Rickie Fowler also watched in disbelief when the 25-foot birdie putt lipped out.</p>
            <p>&#8216;&#8216;Unlucky,&#8217;&#8217; Dufner said. &#8216;&#8216;He was walking it in.&#8217;&#8217;</p>
            <p>&#8216;&#8216;I thought it was in,&#8217;&#8217; Fowler said. &#8216;&#8216;I was pulling for him.&#8217;&#8217;</p>
            <p>Mickelson settled for an 11-under 60 at TPC Scottsdale, matching the tournament record he already shared with Grant Waite and Mark Calcavecchia.</p>
            <p>&#8216;&#8216;Well, 60 is awesome,&#8217;&#8217; Mickelson said. &#8216;&#8216;Last time I shot 60 here in &#8217;05, I birdied like the last three or four holes just to do that, and I was ecstatic, and I'm ecstatic to shoot 60. But there&#8217;s a big difference between 60 and 59. Not that big between 60 and 61, there really isn't. But there&#8217;s a big barrier, a Berlin Wall barrier, between 59 and 60.</p>
            <p>Seeking his third victory in the event, Mickelson had a four-stroke lead over Ryan Palmer, Brandt Snedeker, Padraig Harrington, Ted Potter Jr., and Jeff Maggert when play was suspended because of darkness in the round that started an hour late because of frost.</p>
            <p>Mickelson struggled in his first two events of the season &#8212; tying for 37th at La Quinta and 51st at Torrey Pines &#8212; and caused a sensation by talking about tax increases.</p>
            <p>&#8216;&#8216;It was a matter of time before he started getting something going,&#8217;&#8217; Mackay said.</p>
            <p>Five players have shot 59 in official PGA Tour events. Al Geiberger did it in the 1977 Memphis Classic, Chip Beck in the 1991 Las Vegas Invitational, David Duval in the 1999 Bob Hope Invitational, Paul Goydos in the 2010 John Deere Classic and Stuart Appleby in the 2010 Greenbrier Classic. </p>
            <p>Japan&#8217;s Ryo Ishikawa had the lowest round on a major tour, shooting a 12-under 58 to win the 2010 Crowns on the Japan Tour.</p>
            <p>Bo Van Pelt had a 59 in the pro-am Wednesday at TPC Scottsdale, a round that Mickelson watched closely from the group behind.        </p>
            <p>
               <em class="b">European </em>&#8212; Richard Sterne nearly broke the course record at the Dubai Desert Classic in the United Arab Emirates, shooting 10-under 62 in the first round to finish one shot ahead of Stephen Gallacher.</p>
            <p>The 165th-ranked South African, who has struggled in recent years with back problems, started with three birdies on his first four holes. Sterne was on pace to break the course record of 61 set by Ernie Els in 1994, but couldn&#8217;t convert late birdie chances.</p>
            <p>Scott Jamieson, Chris Doak, and Tommy Fleetwood shot 65s. </p>
            <p>Paul Casey was another stroke back, while Mark O&#8217;Meara and Lee Westwood shot 67s. Sergio Garcia, who finished second last week in Qatar, had a 68.</p>
         </block>
      </body.content>
   </body>
</nitf>