<?xml version="1.0" encoding="utf-8"?>
<nitf xmlns:xs="http://www.w3.org/2001/XMLSchema" version="//IPTC/DTD NITF 3.2/EN">
   <head>
      <story.date>02-01-2013</story.date>
      <pubdata name="Globe" position.section="Editorial Opinion"
               position.subsection="Editorial"
               position.sequence="A,14,2"
               type="print"
               date.publication="20130201000000-05:00"
               ex-ref=""/>
      <title>eandrews</title>
      <docdata>
         <doc.id>d2710c1e-6bc9-11e2-b0fe-25b534362601</doc.id>
         <doc.copyright holder=" "/>
         <doc.rights owner=" "/>
         <date.issue norm="20130131182356-05:00">2013-01-31T18:23:56</date.issue>
         <identified-content>
            <classifier type="tom">News</classifier>
            <classifier type="contentdesk">EditorialOpinion</classifier>
            <classifier type="subdesk"/>
            <location class="primary">Boston, MA</location>
            <location class="latitudelongitude">(42.3584308,-71.0597732)</location>
         </identified-content>
      </docdata>
   </head>
   <body>
      <body.head>
         <hedline>
            <hl1>Andrews Sisters: Never out of uniform</hl1>
            <hl2 hl2class="subhead"/>
            <hl2 hl2class="overline"/>
            <hl2 hl2class="label"/>
         </hedline>
         <byline>
            <person/>
            <byttl/>
         </byline>
         <abstract>Like so much else about the World War II era, the Andrews Sisters have been consigned to History Channel documentaries and film clips on the Internet. So it may be a shock to realize that one of the sisters had spent the last few decades in Arizona, in a quiet retirement. Patty Andrews, who died this week at 94, was part of one of the biggest selling groups of her era, an act that was as much a part of the &#8217;40s as the Supremes were of the &#8217;60s. </abstract>
      </body.head>
      <body.content>
         <block class="txt">
            <media mediaid="1">
               <media-reference>01aa5002-6bdf-11e2-baa1-9e8515cd26f3.jpg</media-reference>
               <media-caption/>
               <media-producer>associated press</media-producer>
               <media-metadata name="pageNumber" value=""/>
            </media>
            <p>Like so much else about the World War II era, the Andrews Sisters have been consigned to History Channel documentaries and film clips on the Internet. So it may be a shock to realize that one of the sisters had spent the last few decades in Arizona, in a quiet retirement, as much of a throwback as the nonagenarian GIs who don their old uniforms and offer a crisp salute. Patty Andrews, who died this week at 94, was part of one of the biggest-selling groups of her era, an act that was as emblematic of the &#8217;40s as the Supremes were of the &#8217;60s. </p>
            <p>The Andrews Sisters&#8217; heyday coincided with the biggest event of the 20th century, for which the they provided an indelible soundtrack. &#8220;Boogie Woogie Bugle Boy&#8217;&#8217; buoyed the spirits of millions of soldiers overseas and their families on the home front. And the Andrews Sisters&#8217; recording of it still generates heat on YouTube, sparked by Patty&#8217;s impassioned vocals.</p>
         </block>
      </body.content>
   </body>
</nitf>