<?xml version="1.0" encoding="utf-8"?>
<nitf xmlns:xs="http://www.w3.org/2001/XMLSchema" version="//IPTC/DTD NITF 3.2/EN">
   <head>
      <story.date>02-01-2013</story.date>
      <pubdata name="Globe" position.section="Sports" position.subsection=" "
               position.sequence="C,1,232"
               type="print"
               date.publication="20130201000000-05:00"
               ex-ref="http://www.bostonglobe.com/sports/2013/02/01/ers-quartet-all-pro-linebackers-can-all/kBnZx8EUTNyOguyGgQy3mK/story.html"/>
      <title>01niners</title>
      <docdata>
         <doc.id>e83c5938-6c17-11e2-a242-50e79c56738a</doc.id>
         <doc.copyright holder="The Boston Globe"/>
         <doc.rights owner="The Boston Globe"/>
         <date.issue norm="20130201051206-05:00">2013-02-01T05:12:06</date.issue>
         <identified-content>
            <classifier type="tom">News</classifier>
            <classifier type="taxonomy">Sports/Football/NFL</classifier>
            <classifier type="contentdesk">Sports</classifier>
            <classifier type="subdesk"/>
            <location class="primary">New Orleans, LA</location>
            <location class="latitudelongitude">(29.9510658,-90.0715323)</location>
         </identified-content>
      </docdata>
   </head>
   <body>
      <body.head>
         <hedline>
            <hl1>49ers have solid backing</hl1>
            <hl2 hl2class="subhead">Fangio&#8217;s collection of All-Pros           is a four-star nightmare for offenses</hl2>
            <hl2 hl2class="overline"/>
            <hl2 hl2class="label"/>
         </hedline>
         <byline>
            <person>By Shalise Manza Young</person>
            <byttl>Globe Staff</byttl>
         </byline>
         <abstract>San Francisco defensive coordinator Vic Fangio coached the Saints&#8217; famed &#8220;Dome Patrol&#8217;&#8217; 20 years ago, and his current 49ers linebackers could prove to be just as good.</abstract>
      </body.head>
      <body.content>
         <block class="txt">
            <p>NEW ORLEANS &#8212; The Associated Press All-Pro team, the one officially recognized by the NFL, is nothing like the Pro Bowl roster. The All-Pro team is the best of the best at every position, regardless of conference, chosen by a panel of 50 media members.</p>
            <p>There are no reserves, no injury replacements, no players getting the &#8220;honor&#8217;&#8217; after five other guys have declined to attend.</p>
            <p>When the 2012 edition of the team was announced last month, six of the San Francisco 49ers&#8217; 11 defensive starters were voted onto the first or second team, including all four of their linebackers.</p>
            <p>Defensive coordinator Vic Fangio has garnered a great deal of praise this week for the work he has done with his unit, but it&#8217;s pretty clear he has a lot more to work with than most coaches.</p>
            <p>That quartet &#8212; inside backers Patrick Willis, 28, and NaVorro Bowman, 24, and outside backers Aldon Smith, 23, and Ahmad Brooks, 28 &#8212; is pretty young, and they know how to work together. They also know how good they are.</p>
            <p>&#8220;What makes us dangerous is, our confidence is through the roof,&#8217;&#8217; Bowman said. &#8220;Our work ethic is through the roof. Anything that we have to do in regards to the 49ers, we&#8217;re willing to do it. </p>
            <p>&#8220;Some teams and coaches may not be on the same page; we&#8217;re all on the same page with our coach. We understand what he wants and what he&#8217;s trying to get accomplished every single week, and it&#8217;s been working for us.&#8217;&#8217;</p>
            <p>Fangio certainly knows talented linebacking corps. He was coach of the &#8220;Dome Patrol,&#8217;&#8217; the Saints linebackers who played seven seasons together in the 1980s and &#8217;90s: Rickey Jackson, Sam Mills, Vaughan Johnson, and Pat Swilling.</p>
            <p>This is the first season his 49ers group has started together. Smith played quite a bit as a rookie but was not a full-time starter.</p>
            <p>Fangio isn&#8217;t quite ready to compare his current crop with the Dome Patrol, but he hopes they can all stay together for a few years, and then he can see how they measure up.</p>
            <p>That doesn&#8217;t mean he doesn&#8217;t recognize what he has now.</p>
            <p>&#8220;We have great linebackers, there&#8217;s no hiding that. They&#8217;re on the field all the time,&#8217;&#8217; Fangio said. &#8220;Whether we&#8217;re in nickel or base, they stay out there. Those two outside linebackers become our ends in the nickel and our two inside linebackers stay in the game. They&#8217;re out there all the time. </p>
            <p>&#8220;They&#8217;re really great players. They&#8217;re athletic. Our outside linebackers are athletic enough to play in passing situations. We feel fine about leaving them out there, matching them up against tight ends and even wide receivers at times. They allow us some flexibility.&#8217;&#8217;</p>
            <p>Smith, the seventh overall pick in 2011 out of Missouri, announced himself quickly, with 14 sacks in his first season despite playing about half of the defensive snaps.</p>
            <p>This year, he rarely came off the field, as Fangio indicated. With 19&#xBD; sacks, he looked well on his way to setting the NFL season record, but he was held without a sack over the last three weeks of the regular season.</p>
            <p>Brooks, the most veteran of the bunch with seven NFL seasons, had 6&#xBD; sacks this year and six pass breakups. </p>
            <p>He spent the first two years of his career in Cincinnati, but was one of the final cuts coming out of training camp in 2008 and was claimed by the 49ers.</p>
            <p>&#8220;Just to see how far he has come since the first time he came with us as part of this team has been amazing,&#8217;&#8217; Willis said. &#8220;It&#8217;s been a big change of how he goes about his work and wanting to understand and show us how much it means to him and how much he cares, and showing that the previous things that might have held up his head didn&#8217;t matter anymore.</p>
            <p>&#8220;He was with us to make a new home and to be better and to make this team a better defense. He&#8217;s playing outside linebacker the way it&#8217;s supposed to be played. To play linebacker in our defense, you can&#8217;t just be a &#8216;run around&#8217; guy; you have to be a stout guy and be able to take on blocks and set the edges, and he does that for us week in and week out.&#8217;&#8217;</p>
            <p>Fangio needs good outside linebackers for his 3-4 system to be played at its best.</p>
            <p>&#8220;We do, since it&#8217;s a key position in this defense,&#8217;&#8217; he said. &#8220;It allows us to have flexibility and gives us a little bit more athleticism on the field.&#8217;&#8217;</p>
            <p>The rise of Bowman, a bit player his rookie year but a starter in 2011 and &#8217;12, has meant that Willis isn&#8217;t asked to do quite as much. After averaging 115 tackles a year over his first four seasons, Willis totaled 88 this year and 82 the season before.</p>
            <p>&#8220;I think we complement each other well due to the fact that we&#8217;re very similar in athletic ways,&#8217;&#8217; Bowman said of his partnership with Willis. &#8220;We have a chance to disguise a lot of our defenses because we can do a lot of the same things. </p>
            <p>&#8220;I just think that gives us an advantage. When going against opposing offenses, they really can&#8217;t get a read on what type of defense we&#8217;re in because we&#8217;re staying put. </p>
            <p>&#8220;We just benefit from it.&#8217;&#8217;</p>
            <p>The 49ers benefit from their strong linebackers. Opposing offenses are in fits trying to beat them.</p>
            <p>
               <em class="i">Shalise Manza Young can be reached at syoung@globe.com. Follow her on Twitter @shalisemyoung.</em>
            </p>
         </block>
      </body.content>
   </body>
</nitf>