<?xml version="1.0" encoding="utf-8"?>
<nitf xmlns:xs="http://www.w3.org/2001/XMLSchema" version="//IPTC/DTD NITF 3.2/EN">
   <head>
      <story.date>02-01-2013</story.date>
      <pubdata name="Globe" position.section="News" position.subsection="Metro"
               position.sequence="A,1,1"
               type="print"
               date.publication="20130201000000-05:00"
               ex-ref="http://www.bostonglobe.com/metro/2013/01/31/congressman-lynch-launches-campaign-for-senate-seat/0jIlwDE5YtSJirYrmCec7N/story.html"/>
      <title>1lynch</title>
      <docdata>
         <doc.id>d4791f02-6baf-11e2-b0fe-25b534362601</doc.id>
         <doc.copyright holder="The Boston Globe"/>
         <doc.rights owner="The Boston Globe"/>
         <date.issue norm="20130201084905-05:00">2013-02-01T08:49:05</date.issue>
         <identified-content>
            <classifier type="tom">News</classifier>
            <classifier type="taxonomy">News/US/Politics/US Senate;News/US/Massachusetts;News/US/Politics/US Senate/Brown</classifier>
            <classifier type="contentdesk">Metro</classifier>
            <classifier type="subdesk"/>
            <location class="primary">Boston, MA</location>
            <location class="latitudelongitude">(42.3584308,-71.0597732)</location>
         </identified-content>
      </docdata>
   </head>
   <body>
      <body.head>
         <hedline>
            <hl1>GOP prods a hesitant Brown</hl1>
            <hl2 hl2class="subhead">Doubts of a run grow; Lynch joins Markey in Democratic primary</hl2>
            <hl2 hl2class="overline"/>
            <hl2 hl2class="label"/>
         </hedline>
         <byline>
            <person>By Frank Phillips  and Michael Levenson</person>
            <byttl>Globe Staff</byttl>
         </byline>
         <abstract>With time running short, Washington Republicans have begun a &#8220;full court press&#8217;&#8217; to persuade an increasingly reluctant Scott Brown to run in the special election to replace John F. Kerry, according to two leading Massachusetts GOP figures. The eleventh-hour effort, coordinated by the National Republican Senatorial Committee, comes as those familiar with Brown&#8217;s deliberations are becoming convinced that he will not run and instead will look for a job in the private sector.</abstract>
      </body.head>
      <body.content>
         <block class="txt">
            <p>With time running short, Washington Republicans have begun a &#8220;full court press&#8217;&#8217; to persuade an increasingly reluctant Scott Brown to run in the special election to replace John F. Kerry, say two leading Massachusetts GOP figures.</p>
            <p>The eleventh-hour effort, coordinated by the National Republican Senatorial Committee, comes as those familiar with Brown&#8217;s deliberations are becoming convinced that he will not run and instead will look for a job in the private sector.</p>
            <p>The committee has lined up some of Brown&#8217;s former Senate colleagues to mount the campaign to persuade him to run. They are telling Brown he is the party&#8217;s best and probably only hope to win the June 25 election in a state that traditionally sends Democrats to Washington, said those GOP figures, who &#173;declined to comment on the record. Brown will probably disclose his decision in the next few days.</p>
            <p>As the pressure mounts on Brown, a proudly defiant Stephen F. Lynch launched his Senate campaign Thursday by casting himself as a blue-collar political outsider and his rival for the Democratic nomination, Edward J. Markey, as an out-of-touch creature of Washington.</p>
            <p>Crossing the state on a five-stop tour, Lynch, the congressman from South Boston, repeat&#173;edly contrasted his 18 years as an ironworker who grew up in public housing and spent time on the unemployment line with Markey&#8217;s 36 years in the House.</p>
            <p>&#8220;I respect that service, but I think it creates an insulated person from what&#8217;s happening here on the ground and what average families are worried about,&#8217;&#8217; Lynch said after greeting ironworkers and patrons at the Parkway Diner in Worcester. &#8220;I can relate to the people I seek to represent in a much better fashion.&#8217;&#8217;</p>
            <p>Lynch&#8217;s pointed rhetoric sets the stage for a heated primary against Markey, a Malden &#173;Democrat, who is the favored candidate of party leaders. Those figures, who include &#173;Kerry and the Democratic Senatorial Campaign Committee, endorsed Markey weeks ago in hope of avoiding the kind of intra&#173;party fight Lynch is now sparking.</p>
            <p>&#8220;It will be an uphill fight for me, but the fight is worth fighting,&#8217;&#8217; Lynch declared at a morning stop at O&#8217;Brien&#8217;s Corner in Springfield. &#8220;Shame on us to &#173;allow someone to clear the field, box out all the other candidates, and buy the election.&#8217;&#8217;</p>
            <p>The national GOP, meanwhile, is trying to encourage Brown by telling him he is at the height of his popularity and has a campaign and fund- raising structure still in place from last year&#8217;s race against Elizabeth Warren. The GOP senatorial committee is also &#173;expected to outline the financial resources and other support that it can muster on Brown&#8217;s behalf.</p>
            <p>Brown has been politically inactive and has raised no money since his defeat in November. Since he left the Senate last month, Brown has spent part of his time continuing his work as the assistant to the chief legal officer for the National Guard Bureau, at the Pentagon. His &#173;income has dropped dramatically since he left the Senate, adding to the allure of the private sector.</p>
            <p>Brown&#8217;s silence on the Senate race has created anxiety in Republican leadership ranks. The timeline for making a decision is narrowing, given the need to gather 10,000 certified signatures from voters within four weeks, which could be a hurdle if the GOP is forced to rely on a less-known backup candidate.</p>
            <p>Brown&#8217;s wavering has &#173;already produced a potential &#173;rival for the GOP nomination. Gabriel E. Gomez, a former US Navy Seal and fighter pilot who has worked in financial services for the past 16 years, said Thursday he is &#8220;seriously considering&#8217;&#8217; jumping into the race.</p>
            <p>Gomez, a 47-year-old &#173;Harvard Business School graduate from Cohasset, would not rule out a challenge to Brown for the party&#8217;s nomination, saying only that &#8220;I will cross that bridge when we get there.&#8217;&#8217;</p>
            <p>Brown has told state Republicans and others in his circle that he is exhausted from the intensity of the last two campaigns. He often notes that if he ran and won, he would have to immediately gear up for a fourth tough campaign in 2014 to win a full six-year term.</p>
            <p>Brown&#8217;s spokesman, Colin Reed, said Tuesday and again Thursday that &#8220;there is no announce&#173;ment at this time.&#8217;&#8217; Neither Brown nor the GOP senatorial committee responded to messages seeking comment Thursday.</p>
            <p>On the Democratic side, Lynch has about $800,000 in the bank, compared to &#173;Markey&#8217;s $3.2 million, and has taken some conservative stances &#8212; opposing abortion rights and voting against President Obama&#8217;s health care law &#8212; that could prove problematic in a Democratic primary where liberal voters have a large influence.</p>
            <p>But Lynch vowed to outwork Markey, who has held few campaign events since he entered the race in late December. He also boasted that his labor support could help him muster the volunteer army needed to &#173;defeat his colleague from Malden. Several hundred union workers turned out Thursday to support Lynch at his biggest event of the day, a kickoff rally at the Iron Workers Local 7 hall in South Boston, where Lynch was once the union president.</p>
            <p>Surrounded by ironworkers, Lynch sparked loud applause when he declared that if voters send him to the Senate, he will stand apart.</p>
            <p>&#8220;I would not fit in in the United States Senate,&#8217;&#8217; Lynch declared. &#8220;But neither would you!&#8217;&#8217;</p>
            <p>Lynch&#8217;s antiestablishment pitch and blue-collar background could appeal to some Democrats.</p>
            <p>&#8220;I don&#8217;t like anyone being canonized for a job,&#8217;&#8217; said &#173;Kathleen Murphy, a Democratic activist, who met Lynch at O&#8217;Brien&#8217;s in Springfield. &#8220;All I know is that he comes from humble beginnings, and I have a great respect for humble &#173;beginnings.&#8217;&#8217;</p>
            <p>On the campaign trail, Lynch downplayed his opposition to legalized abortion, one of a few key policy differences he has with Markey, who supports abortion rights.</p>
            <p>&#8220;I don&#8217;t think that undermining or repealing Roe v. Wade makes things better,&#8217;&#8217; Lynch said. &#8220;It doesn&#8217;t limit abortion. It just changes the setting from a clinical one to one that&#8217;s more dangerous for women.&#8217;&#8217;</p>
            <p>Nevertheless, he said he would vote to confirm Supreme Court nominees who oppose abortion rights. &#8220;Absolutely,&#8217;&#8217; he said, saying the issue is not a &#8220;litmus test&#8217;&#8217; for him.</p>
            <p>Markey said Thursday night that he welcomed Lynch&#8217;s entry into the race, but sent a pointed message about the need to champion liberal values.</p>
            <p>At a Democratic state committee meeting that Lynch also attended, Markey declined to respond directly to his rival&#8217;s charge that he is out of touch with working people, saying he wants to run a positive campaign. But he emphasized that he, too, comes from a blue- collar family. &#8220;My father drove a truck for the Hood milk company, and he gave me the opportunity to drive a truck for four years when I needed to pay for my school at BC,&#8217;&#8217; Markey said.</p>
            <p>&#x25BA;Brown aide Hughes voted state GOP chairwoman. B1.</p>
            <p>
               <em class="i">Noah Bierman of the Globe staff and Globe correspondents Ellen Ishkanian and Colin A. Young contributed to this report.</em>
            </p>
         </block>
      </body.content>
   </body>
</nitf>