<?xml version="1.0" encoding="utf-8"?>
<nitf xmlns:xs="http://www.w3.org/2001/XMLSchema" version="//IPTC/DTD NITF 3.2/EN">
   <head>
      <story.date>02-01-2013</story.date>
      <pubdata name="Globe" position.section="News" position.subsection="Metro"
               position.sequence="B,1,14"
               type="print"
               date.publication="20130201000000-05:00"
               ex-ref="http://www.bostonglobe.com/metro/2013/02/01/kirsten-hughes-former-scott-brown-aide-elected-chairman-state-gop/0b6SrGpnuDbQ5N0zSKcyfM/story.html"/>
      <title>01gop</title>
      <docdata>
         <doc.id>560f469c-6be5-11e2-a242-50e79c56738a</doc.id>
         <doc.copyright holder="The Boston Globe"/>
         <doc.rights owner="The Boston Globe"/>
         <date.issue norm="20130201015540-05:00">2013-02-01T01:55:40</date.issue>
         <identified-content>
            <classifier type="tom">News</classifier>
            <classifier type="taxonomy">News/US/Massachusetts;News/US/Politics/Legislatures/Mass.;News/US/Politics/US Senate/Brown</classifier>
            <classifier type="contentdesk">Metro</classifier>
            <classifier type="subdesk"/>
            <location class="primary">Natick, MA</location>
            <location class="latitudelongitude">(42.298,-71.3884999)</location>
         </identified-content>
      </docdata>
   </head>
   <body>
      <body.head>
         <hedline>
            <hl1>Hughes narrowly wins top GOP post</hl1>
            <hl2 hl2class="subhead">Ex-Brown aide vows to unite party</hl2>
            <hl2 hl2class="overline"/>
            <hl2 hl2class="label"/>
         </hedline>
         <byline>
            <person>By Stephanie Ebbert</person>
            <byttl>Globe Staff</byttl>
         </byline>
         <abstract>Kirsten Hughes, a campaign aide to former US Senator Scott Brown whom he backed to lead the Massachusetts Republican Party through the upcoming election cycle, was voted state party chairman Thursday night in a contest so narrow that it briefly appeared to be a tie. Hughes beat Rick Green, a Pepperell conservative who had galvanized activists with his anti-establishment appeal and pledge to grow the party from the grassroots.</abstract>
      </body.head>
      <body.content>
         <block class="txt">
            <p>NATICK &#8212; Kirsten Hughes, backed by former US senator Scott Brown to lead the Massachusetts Republican Party through the upcoming election cycle, was voted state party chairwoman Thursday night in a contest so narrow that it briefly appeared to be a tie.</p>
            <p>Hughes, a former campaign aide to Brown, beat Rick Green, a Pepperell conservative who had galvanized activists with his anti-establishment appeal and pledge to grow party membership from the grass roots.</p>
            <p>The contentious fight over leadership had further divided the state&#8217;s minority party, which is still reeling from its losses in November and is preparing for an upcoming special election to fill John F. Kerry&#8217;s seat in the US Senate. Many thought that a loss for Brown&#8217;s candidate would leave him looking weak as he potentially positions himself for another &#173;political move.</p>
            <p>The chairman will control allocation of more than $400,000 the party has remaining in its federal account, said treasurer Brent &#173;Andersen.</p>
            <p>Hughes was elected by the 80-member Republican State Committee with a 41-to-39 vote, on a second ballot, after the results of the first election were contested and then set aside.</p>
            <p>&#8220;I am ready to head to &#173;Merrimac Street [the GOP headquarters in Boston] tomorrow morning to get to work without delay,&#8217;&#8217; she said. &#8220;How we do in these special elections will have a direct impact on our ability to motivate the grass roots and raise funds for the 2014 cycle and beyond.&#8217;&#8217;</p>
            <p>Hughes added, after the vote, &#8220;We&#8217;re all going to work together. That&#8217;s what our job is, to beat Democrats, not to beat each other up.&#8217;&#8217;</p>
            <p>In a show of unity, Green himself announced the chairman results.</p>
            <p>&#8220;The eyes of the state are &#173;upon us,&#8217;&#8217; Green said. &#8220;I would like everyone to join me in congratulating Kirsten Hughes as our next chairman.&#8217;&#8217;</p>
            <p>Until then, the mood was &#173;decidedly divisive, with Green&#8217;s supporters doubting the rulings made by the party attorney and parliamentarian when counting ballots.</p>
            <p>In the first ballot count, Hughes won by one vote. But when a committee member loudly questioned the results, outgoing chairman Robert A. Maginn Jr. acknowledged that one ballot had been thrown out because it showed Green&#8217;s initials, not his full name, which could have led to a tie.</p>
            <p>That created deep skepticism within the crowd of Green&#8217;s supporters, who viewed Hughes, a former party staff member, as part of the establishment.</p>
            <p>&#8220;The minority party has to be the party of transparency,&#8217;&#8217; said Brookline state committeewoman Lisa Barstow. &#8220;This is really bad politics.&#8217;&#8217;</p>
            <p>The second round of balloting gave Hughes the win and included votes from two members who had cast blank ballots the first time.</p>
            <p>The contentious campaign and messy vote had many &#173;Republicans in the room shaking their heads. But several speakers made pleas for unity, and one elicited an agreement from both Hughes and Green that whoever lost would work for the other.</p>
            <p>Former lieutenant governor Kerry Healey, who once served as party chairwoman, reminded the group of the battles fought in her time. &#8220;It&#8217;s very &#173;important for this group to know that this is not unusual,&#8217;&#8217; she said. &#8220;This happens every time. We pull together.&#8217;&#8217;</p>
            <p>But the mood was tense, and the campaigns bitterly divided. Outside the hotel, before the meeting, one passerby looked severely at the supporters holding signs for Hughes and said, &#8220;If you want to lose, vote for Hughes.&#8217;&#8217;</p>
            <p>In introducing Hughes, state committeewoman Christine &#173;Cedrone emphasized that she is a &#8220;lifelong Republican&#8217;&#8217; &#8212; a seeming reference to Green, who was previously unenrolled &#8212; and said pointedly, &#8220;She has also not played dirty in this campaign.&#8217;&#8217;</p>
            <p>In her remarks to committee members before the vote, Hughes, 35, emphasized her exper&#173;ience on all aspects of campaigns, as a volunteer, a campaign aide, and as a candidate herself.</p>
            <p>A Quincy city councilor who previously worked for the state party, she said that as deputy &#173;finance chairman for Brown&#8217;s campaign she helped him raise $42 million. </p>
            <p>She also called for Republicans to mobilize immediately, poining to the special elections coming up for Senate and the Legislature.</p>
            <p>With a nod to the 2012 election losses, Hughes said, &#8220;It is vital our party talk together to figure out how we may move forward and become stronger, and that means understanding and acknowledging where we have fallen short.</p>
            <p>&#8220;As chairman, I will never apologize &#8212; hear me now &#8212; for being a Republican,&#8217;&#8217; Hughes said. &#8220;I will proudly advance our Republican ideals of smaller government and fiscal conservatism.&#8217;&#8217;</p>
            <p>The intense battle for the leadership position is unusual for the Massachusetts GOP, which has had a hard time filling the often thankless job.</p>
            <p>Former US representative Peter Torkildsen accepted the post in 2007, but stepped down two years later. Jennifer &#173;Nassour served as chairwoman, without pay, from 2009 until the end of 2011, when Romney loyalist Maginn took over.
</p>
            <p>Conversely, the Massachusetts Democratic Party has had the same chairman since 2007: John Walsh, who managed Governor Deval Patrick&#8217;s first campaign.</p>
            <p>
               <em class="i">Stephanie Ebbert can be reached at ebbert@globe.com. Follow her on Twitter &#173;@stephanieebbert.</em>
            </p>
         </block>
      </body.content>
   </body>
</nitf>