<?xml version="1.0" encoding="utf-8"?>
<nitf xmlns:xs="http://www.w3.org/2001/XMLSchema" version="//IPTC/DTD NITF 3.2/EN">
   <head>
      <story.date>02-01-2013</story.date>
      <pubdata name="Globe" position.section="Living Arts" position.subsection=" "
               position.sequence="G,16,11"
               type="print"
               date.publication="20130201000000-05:00"
               ex-ref="http://www.bostonglobe.com/arts/movies/2013/01/31/movie-review-bullet-head/AXT3CmfxJL1QexZdAu4vSJ/story.html"/>
      <title>01bullet</title>
      <docdata>
         <doc.id>ae3cd70e-6b03-11e2-a242-50e79c56738a</doc.id>
         <doc.copyright holder="For The Boston Globe"/>
         <doc.rights owner="For The Boston Globe"/>
         <date.issue norm="20130131132337-05:00">2013-01-31T13:23:37</date.issue>
         <identified-content>
            <classifier type="tom">News</classifier>
            <classifier type="taxonomy">AE/Movies</classifier>
            <classifier type="contentdesk">Arts</classifier>
            <classifier type="subdesk">Movies</classifier>
            <location class="primary">Boston, MA</location>
            <location class="latitudelongitude">(42.3584308,-71.0597732)</location>
         </identified-content>
      </docdata>
   </head>
   <body>
      <body.head>
         <hedline>
            <hl1>Stallone is a one-man show</hl1>
            <hl2 hl2class="subhead"/>
            <hl2 hl2class="overline">Movie Review</hl2>
            <hl2 hl2class="label"/>
         </hedline>
         <byline>
            <person>By Tom Russo</person>
            <byttl>Globe Correspondent</byttl>
         </byline>
         <abstract>** Bullet to the Head Hardly a noted cutup, Sylvester Stallone is surprisingly funny playing an irascible New Orleans hit man paired with a cop (Sung Kang, &#8220;Fast Five&#8217;&#8217;). It&#8217;s a trick Stallone pulls off by not trying too hard, and generally just looking annoyed to be here. If &#8220;Bullet&#8217;&#8217; had anything else going for it, it might be a little more than just the grungy revenge flick of the week. (92 min., R) (Tom Russo)</abstract>
      </body.head>
      <body.content>
         <block class="txt">
            <media mediaid="1">
               <media-reference>56fecf04-6722-11e2-ae34-9a7bc5b0f789.jpg</media-reference>
               <media-caption>Sylvester Stallone is out for revenge &#8212; and laughs &#8212; playing a hit man named Jimmy Bobo in &#8220;Bullet to the Head.&#8217;&#8217;</media-caption>
               <media-producer>Frank Masi</media-producer>
               <media-metadata name="pageNumber" value=""/>
            </media>
            <p>Movie Review</p>
            <p>&#x2605;&#x2605;</p>
            <p>
               <em class="b"/>
            </p>
            <p>Directed by: </p>
            <p>Written by: , </p>
            <p>Starring: , , , , , and </p>
            <p>At: </p>
            <p>Running time: </p>
            <p>Rated:  ()</p>
            <p>Most of us have never mistaken Sylvester Stallone for a cutup. Maybe the occasional producer has &#8212; the makers of &#8220;Rhinestone,&#8217;&#8217; say, or of &#8220;Stop! Or My Mom Will Shoot&#8217;&#8217; &#8212; but not the rest of us. So it&#8217;s a surprise that Stallone is as funny as he is playing a hit man paired with a cop in &#8220;Bullet to the Head.&#8217;&#8217; He&#8217;s man-cave witty in a way that his &#8220;Expendables&#8217;&#8217; movies have strived for but haven&#8217;t really managed. If &#8220;Bullet&#8217;&#8217; had anything else going for it, it might be a little more than just the grungy revenge flick of the week.</p>
            <p>Stallone pulls off his trick by not trying too hard, by not mugging. His New Orleans mob palooka, Jimmy Bobo, generally looks annoyed to be here, or bored at the very least. He&#8217;s a guy who brings his own whiskey to bars and churlishly &#8220;rents&#8217;&#8217; a glass because he&#8217;s got no patience for his obscure label not being stocked. (The one thing he does have patience for, seemingly, is marathon tattoo sessions; the sprawling canvas of faux ink Stallone flashes makes that weird, veiny, sexagenarian-bodybuilder&#8217;s torso look that much funkier.)</p>
            <p>Sure, Jimmy feels it when his partner (Jon Seda) is set up and shivved to death. (Stallone mutters terrific gravelly voice-over snippets here and there to let us know what&#8217;s going on in his head.) But his expression projects peeved resignation about the whole mess &#8212; like: Great, one more thing I&#8217;ve gotta deal with. And it really makes his week when out-of-town detective Kwon (Sung Kang, &#8220;Fast Five&#8217;&#8217;) comes around pushing for an alliance to crack the case.</p>
            <p>We&#8217;re handed some transitive-property expositional nonsense about how Jimmy&#8217;s target at the movie&#8217;s outset was Kwon&#8217;s crooked ex-partner, so Kwon figures they&#8217;ve got a common enemy to track down. Put more simply, it&#8217;s a buddy-cop setup with a twist(!) &#8212; one of &#8217;em is actually a criminal(!!). Or, put another way, it&#8217;s just director Walter Hill (&#8220;The Warriors&#8217;&#8217;) tweaking his formula from the &#8220;48 Hrs.&#8217;&#8217; franchise.</p>
            <p>The repartee here feels about that old &#8212; politically incorrect ethnic digs, whippersnapper needling, clunky stuff that elicits yawns or outright groans. The stock baddies (Adewale Akinnuoye-Agbaje and, just passing through, Christian Slater) aren&#8217;t any better, although there&#8217;s some action spark between glowering mercenary Jason Momoa (of Conan 2.0 fame) and Stallone. (At last &#8212; Rambo versus everyone&#8217;s favorite barbarian.) But the movie&#8217;s best moments are when Stallone is serving aces, not trying to keep weak volleys going. His unexpected, withering irascibility saves that ridicule-courting title from all the obvious jokes.</p>
            <p/>
            <p>
               <em class="i">Tom Russo can be reached at trusso2222@gmail.com.</em>
            </p>
         </block>
      </body.content>
   </body>
</nitf>