<?xml version="1.0" encoding="utf-8"?>
<nitf xmlns:xs="http://www.w3.org/2001/XMLSchema" version="//IPTC/DTD NITF 3.2/EN">
   <head>
      <story.date>02-01-2013</story.date>
      <pubdata name="Globe" position.section="News" position.subsection="Metro"
               position.sequence="B,1,14"
               type="print"
               date.publication="20130201000000-05:00"
               ex-ref="http://www.bostonglobe.com/metro/2013/02/01/digital-ads-debut-harvard-square-station/KUF8t5yZY5yBA7zHXjkioJ/story.html"/>
      <title>01digital</title>
      <docdata>
         <doc.id>88e0f0ce-6bc8-11e2-baa1-9e8515cd26f3</doc.id>
         <doc.copyright holder="The Boston Globe"/>
         <doc.rights owner="The Boston Globe"/>
         <date.issue norm="20130201042124-05:00">2013-02-01T04:21:24</date.issue>
         <identified-content>
            <classifier type="tom">News</classifier>
            <classifier type="taxonomy">News/US/Massachusetts;News/US/Massachusetts</classifier>
            <classifier type="contentdesk">Metro</classifier>
            <classifier type="subdesk"/>
            <location class="primary">Cambridge, MA</location>
            <location class="latitudelongitude">(42.3736158,-71.1097335)</location>
            <location class="secondary">Cambridge</location>
         </identified-content>
      </docdata>
   </head>
   <body>
      <body.head>
         <hedline>
            <hl1>As video ads debut, T hopes to take in millions</hl1>
            <hl2 hl2class="subhead"/>
            <hl2 hl2class="overline"/>
            <hl2 hl2class="label"/>
         </hedline>
         <byline>
            <person>By Martine Powers</person>
            <byttl>Globe Staff</byttl>
         </byline>
         <abstract>Digital advertising signs, promised by the MBTA last year as a means to shore up revenue, finally made their debut Thursday afternoon in Harvard Square T station, gracing the station&#8217;s atrium as well as staring out at waiting commuters from across the inbound tracks. The signs, which will appear at three other stations by March, illicited a few oohs and aahs from commuters who don&#8217;t often see major cosmetic additions at the Cambridge station.</abstract>
      </body.head>
      <body.content>
         <block class="txt">
            <media mediaid="1">
               <media-reference>56a73e3a-6bfd-11e2-822d-5680187169b0.jpg</media-reference>
               <media-caption>New digital advertising screens awaited MBTA riders using Harvard Square Station on Thursday.</media-caption>
               <media-producer>Matthew J. Lee/Globe Staff</media-producer>
               <media-metadata name="pageNumber" value=""/>
               <media-metadata name="wShape" value="530.4"/>
               <media-metadata name="hShape" value="378"/>
            </media>
            <p>Mariah Gresham-Conant strode down the stairs into the Harvard Square MBTA station Thursday and entered a brave new world.</p>
            <p>Bright, bold, crisp video images flashed on a 70-inch-tall screen in the center of the atrium.</p>
            <p>&#8220;I was like, &#8216;Oh, my God,&#8217; &#8217;&#8217; said the 25-year-old, as she waited for a Red Line train. &#8220;The future is now!&#8217;&#8217;&#8217;</p>
            <p>Digital advertising signs, promised by the MBTA last year as a way to raise revenue, made their debut Thursday afternoon, gracing the station&#8217;s atrium, as well as staring out at waiting commuters from across the inbound tracks.</p>
            <p>The signs, which will appear at three other stations by March, elicited a few oohs and aahs from riders, who do not often see major cosmetic additions to the Cambridge station.</p>
            <p>For T officials, the goal is financial: The high-tech screens could bring in millions of dollars that would be used to fund operations of the Massachusetts Bay Transportation Authority. 
</p>
            <p>The screens were free to the T, &#173;installed through a partnership with the digital advertising company Titan Outdoor LLC, which takes a 37.5 percent cut of advertising revenue.</p>
            <p>&#8220;We are thrilled to be bringing infor&#173;mation to our customers and revenue to our system in such an inno&#173;vative way,&#8217;&#8217; said MBTA general manager Beverly A. Scott.</p>
            <p>&#8220;The installation of these screens not only makes our busiest stations more visually appealing, but also provides a new source of advertising revenue and offers customer infor&#173;mation to riders.&#8217;&#8217;</p>
            <p>After Harvard, the digital screens will be rolled out at Park Street Station, North Station, and South Station by March. Depending on advertising demand, the screens could appear in other locations.</p>
            <p>Other transportation author&#173;ities have been pursuing digital advertising for years. The Chicago Transit &#173;Authority, which also contracts with Titan, has one of the most extensive digital adver&#173;tising networks in the country, with 132 displays in 29 stations and 12-foot digital ads mounted on the sides of 25 buses. Last month, it extended its agreement with Titan for five more years.</p>
            <p>At the Southeastern Pennsylvania Transportation Author&#173;ity, Philadelphia&#8217;s network, feedback on 16 digital signs has been only positive, said Dennis Hiller, chief officer of revenue, ridership, adver&#173;tising, and sales.</p>
            <p>&#8220;It does generate revenue dollars,&#8217;&#8217; Hiller said, &#8220;and &#173;believe me when I say that&#8217;s our big concern.&#8217;&#8217;</p>
            <p>The screens in Harvard Square present weather &#173;reports, news alerts, T service announcements, and advertisements for local and national brands. In the atrium, a &#173;Nike ad showed a man clad in athletic gear, flanked by vivid, roiling flames.</p>
            <p>Slightly smaller screens face riders waiting on the &#173;inbound platform. The ads are silent, good news for the folk singer crooning along with his acoustic guitar on the platform benches.</p>
            <p>On Thursday afternoon, most commuters gazed zombie-&#173;like at the advertisements, less with glee than with wry interest.</p>
            <p>&#8220;They&#8217;re better than the ads that get really grubby,&#8217;&#8217; said Andrea LeBlanc, 29, of &#173;Beverly. &#8220;These look nice and new.&#8217;&#8217;</p>
            <p>John Slyconish, 35, of Cambridge had noticed the blank screens for days and wondered about their purpose. He chalked them up as slight improve&#173;ment on printed ads.</p>
            <p>&#8220;I guess it&#8217;s a little better,&#8217;&#8217; he said. &#8220;But not a lot better.&#8217;&#8217;</p>
            <p>Jaime Vasquez, 43, watched a screen as he sipped coffee. Sure, he said, the screens look good. But he didn&#8217;t care, unless they help fund maintenance improvements.</p>
            <p>&#8220;I&#8217;d rather have better T service than anything,&#8217;&#8217; Vasquez said. &#8220;I&#8217;m an everyday T user, and every day is awful.&#8217;&#8217;</p>
            <p>Carl Nicolas, a fortysomething who was sporting a flat cap, shook his head. Advertising, he said, is already taking over the world. Now the T station, too? &#8220;It&#8217;s more noise for us,&#8217;&#8217; he said. &#8220;It&#8217;s not like it&#8217;s giving us useful information.&#8217;&#8217;</p>
            <p>But Al Totten, 74, of &#173;Norwood approved.</p>
            <p>&#8220;I kind of like them,&#8217;&#8217; he said as he waited for a train. &#8220;They look kind of interesting.&#8217;&#8217;</p>
            <p>And they weren&#8217;t too bright? Too distracting? Too garish?</p>
            <p>He cast a sideways glance at a woman engrossed in her &#173;iPhone. &#8220;A lot of people are on those things there,&#8217;&#8217; he said. &#8220;At least this screen keeps your mind here.&#8217;&#8217;</p>
            <p>
               <em class="i">Martine Powers can be reached at mpowers@ globe.com. Follow her on &#173;Twitter @martinepowers.</em>
            </p>
         </block>
      </body.content>
   </body>
</nitf>