<?xml version="1.0" encoding="utf-8"?>
<nitf xmlns:xs="http://www.w3.org/2001/XMLSchema" version="//IPTC/DTD NITF 3.2/EN">
   <head>
      <story.date>02-01-2013</story.date>
      <pubdata name="Globe" position.section="Living Arts" position.subsection=" "
               position.sequence="B,14,999"
               type="print"
               date.publication="20130201000000-05:00"
               ex-ref="http://www.bostonglobe.com/lifestyle/style/2013/02/01/celebs-news/WCLlx7wlbStLAxqSzSRbGI/story.html"/>
      <title>01Celebs</title>
      <docdata>
         <doc.id>972a12e8-6bfd-11e2-b0fe-25b534362601</doc.id>
         <doc.copyright holder=" "/>
         <doc.rights owner=" "/>
         <date.issue norm="20130201003605-05:00">2013-02-01T00:36:05</date.issue>
         <identified-content>
            <classifier type="tom">News</classifier>
            <classifier type="taxonomy">AE/Celebrities</classifier>
            <classifier type="contentdesk">Lifestyle</classifier>
            <classifier type="subdesk"/>
            <location class="primary">New Orleans, LA</location>
            <location class="latitudelongitude">(29.9510658,-90.0715323)</location>
         </identified-content>
      </docdata>
   </head>
   <body>
      <body.head>
         <hedline>
            <hl1>Celebs news</hl1>
            <hl2 hl2class="subhead"/>
            <hl2 hl2class="overline"/>
            <hl2 hl2class="label"/>
         </hedline>
         <byline>
            <person/>
            <byttl/>
         </byline>
         <abstract>
            <em class="b">Beyonce</em> answered critics of her Inauguration Day performance the best way she could &#8212; with another sterling performance of the national anthem. The difference? On Thursday, it was live: She admitted during her Super Bowl news conference that when she performed for President <em class="b">Barack Obama </em>and the nation, she decided to sing to a prerecorded track because ...</abstract>
      </body.head>
      <body.content>
         <block class="txt">
            <p>Beyonce breaks out in song at press conference</p>
            <p>
               <em class="b">Beyonce</em> answered critics of her Inauguration Day performance the best way she could &#8212; with another sterling performance of the national anthem. The difference? On Thursday, it was live: She admitted during her Super Bowl news conference that when she performed for President <em class="b">Barack Obama </em>and the nation, she decided to sing to a prerecorded track. Calling herself a self-proclaimed &#8216;&#8216;perfectionist,&#8217;&#8217; she said she wanted the day to go off without a hitch. &#8216;&#8216;Due to no proper sound check, I did not feel comfortable taking a risk,&#8217;&#8217; she explained. (AP)</p>
         </block>
      </body.content>
   </body>
</nitf>