<?xml version="1.0" encoding="utf-8"?>
<nitf xmlns:xs="http://www.w3.org/2001/XMLSchema" version="//IPTC/DTD NITF 3.2/EN">
   <head>
      <story.date>02-01-2013</story.date>
      <pubdata name="Globe" position.section="Sports" position.subsection=" "
               position.sequence="C,5,235"
               type="print"
               date.publication="20130201000000-05:00"
               ex-ref="http://www.bostonglobe.com/sports/2013/02/01/thomas-vanek-hat-trick-fuels-sabres-win-over-bruins/uYGUBWKVzCiN69HGD6vlZK/story.html"/>
      <title>01vanek</title>
      <docdata>
         <doc.id>0339b0aa-6c22-11e2-baa1-9e8515cd26f3</doc.id>
         <doc.copyright holder="The Boston Globe"/>
         <doc.rights owner="The Boston Globe"/>
         <date.issue norm="20130201071210-05:00">2013-02-01T07:12:10</date.issue>
         <identified-content>
            <classifier type="tom">News</classifier>
            <classifier type="taxonomy">Sports/Hockey/NHL/Bruins</classifier>
            <classifier type="contentdesk">Sports</classifier>
            <classifier type="subdesk"/>
            <location class="primary">Boston, MA</location>
            <location class="latitudelongitude">(42.3584308,-71.0597732)</location>
         </identified-content>
      </docdata>
   </head>
   <body>
      <body.head>
         <hedline>
            <hl1>For Vanek, it adds up to dominance</hl1>
            <hl2 hl2class="subhead"/>
            <hl2 hl2class="overline"/>
            <hl2 hl2class="label"/>
         </hedline>
         <byline>
            <person>By Michael Vega</person>
            <byttl>Globe Staff</byttl>
         </byline>
         <abstract>Buffalo&#8217;s Thomas Vanek continued his mastery of the Bruins by recording the eighth hat trick of his career &#8212; and second vs. Boston &#8212; to hand the Bruins their first regulation loss of the season, 7-4. It improved Vanek&#8217;s career totals to 28-26&#8212;54 against the Bruins.</abstract>
      </body.head>
      <body.content>
         <block class="txt">
            <p>Thomas Vanek played the 553d game of his NHL career Thursday night at TD Garden. It was his 46th against the Bruins, a team Vanek has owned in his eight-year Sabres career.</p>
            <p>And Thursday night was no different.</p>
            <p>Buffalo&#8217;s dangerous winger recorded the eighth hat trick of his career &#8212; and second vs. Boston &#8212; and a pair of assists to hand the Bruins their first regulation loss of the season, 7-4, before a stunned TD Garden crowd of 17,545.</p>
            <p>The 5-point night improved his totals against the Bruins to 28-26&#8212;54. Afterward, Vanek was at a loss when asked to explain the secret of his success.</p>
            <p>&#8220;Again, I think it&#8217;s just statistics,&#8217;&#8217; he said. &#8220;There&#8217;s nothing else to it.&#8217;&#8217;</p>
            <p>Just statistics?</p>
            <p>Vanek said he did not have any special feelings about facing the Bruins, even in light of his past performances.</p>
            <p>&#8220;No,&#8217;&#8217; he said. &#8220;I mean, it&#8217;s Boston and it&#8217;s a tough team and you&#8217;ve got to be ready. Besides that, I don&#8217;t have another answer for you.&#8217;&#8217;</p>
            <p>Vanek scored the Sabres&#8217; first two goals and was credited with assists on Tyler Ennis&#8217;s goal that tied it 3-3 at 18:19 of the second period and Cody Hodgson&#8217;s goal that gave the Sabres a 5-4 lead at 6:54 of the third.</p>
            <p>Vanek completely dismantled the Bruins&#8217; defense and squashed any hopes of a late comeback when he completed the hat trick on a two-man rush against Tuukka Rask and a 6-4 lead at 18:29.</p>
            <p>In six games this season, Vanek has six goals and nine assists.</p>
            <p>&#8220;He&#8217;s been awesome,&#8217;&#8217; said Sabres coach Lindy Ruff, when asked if Vanek has had a better stretch of hockey.</p>
            <p>&#8220;The little parts of his game, taking advantage of the offense and making plays &#8212; the pass to Cody and selling the shot and making the pass.</p>
            <p>&#8220;He&#8217;s got two 5-point games, so it&#8217;s hard to say that he&#8217;s had a better stretch.&#8217;&#8217;</p>
            <p>While Vanek&#8217;s first goal at 1:38 of the second gave the Sabres a 1-0 lead, it was the second tally, 15 minutes later on a two-man advantage 
that he was particularly proud of.</p>
            <p>&#8220;Five-on-three, you need to score,&#8217;&#8217; said Vanek, who did precisely that when he camped out in front of the Bruins&#8217; net, called for the puck by rapping his stick on the ice and redirected Christian Ehrhoff&#8217;s drive from the left circle to pull the Sabres within 3-2.</p>
            <p>&#8220;It gave our team a boost,&#8217;&#8217; Vanek said.</p>
            <p>But Vanek didn&#8217;t limit his offensive production to just scoring. He proved a dangerous passer, especially on Ennis&#8217;s tying goal that made it 3-3 at the end of a wild second period.</p>
            <p>&#8220;That play to Ennis was second to none,&#8217;&#8217; Ruff said. &#8220;He outmuscled the guy in front of the net and made, really, a diving-type of pass that helped us get back in the game.&#8217;&#8217;</p>
            <p>Vanek punctuated the victory with his hat trick. He retrieved a loose puck in the neutral zone that got away from a stickless Rich Peverley in front of the Bruins&#8217; bench and broke in on Rask with Jason Pominville skating on the left wing.</p>
            <p>&#8220;I saw we had a 2-on-0,&#8217;&#8217; Vanek said. &#8220;I just wanted to go in and fake a shot on Tuukka &#8212; because he&#8217;s a great goalie &#8212; and slide it over to Pomms. By the time I got down there, I don&#8217;t know if it was a forward or D-man [who] came back hard and slid [past]. That&#8217;s when I realized I was kind of on my own.&#8217;&#8217;</p>
            <p> Vanek&#8217;s sixth goal of the season made an even greater statement about his dominance of Boston. At least that&#8217;s the way it seemed.</p>
            <p>&#8220;It&#8217;s statistics,&#8217;&#8217; Vanek said, downplaying his contribution. &#8220;You can call them what you want, but they&#8217;re just that. For us, this was a big win.&#8217;&#8217;</p>
            <p>
               <em class="i">Michael Vega can be reached at vega@globe.com.</em>
            </p>
         </block>
      </body.content>
   </body>
</nitf>