<?xml version="1.0" encoding="utf-8"?>
<nitf xmlns:xs="http://www.w3.org/2001/XMLSchema" version="//IPTC/DTD NITF 3.2/EN">
   <head>
      <story.date>02-01-2013</story.date>
      <pubdata name="Globe" position.section="Sports" position.subsection=" "
               position.sequence="C,2,900"
               type="print"
               date.publication="20130201000000-05:00"
               ex-ref="http://www.bostonglobe.com/sports/2013/01/31/vijay-singh-withdraws-from-phoenix-open/YdCa7ctCJHKXFP62yX9gzO/story.html"/>
      <title>01singh</title>
      <docdata>
         <doc.id>74c00138-6bba-11e2-a242-50e79c56738a</doc.id>
         <doc.copyright holder="Associated Press"/>
         <doc.rights owner="Associated Press"/>
         <date.issue norm="20130201063626-05:00">2013-02-01T06:36:26</date.issue>
         <identified-content>
            <classifier type="tom">News</classifier>
            <classifier type="taxonomy">Sports/Golf</classifier>
            <classifier type="contentdesk">Sports</classifier>
            <classifier type="subdesk"/>
            <location class="primary">Scottsdale, AZ</location>
            <location class="latitudelongitude">(33.4941704,-111.9260519)</location>
         </identified-content>
      </docdata>
   </head>
   <body>
      <body.head>
         <hedline>
            <hl1>Singh asks out, citing bad back</hl1>
            <hl2 hl2class="subhead"/>
            <hl2 hl2class="overline"/>
            <hl2 hl2class="label"/>
         </hedline>
         <byline>
            <person>By John Nicholson</person>
            <byttl>Associated Press</byttl>
         </byline>
         <abstract>A day after saying he used a deer-antler spray containing a banned substance, Singh withdrew as the PGA Tour investigated him.</abstract>
      </body.head>
      <body.content>
         <block class="txt">
            <media mediaid="1">
               <media-reference>6c335b84-6c12-11e2-a242-50e79c56738a.jpg</media-reference>
               <media-caption>VIJAY SINGHUsed banned drug</media-caption>
               <media-producer/>
               <media-metadata name="pageNumber" value=""/>
            </media>
            <p>SCOTTSDALE, Ariz. &#8212; Vijay Singh withdrew from the Phoenix Open on Thursday, a day after saying he used deer-antler spray and was &#8216;&#8216;absolutely shocked&#8217;&#8217; that it may contain a banned substance.</p>
            <p>Singh cited a back injury in pulling out before the first round. </p>
            <p>The 49-year-old Fijian revealed he used the spray in an interview with Sports Illustrated. The magazine said Singh paid one of the owners of Sports With Alternatives To Steroids $9,000 last November for the spray, hologram chips, and other products.</p>
            <p>The company says its deer-antler substance contains a banned performance-enhancer connected to human growth hormone.</p>
            <p>Singh said in a statement Wednesday that while he used deer-antler spray he was not aware he may have been violating the PGA Tour&#8217;s anti-doping policy.</p>
            <p>&#8216;&#8216;In fact, when I first received the product, I reviewed the list of ingredients and did not see any prohibited substances,&#8217;&#8217; he said. &#8216;&#8216;I am absolutely shocked that deer-antler spray may contain a banned substance and am angry that I have put myself in this position. I have been in contact with the PGA Tour and am cooperating fully with their review of this matter.&#8217;&#8217; 
</p>
            <p>PGA Tour spokesman Ty Votaw said the tour is &#8216;&#8216;looking into the matter.&#8217;&#8217;</p>
            <p>Doug Barron is the only player to be suspended under the tour&#8217;s anti-doping policy, missing part of 2009 and most of 2010. The one-year suspension was lifted in September 2010, and Barron was granted a therapeutic use exemption for low testosterone.</p>
         </block>
      </body.content>
   </body>
</nitf>