<?xml version="1.0" encoding="utf-8"?>
<nitf xmlns:xs="http://www.w3.org/2001/XMLSchema" version="//IPTC/DTD NITF 3.2/EN">
   <head>
      <story.date>02-01-2013</story.date>
      <pubdata name="Globe" position.section="News" position.subsection="National"
               position.sequence="A,7,71"
               type="print"
               date.publication="20130201000000-05:00"
               ex-ref="http://www.bostonglobe.com/news/nation/2013/02/01/negotiators-talking-ala-captor-through-pipe/GurWiCtlBZfCMSNlR47b7O/story.html"/>
      <title>01standoff</title>
      <docdata>
         <doc.id>c353735c-6c00-11e2-b0fe-25b534362601</doc.id>
         <doc.copyright holder=" "/>
         <doc.rights owner=" "/>
         <date.issue norm="20130131225019-05:00">2013-01-31T22:50:19</date.issue>
         <identified-content>
            <classifier type="tom">News</classifier>
            <classifier type="taxonomy">News/US</classifier>
            <classifier type="contentdesk">National</classifier>
            <classifier type="subdesk"/>
            <location class="primary">Midland City, AL</location>
            <location class="latitudelongitude">(31.3190612,-85.4938239)</location>
         </identified-content>
      </docdata>
   </head>
   <body>
      <body.head>
         <hedline>
            <hl1>Negotiators try to free boy held in bunker by gunman</hl1>
            <hl2 hl2class="subhead"/>
            <hl2 hl2class="overline"/>
            <hl2 hl2class="label"/>
         </hedline>
         <byline>
            <person>By Philip Rawls</person>
            <byttl>Associated Pres</byttl>
         </byline>
         <abstract>Speaking into a 4-inch-wide ventilation pipe, hostage negotiators tried Thursday to talk a man into releasing a kindergartener and ending a standoff in an underground bunker that stretched into its third day.</abstract>
      </body.head>
      <body.content>
         <block class="txt">
            <p>MIDLAND CITY, Ala. &#8212; Speaking into a 4-inch-wide ventilation pipe, hostage negotiators tried Thursday to talk a man into releasing a kindergartner and ending a standoff in an underground bunker that stretched into its third day.</p>
            <p>The man identified by multiple neighbors and witnesses as 65-year-old retired truck driver Jimmy Lee Dykes was accused of pulling the boy from a school bus Tuesday and killing the driver. The pair was holed up in a small room on his property that authorities compared with tornado shelters common in the area.</p>
            <p>James Arrington, police chief of the neighboring town of Pinckard, said the shelter was about 4 feet underground, with about 6-by-8 feet of floor space and a PVC pipe that negotiators were speaking through.</p>
            <p>There were signs that the standoff could continue for some time: A state legislator said the shelter has electricity, food, and TV. The police chief said the captor has been sleeping and told negotiators that he has spent long periods in the shelter before.</p>
            <p>&#8216;&#8216;He will have to give up sooner or later because [authorities] are not leaving,&#8217;&#8217; Arrington said. &#8216;&#8216;It&#8217;s pretty small, but he&#8217;s been known to stay in there eight days.&#8217;&#8217;</p>
            <p>Midland City Mayor Virgil Skipper said he has been briefed by law enforcement and visited with the boy&#8217;s parents.</p>
            <p>&#8216;&#8216;He&#8217;s crying for his parents,&#8217;&#8217; he said. &#8216;&#8216;They are holding up good. They are praying and asking all of us to pray with them.&#8217;&#8217;</p>
            <p>The normally quiet red clay road was teeming Thursday with more than a dozen police cars and trucks, a fire truck, a helicopter, officers from multiple agencies, media, and at least one ambulance near Midland City, population 2,300.</p>
            <p>Dykes was known in the neighborhood as a menacing figure who neighbors said once beat a dog to death with a lead pipe, threatened to shoot children for setting foot on his property, and patrolled his yard at night with a flashlight and a firearm.</p>
            <p>The chief confirmed that Dykes held anti-government views, as described by multiple neighbors: &#8216;&#8216;He&#8217;s against the government &#8212; starting with Obama on down.&#8217;&#8217;</p>
            <p>&#8216;&#8216;He doesn&#8217;t like law enforcement or the government telling him what to do,&#8217;&#8217; he said. &#8216;&#8216;He&#8217;s just a loner.&#8217;&#8217;</p>
            <p>Authorities said the gunman boarded a stopped school bus Tuesday afternoon and demanded two boys between 6 and 8 years old. When the driver tried to block his way, the gunman shot him several times and took a 5-year-old boy off the bus.</p>
            <p>The bus driver, Charles Albert Poland Jr., 66, was hailed by locals as a hero who gave his life to protect the 21 students aboard the bus.</p>
            <p>No motive has been discussed by investigators, but the police chief said the FBI had evidence suggesting it could be considered a hate crime. Federal authorities have not released any details about the standoff or the investigation. The mayor said he has not seen anything tying together Dykes&#8217; antigovernment views and the allegations against him.</p>
            <p>Dykes had been scheduled to appear in court Wednesday to answer charges he shot at his neighbors in a dispute last month about a speed bump. Neighbor Claudia Davis said he yelled and fired shots at her, her son, and her baby grandson about damage Dykes claimed their pickup truck did to a makeshift speed bump in the dirt road. No one was hurt.</p>
            <p>The son, James Davis Jr., believes Tuesday&#8217;s shooting was connected to the court date. &#8216;&#8216;I believe he thought I was going to be in court and he was going to get more charges than the menacing, which he deserved, and he had a bunch of stuff to hide and that&#8217;s why he did it.&#8217;&#8217;</p>
            <p>Neighbors described a number of other run-ins with Dykes in the time since he moved to this small town near the Georgia and Florida borders.</p>
            <p>A neighbor directly across the street, Brock Parrish, said Dykes often wore overalls and glasses and his posture was hunched-over. He said Dykes usually drove a run-down &#8216;&#8216;creeper&#8217;&#8217; van with some of the windows covered in aluminum foil.</p>
            <p>Parrish saw him often digging in his yard, as if he was preparing a spot to lay down a driveway or a building foundation. He lived in a small camping trailer on the site. He patrolled his lawn at night, walking from corner to corner with a flashlight and an assault rifle.</p>
         </block>
      </body.content>
   </body>
</nitf>