<?xml version="1.0" encoding="utf-8"?>
<nitf xmlns:xs="http://www.w3.org/2001/XMLSchema" version="//IPTC/DTD NITF 3.2/EN">
   <head>
      <story.date>02-01-2013</story.date>
      <pubdata name="Globe" position.section="News" position.subsection="Foreign"
               position.sequence="A,3,32"
               type="print"
               date.publication="20130201000000-05:00"
               ex-ref=""/>
      <title>01france</title>
      <docdata>
         <doc.id>c850a40a-6be8-11e2-b0fe-25b534362601</doc.id>
         <doc.copyright holder="Associated Press"/>
         <doc.rights owner="Associated Press"/>
         <date.issue norm="20130201001546-05:00">2013-02-01T00:15:46</date.issue>
         <identified-content>
            <classifier type="tom">News</classifier>
            <classifier type="taxonomy">News/Europe</classifier>
            <classifier type="contentdesk">Foreign</classifier>
            <classifier type="subdesk"/>
         </identified-content>
      </docdata>
   </head>
   <body>
      <body.head>
         <hedline>
            <hl1>Replacement bells to restore harmony to Paris&#8217;s Notre Dame Cathedral</hl1>
            <hl2 hl2class="subhead"/>
            <hl2 hl2class="overline"/>
            <hl2 hl2class="label"/>
         </hedline>
         <byline>
            <person>By JEFFREY SCHAEFFER</person>
            <byttl>Associated Press</byttl>
         </byline>
         <abstract>Nine enormous bronze bells have made their way on flatbed trucks from a Normandy foundry to what is hoped will be their home for centuries to come, Notre Dame Cathedral, helping the medieval edifice to rediscover its historical harmony.</abstract>
      </body.head>
      <body.content>
         <block class="txt">
            <media mediaid="1">
               <media-reference>a36f9c9e-6bd0-11e2-b0fe-25b534362601.jpg</media-reference>
               <media-caption>The nine bells will be displayed outside Notre Dame until Feb. 25, and then will be hoisted into the cathedral&#8217;s towers.</media-caption>
               <media-producer>CHARLES PLATIAU/REUTERS</media-producer>
               <media-metadata name="pageNumber" value=""/>
               <media-metadata name="wShape" value="523.4"/>
               <media-metadata name="hShape" value="346.5"/>
            </media>
            <p>VILLEDIEU-LES-POELES, France &#8212; Nine enormous bronze bells have made their way on flatbed trucks from a Normandy foundry to what is hoped will be their home for centuries to come, Notre Dame Cathedral, helping the medieval edifice to rediscover its historical harmony.</p>
            <p>The bells, named after saints and prominent Catholic figures, will be on display at the Paris cathedral from Saturday through Feb. 25. Then they will be hoisted to its iconic twin towers, where they will replace older bells that have become discordant.</p>
            <p>The new bells are scheduled to ring March 23, in time for Palm Sunday and Easter week.</p>
            <p>Eight of the nine new bells were cast in a foundry in the Normandy town of Villedieu-les-Poeles. The ninth &#8212; a &#8216;&#8216;bourdon,&#8217;&#8217; or Great Bell, named Marie &#8212; was cast in the Netherlands. The president of the foundry rang the bells, to the cheers of onlookers, before they were sent to Paris.</p>
            <p>They are joining the cathedral&#8217;s oldest surviving bell, a bourdon named Emmanuel, to restore the 10-bell harmony originally conceived for Notre Dame&#8217;s bell towers.</p>
            <p>The old bells, which dated from different periods throughout Notre Dame&#8217;s history, were out of tune with one another and with Emmanuel, which has hung in the cathedral since the 17th century.</p>
            <p>So the diocese decided to have new ones cast as part of celebrations marking 850 years since the beginning of the cathedral&#8217;s construction in 1163. It took nearly 90 years to build.</p>
            <p>The arrival of the bells &#8216;&#8216;is historic precisely because since the 18th century, we haven&#8217;t experienced such an event,&#8217;&#8217; the cathedral&#8217;s rector, Patrick Jacquin, said.</p>
            <p>&#8216;&#8216;During the French Revolution, they were all brought down and broken except the great bell, Emmanuel, which is here, and four other bells that were recast in the middle of the 19th century,&#8217;&#8217; Jacquin said. &#8216;&#8216;This will complete in a definitive manner the entire set of 10 bells as conceived in the Middle Ages.&#8217;&#8217;</p>
            <p>One of the new bells was named Jean-Marie, after Cardinal Jean-Marie Lustiger, a Jewish-born convert to Catholicism whose mother was killed at the Auschwitz death camp and who later worked to reconcile Catholics and Jews. Lustiger was archbishop of Paris from 1981 to 2005; Jean-Marie was the name he adopted when he converted to Catholicism.</p>
            <p>ASSOCIATED PRESS</p>
         </block>
      </body.content>
   </body>
</nitf>