<?xml version="1.0" encoding="utf-8"?>
<nitf xmlns:xs="http://www.w3.org/2001/XMLSchema" version="//IPTC/DTD NITF 3.2/EN">
   <head>
      <story.date>02-01-2013</story.date>
      <pubdata name="Globe" position.section="Sports" position.subsection=" "
               position.sequence="C,4,395"
               type="print"
               date.publication="20130201000000-05:00"
               ex-ref="http://www.bostonglobe.com/sports/2013/02/01/suns-rally-beat-lakers-nash-return-for/kXqf0RB4OUUHYiXC1oAdGO/story.html"/>
      <title>01nbardp</title>
      <docdata>
         <doc.id>bec70378-6c08-11e2-a242-50e79c56738a</doc.id>
         <doc.copyright holder="Associated Press"/>
         <doc.rights owner="Associated Press"/>
         <date.issue norm="20130201073509-05:00">2013-02-01T07:35:09</date.issue>
         <identified-content>
            <classifier type="tom">News</classifier>
            <classifier type="taxonomy">Sports/Basketball/NBA</classifier>
            <classifier type="contentdesk">Sports</classifier>
            <classifier type="subdesk"/>
            <location class="primary">Boston, MA</location>
            <location class="latitudelongitude">(42.3584308,-71.0597732)</location>
         </identified-content>
      </docdata>
   </head>
   <body>
      <body.head>
         <hedline>
            <hl1>Thunder thrash Grizzlies</hl1>
            <hl2 hl2class="subhead"/>
            <hl2 hl2class="overline">NBA Roundup</hl2>
            <hl2 hl2class="label">Wednesday&#8217;s LATE NBA GAMES</hl2>
         </hedline>
         <byline>
            <person/>
            <byttl>Associated Press</byttl>
         </byline>
         <abstract>Kevin Durant scored 27 points, Russell Westbrook added 21 points and nine assists and the Thunder beat Memphis, 106-89, Thursday night in Oklahoma City in the Grizzlies&#8217; first game since trading away leading-scorer Rudy Gay.</abstract>
      </body.head>
      <body.content>
         <block class="txt">
            <media mediaid="1">
               <media-reference>24ce14c8-6c26-11e2-b0fe-25b534362601.jpg</media-reference>
               <media-caption>Thunder forward Kevin Durant (27 points) shoots over Grizzlies forward Darrell Arthur.</media-caption>
               <media-producer>Sue Ogrocki/Associated Press</media-producer>
               <media-metadata name="pageNumber" value=""/>
               <media-metadata name="wShape" value="115.97"/>
               <media-metadata name="hShape" value="178.5"/>
            </media>
            <p> Running away with a win against a Memphis team in disarray after trading away top scorer Rudy Gay, the Thunder found a way to come unhinged, too.</p>
            <p>An outburst aimed at his own team earned All-Star point guard Russell Westbrook a third-quarter benching and gave the Grizzlies a glimmer of hope before Oklahoma City closed out a 106-89 home victory Thursday night.</p>
            <p>Just when the Thunder seemed to be firmly in control, Westbrook started sniping with his teammates after a possession when he posted up along the left side of the lane and eventually got called for a turnover when Jerryd Bayless stuck with him on defense for 5 seconds.</p>
            <p>Westbrook then spiked the ball twice while gesturing toward Thabo Sefolosha and Kevin Durant (game-high 27 points)  that they needed to get open. He then hollered toward coach Scott Brooks.</p>
            <p>Memphis followed his outburst with 10 straight points to make it a game again &#8212; with Westbrook getting an early hook during the stretch and heading down the tunnel toward the locker room.</p>
            <p>He sat out about 8 minutes before Brooks put him back in to start the fourth quarter.</p>
            <p>Westbrook described it as &#8216;&#8216;just a little miscommunication.&#8217;&#8217; Brooks said it was an offensive play that went awry. Sefolosha acted as though nothing happened.</p>
            <p>The result was a mini-implosion by the defending Western Conference champions right in the public eye.</p>
            <p>&#8216;&#8216;It was a disagreement,&#8217;&#8217; Durant said. &#8216;&#8216;This is the game of basketball. You have so many different emotions on one team. You&#8217;re going to have disagreements. It wasn&#8217;t the first. It&#8217;s not going to be the last.&#8217;&#8217;</p>
            <p>
               <em class="b">Warriors 100, Mavericks 97  </em>&#8212; David Lee finished an assist short of a triple-double, Klay Thompson scored 27 points and Golden State beat Dallas  in Oakland, Calif.</p>
            <p>Lee had 15 points, a season-high 20 rebounds and nine assists, and Jarrett Jack scored 13 points, including two free throws with 2 seconds left to help the Warriors win their third straight. Harrison Barnes also had 15 points.</p>
            <p>O.J. Mayo scored 25 points to lead the Mavericks, who dropped their second straight. Vince Carter added 22 points and Shawn Marion 18 as Dallas failed to reached 100 points for the first time in 10 games.</p>
         </block>
      </body.content>
   </body>
</nitf>