<?xml version="1.0" encoding="utf-8"?>
<nitf xmlns:xs="http://www.w3.org/2001/XMLSchema" version="//IPTC/DTD NITF 3.2/EN">
   <head>
      <story.date>02-01-2013</story.date>
      <pubdata name="Globe" position.section="Business" position.subsection=" "
               position.sequence=",,72"
               type="print"
               date.publication="20130201000000-05:00"
               ex-ref="http://www.bostonglobe.com/business/2013/02/01/iowa-brokerage-head-gets-years-for-theft/WkaYTjknPA1Sv1FJWKnZuK/story.html"/>
      <title>01peregrine</title>
      <docdata>
         <doc.id>001bd260-6bee-11e2-baa1-9e8515cd26f3</doc.id>
         <doc.copyright holder="Associated Press"/>
         <doc.rights owner="Associated Press"/>
         <date.issue norm="20130201000620-05:00">2013-02-01T00:06:20</date.issue>
         <identified-content>
            <classifier type="tom">News</classifier>
            <classifier type="taxonomy">Business/Crime</classifier>
            <classifier type="contentdesk">Business</classifier>
            <classifier type="subdesk"/>
            <location class="primary">Cedar Rapids, IA</location>
            <location class="latitudelongitude">(41.9778795,-91.6656232)</location>
         </identified-content>
      </docdata>
   </head>
   <body>
      <body.head>
         <hedline>
            <hl1>Brokerage fraud ends in 50-year prison sentence</hl1>
            <hl2 hl2class="subhead"/>
            <hl2 hl2class="overline"/>
            <hl2 hl2class="label"/>
         </hedline>
         <byline>
            <person>By Ryan J. Foley</person>
            <byttl>Associated Press</byttl>
         </byline>
         <abstract>A judge sentenced Peregrine Financial Group Inc. founder Russ Wasendorf Sr. to 50 years in prison on Thursday for stealing $215 million from investors over 20 years in what a prosecutor called the biggest fraud in Iowa history.</abstract>
      </body.head>
      <body.content>
         <block class="txt">
            <media mediaid="1">
               <media-reference>8629093c-6bfc-11e2-b0fe-25b534362601.jpg</media-reference>
               <media-caption>Russ Wasendorf Sr., 64, apologized Thursday for what prosecutors called the biggest fraud in Iowa history.</media-caption>
               <media-producer> Associated Press/File 2011</media-producer>
               <media-metadata name="pageNumber" value=""/>
            </media>
            <p>
               <em class="b"/>CEDAR RAPIDS, Iowa &#8212; For years, Russ Wasendorf Sr. enjoyed the perks of being a successful businessman: a corporate jet, a fancy swimming pool at his mansion, an extensive wine collection, and top chefs who made him meals at the restaurant and office buildings he owned.</p>
            <p>Then last summer he admitted that his lavish lifestyle was a lie, built with money he stole from customers at Peregrine Financial Group, the Cedar Falls-based brokerage he founded. Prosecutors said he took $215 million over 20 years in the biggest fraud in Iowa history.</p>
            <p>Wasendorf is now being held in isolation at a county jail in a tiny cell where he sleeps on a concrete pad without a pillow, his pastor said. And on Thursday, the 64-year-old learned he will most likely spend the rest of his life in federal prison.</p>
            <p>A judge sentenced Wasendorf to 50 years in prison. Wasendorf, who must serve at least 42&#xBD; years of the sentence, appeared in fragile health, having lost weight and suffered from health problems that made him look nothing like the image of a confident financial whiz he once projected.</p>
            <p>Acting US Attorney Sean Berry said the sentence was the longest ever given to a white-collar criminal in the northern district of Iowa and was fitting because Wasendorf&#8217;s fraud was unparalleled in Iowa.</p>
            <p>US District Judge Linda Reade gave Wasendorf the maximum prison sentence available for the fraud and embezzlement charges to which he pleaded guilty in September. She cited the &#8216;&#8216;staggering losses&#8217;&#8217; his theft caused to 13,000 commodities investors who lost money and hundreds of employees who lost jobs.</p>
            <p>Wasendorf used their money to build a business empire that included a publishing company that churned out his books and magazines, the jet that flew him to meetings, the nicest restaurant in Cedar Falls, a development company in Romania, and a charity known for donations to universities and hospitals.</p>
            <p>But since last July, Wasendorf has been held in a cell on the fifth floor of the Linn County Jail in Cedar Rapids, where some of his fellow inmates scream all night long, said his pastor, Linda Livingston, who counsels him several times a week. 
</p>
            <p>Wasendorf&#8217;s brokerage collapsed after investigators found Wasendorf unconscious after having attempted suicide in his vehicle outside its headquarters in Cedar Falls. He left a suicide note in which he confessed to a fraud in which he stole customer funds, and forged bank statements to fool his colleagues, auditors, and regulators.</p>
            <p>He attempted suicide after learning that regulators were insisting on electronic access to Peregrine&#8217;s bank accounts, which meant they would soon find that more than $215 million in customer funds was missing. Prosecutors said Wasendorf&#8217;s theft started after he founded Peregrine in the early 1990s, when he needed money to prop up the business after an investor pulled out.</p>
            <p>Instead of having the courage to admit his company was a failure then, Reade said Wasendorf continued to steal clients&#8217; money and spent it on a lavish lifestyle to make himself look like &#8216;&#8216;a big shot.&#8217;&#8217; She repeated a famous line from Wasendorf&#8217;s suicide note: his ego was simply &#8216;&#8216;too big to fail.&#8217;&#8217;</p>
            <p>Assistant US Attorney Peter Deegan read statements from victims, who wrote about losing life savings or money they set aside to care for a relative. Some never meant to do business with PFG, which bought their accounts while it fraudulently expanded, he said.</p>
         </block>
      </body.content>
   </body>
</nitf>