<?xml version="1.0" encoding="utf-8"?>
<nitf xmlns:xs="http://www.w3.org/2001/XMLSchema" version="//IPTC/DTD NITF 3.2/EN">
   <head>
      <story.date>02-01-2013</story.date>
      <pubdata name="Globe" position.section="Sports" position.subsection=" "
               position.sequence="C,5,402"
               type="print"
               date.publication="20130201000000-05:00"
               ex-ref="http://www.bostonglobe.com/sports/2013/02/01/bruins-chris-bourque-scratched-against-sabres/ATxJVxsNPlws6bbWKQukiO/story.html"/>
      <title>01bnotes</title>
      <docdata>
         <doc.id>42c2f72c-6bfa-11e2-baa1-9e8515cd26f3</doc.id>
         <doc.copyright holder="The Boston Globe"/>
         <doc.rights owner="The Boston Globe"/>
         <date.issue norm="20130201070651-05:00">2013-02-01T07:06:51</date.issue>
         <identified-content>
            <classifier type="tom">News</classifier>
            <classifier type="taxonomy">Sports/Hockey/NHL/Bruins</classifier>
            <classifier type="contentdesk">Sports</classifier>
            <classifier type="subdesk"/>
            <location class="primary">Boston, MA</location>
            <location class="latitudelongitude">(42.3584308,-71.0597732)</location>
         </identified-content>
      </docdata>
   </head>
   <body>
      <body.head>
         <hedline>
            <hl1>Julien seeks answer for Bourque</hl1>
            <hl2 hl2class="subhead"/>
            <hl2 hl2class="overline">BRUINS NOTEBOOK</hl2>
            <hl2 hl2class="label"/>
         </hedline>
         <byline>
            <person>By Fluto Shinzawa</person>
            <byttl>Globe Staff</byttl>
         </byline>
         <abstract>Chris Bourque had been the No. 3 left wing for the Bruins since the season began but he was scratched for the game against Buffalo. Coach Claude Julien thinks Bourque may be placing too much pressure on himself.</abstract>
      </body.head>
      <body.content>
         <block class="txt">
            <media mediaid="1">
               <media-reference>233d0bea-6c13-11e2-822d-5680187169b0.jpg</media-reference>
               <media-caption>Patrice Bergeron was down and out in the third period after crashing into the boards, one of four Bruins skaters forced off the ice in pain.</media-caption>
               <media-producer>john tlumacki/globe staff</media-producer>
               <media-metadata name="pageNumber" value=""/>
               <media-metadata name="wShape" value="610.2"/>
               <media-metadata name="hShape" value="304.5"/>
            </media>
            <p/>
            <p>
               <em class="b">Chris Bourque </em>has his family name to uphold. The 27-year-old is trying to stick as a full-time NHLer. Bourque is one of only three newbies (<em class="b">Dougie Hamilton </em>and <em class="b">Aaron Johnson </em>being the others) on the Bruins roster the season.</p>
            <p>All that, it seems, has made the puck on his stick feel like a 45-pound plate.</p>
            <p>On Thursday,  Bourque was a healthy scratch for the first time this season. In the morning, coach <em class="b">Claude Julien</em> had talked with Bourque to address his concerns with the left wing.</p>
            <p>&#8220;I think he&#8217;s putting a lot of pressure on himself right now,&#8217;&#8217; Julien said hours before the team&#8217;s 7-4 loss to Buffalo. &#8220;He&#8217;s certainly not the Chris that we know. </p>
            <p>&#8220;I&#8217;ve seen him enough to know he&#8217;s a really good skater. He&#8217;s a really good playmaker. Right now, he&#8217;s putting way too much pressure on himself. Hopefully, we can help him through that.</p>
            <p>&#8220;Once he takes that extra weight off his shoulders, we can see a player who can certainly be a much more efficient player than he&#8217;s shown so far.&#8217;&#8217;</p>
            <p>Bourque had been the No. 3 left wing. Because of <em class="b">Jordan Caron&#8217;s </em>shoulder injury, Bourque was given first crack at filling the vacancy left by <em class="b">Benoit Pouliot</em>. Bourque was also the right-side half-wall quarterback on the No. 2 power-play unit.</p>
            <p>Through six games, Bourque hadn&#8217;t recorded a point. He had been averaging 11:58 of ice time per game, fourth-fewest on the team. Against Carolina Monday, Bourque took a third-period tripping penalty to wipe out a Boston power play.</p>
            <p>At times, Bourque hasn&#8217;t had the wheels to keep up with linemates <em class="b">Chris Kelly </em>and <em class="b">Rich Peverley</em>. Defensively, Bourque hasn&#8217;t been stout.</p>
            <p>&#8220;I always put a lot of pressure on myself, especially to produce,&#8217;&#8217; said Bourque. &#8220;When you&#8217;re not producing, you feel like you&#8217;re not helping the team. </p>
            <p>&#8220;We&#8217;ve been doing it. We haven&#8217;t lost a game yet, so I can&#8217;t complain too much. But I want to contribute and help the team win. If that&#8217;s by getting points or just doing little things, that&#8217;s what I&#8217;m trying to do.&#8217;&#8217;</p>
            <p>On Thursday, <em class="b">Daniel Paille </em>moved up to fill Bourque&#8217;s spot. Julien has been giving Paille some even-strength shifts on the third line, especially late in games.</p>
            <p>Paille made an impact in the second period. Paille and Kelly cycled the puck down low and had several sniffs at the net. When the puck popped out to Peverley, Paille set up in front of goaltender <em class="b">Ryan Miller</em>, his ex-Buffalo teammate. Peverley scored his first goal of the season at 5:12.</p>
            <p>In the third, Paille gave the Bruins a four-minute power play. Defenseman <em class="b">Tyler Myers </em>raked Paille across the face with his stick. Paille didn&#8217;t return.</p>
            <p>Paille had two shots in 14:14 of ice time. Paille&#8217;s speed and energy around the net gave the line the offensive jump it had been missing.</p>
            <p>&#8220;That line, it was a matter of time,&#8217;&#8217; Julien said. &#8220;They were getting some chances. It was nice to see Rich score. He had a great opportunity shortly after. He could have had two quick goals. Those are encouraging signs.&#8217;&#8217; </p>
            <p>
               <em class="b">Lane MacDermid </em>made his season debut. MacDermid skated on the fourth line with <em class="b">Gregory Campbell </em>and <em class="b">Shawn Thornton</em>. MacDermid had been a healthy scratch for the first six games.</p>
            <p>Thursday&#8217;s setup might be a short-term solution. Bourque might be given another chance. Or another step might be to give Caron an opportunity once the left wing finds his touch. Caron returned to the Providence lineup last Saturday after missing three weeks.</p>
            <p>In 33 AHL games, Caron has six goals and two assists. Caron&#8217;s primary problem has been his inability to rip off his wrister, although the Bruins&#8217; bosses have been satisfied with Caron&#8217;s net-front presence.</p>
            <p>If neither Bourque nor Caron can fill the position adequately, the Bruins could look to the trade market to upgrade.</p>
            <p>Timeout questioned</p>
            <p>At 19:46 of the third period, <em class="b">Jason Pominville </em>scored an empty-net goal to give the Sabres a 7-4 lead. Prior to the next faceoff, Buffalo coach <em class="b">Lindy Ruff </em>called his timeout. The Bruins didn&#8217;t think much of the call.</p>
            <p>&#8220;He wants to be a big shot,&#8217;&#8217; <em class="b">Brad Marchand </em>said. &#8220;It was not the best play to do. Pretty disrespectful. If he wants to be like that, that&#8217;s fine. We just have to move on.&#8217;&#8217;</p>
            <p>Before Ruff called timeout, Julien sent out MacDermid and <em class="b">Adam McQuaid</em>, two of the team&#8217;s tougher players. After the timeout, Ruff replaced <em class="b">Thomas Vanek </em>and Pominville with <em class="b">John Scott </em>and <em class="b">Marcus </em>
               <em class="b">Foligno</em>.</p>
            <p>&#8220;I don&#8217;t know why he took it. I really don&#8217;t know,&#8217;&#8217; Julien said. &#8220;He&#8217;s entitled to it, so I just played along with it. He might have thought something was going to happen, which it wasn&#8217;t. That&#8217;s probably for him to answer. I don&#8217;t know.&#8217;&#8217; </p>
            <p>McQuaid back in</p>
            <p>McQuaid, who was out the last two games, returned to the lineup Thursday and was on the ice for 13:39. Johnson was the healthy scratch .&#160;.&#160;. The Bruins were 0 for 4 on the power play. Buffalo was 1 for 3, scoring on a two-man advantage .&#160;.&#160;. <em class="b">Jay Pandolfo </em>remains on a professional tryout agreement. If Thornton, who left in the first period after his fight with Scott and did not return, has to miss a long stretch, the Bruins might consider signing Pandolfo to a standard contract. Pandolfo could skate on the fourth line with Campbell and MacDermid. Julien has said he does not consider Bourque a fourth-line player. </p>
            <p>
               <em class="i">Fluto Shinzawa can be reached at fshinzawa@globe.com. Follow him on Twitter @GlobeFluto.</em>
            </p>
         </block>
      </body.content>
   </body>
</nitf>