<?xml version="1.0" encoding="utf-8"?>
<nitf xmlns:xs="http://www.w3.org/2001/XMLSchema" version="//IPTC/DTD NITF 3.2/EN">
   <head>
      <story.date>02-01-2013</story.date>
      <pubdata name="Globe" position.section="News" position.subsection="Metro"
               position.sequence="B,4,41"
               type="print"
               date.publication="20130201000000-05:00"
               ex-ref="http://www.bostonglobe.com/metro/2013/02/01/finds-welfare-system-may-squandering-benefits/w3xQwuHOHoxngJm1VUTHmN/story.html"/>
      <title>01welfare</title>
      <docdata>
         <doc.id>ef988940-6bef-11e2-a242-50e79c56738a</doc.id>
         <doc.copyright holder=" "/>
         <doc.rights owner=" "/>
         <date.issue norm="20130201000839-05:00">2013-02-01T00:08:39</date.issue>
         <identified-content>
            <classifier type="tom">News</classifier>
            <classifier type="taxonomy">News/US/Massachusetts</classifier>
            <classifier type="contentdesk">Metro</classifier>
            <classifier type="subdesk"/>
            <location class="primary">Boston, MA</location>
            <location class="latitudelongitude">(42.3584308,-71.0597732)</location>
         </identified-content>
      </docdata>
   </head>
   <body>
      <body.head>
         <hedline>
            <hl1>Welfare errors cost taxpayers</hl1>
            <hl2 hl2class="subhead"/>
            <hl2 hl2class="overline"/>
            <hl2 hl2class="label"/>
         </hedline>
         <byline>
            <person/>
            <byttl>State House News Service</byttl>
         </byline>
         <abstract>A Massachusetts watchdog agency&#8217;s study of information submitted to the state by welfare recipients found errors and eligibility concerns with an average annual cost to taxpayers of about $25 million per year. According to Inspector General Glenn Cunha&#8217;s report, investigators discovered potential eligibility concerns that could result in the termination of benefits in about 9 percent of the households receiving benefits under the program known as Transitional Aid to Families with Dependent Children.</abstract>
      </body.head>
      <body.content>
         <block class="txt">
            <p>A Massachusetts watchdog agency&#8217;s study of information submitted to the state by welfare recipients found errors and eligibility concerns with an &#173;average annual cost to taxpayers of about $25 million per year.</p>
            <p>According to Inspector General Glenn Cunha&#8217;s report, dated Wednesday and posted on his website, investigators discovered potential eligibility concerns that could result in termination of benefits in about 9 percent of the households receiving benefits under the program known as Transitional Aid to Families with Dependent Children. The program is designed to provide assistance to the poorest residents of Massachusetts.</p>
            <p>Based on a sample of active family aid cases on June 1, Cunha&#8217;s office found &#8220;substantial compliance in all of the eligibility categories,&#8217;&#8217; with one exception: none of the households with school-age children complied with a school attendance verification requirement.</p>
            <p>The office also found potential eligibility errors in several areas, including undisclosed assets and employment income, missing residency verifications, participation in work programs, and citizenship or immigration status.</p>
            <p>The inspector general said potential eligibility errors are expected in about a third of households receiving benefits, based on extrapolations made from the sample examined.</p>
            <p>Senate minority leader Bruce Tarr noted the report&#8217;s arrival on the heels of Governor Deval Patrick&#8217;s call for higher taxes, fees, and tolls and said that Cunha&#8217;s report &#8220;proves that there is still substantial work to be done to eliminate and prevent fraud, waste, and abuse in our state&#8217;s welfare system.&#8217;&#8217;</p>
            <p>&#8220;It&#8217;s unacceptable that taxpayers would be asked to pay more while millions are being wasted,&#8217;&#8217; Tarr said Thursday. &#8220;Equally unacceptable is the diversion of precious dollars intended to support those in need from people who deserve them to those who do not.&#8217;&#8217;</p>
         </block>
      </body.content>
   </body>
</nitf>