<?xml version="1.0" encoding="utf-8"?>
<nitf xmlns:xs="http://www.w3.org/2001/XMLSchema" version="//IPTC/DTD NITF 3.2/EN">
   <head>
      <story.date>02-01-2013</story.date>
      <pubdata name="Globe" position.section="Sports" position.subsection=" "
               position.sequence="C,4,999"
               type="print"
               date.publication="20130201000000-05:00"
               ex-ref=""/>
      <title>01nhlstd</title>
      <docdata>
         <doc.id>c6b14338-6bfd-11e2-b0fe-25b534362601</doc.id>
         <doc.copyright holder=" "/>
         <doc.rights owner=" "/>
         <date.issue norm="20130201015946-05:00">2013-02-01T01:59:46</date.issue>
         <identified-content>
            <classifier type="tom">News</classifier>
            <classifier type="contentdesk">Sports</classifier>
            <classifier type="subdesk">Scores</classifier>
         </identified-content>
      </docdata>
   </head>
   <body>
      <body.head>
         <hedline>
            <hl1>NHL standings (from database) </hl1>
            <hl2 hl2class="subhead"/>
            <hl2 hl2class="overline"/>
            <hl2 hl2class="label"/>
         </hedline>
         <byline>
            <person/>
            <byttl/>
         </byline>
         <abstract>This is sports agate content</abstract>
      </body.head>
      <body.content>
         <block class="txt">
            <p>NHL</p>
            <p>EASTERN CONFERENCE</p>
            <p/>
            <p>
               <em class="b">NORTHEAST</em> GP W L OL Pts. GF GA vs. Div. </p>
            <p>Ottawa 7 5 1 1 11 24 13 1-0-0 </p>
            <p>BOSTON 7 5 1 1 11 23 19 0-1-0 </p>
            <p>Montreal 6 4 2 0 8 18 15 0-2-0 </p>
            <p>Toronto 7 4 3 0 8 21 22 2-1-0 </p>
            <p>Buffalo 7 3 3 1 7 23 23 2-0-1 </p>
            <p>
               <em class="b">ATLANTIC</em> GP W L OL Pts. GF GA vs. Div. </p>
            <p>New Jersey 6 3 0 3 9 16 14 2-0-1 </p>
            <p>NY Islanders 7 4 2 1 9 27 23 2-1-0 </p>
            <p>Pittsburgh 7 4 3 0 8 19 18 3-1-0 </p>
            <p>NY Rangers 7 3 4 0 6 16 20 1-3-0 </p>
            <p>Philadelphia 7 2 5 0 4 14 20 1-3-0 </p>
            <p>
               <em class="b">SOUTHEAST</em> GP W L OL Pts. GF GA vs. Div. </p>
            <p>Tampa Bay 6 5 1 0 10 29 15 3-0-0 </p>
            <p>Winnipeg 7 3 3 1 7 21 24 1-1-0 </p>
            <p>Carolina 5 2 3 0 4 14 18 0-2-0 </p>
            <p>Florida 7 2 5 0 4 16 27 2-1-0 </p>
            <p>Washington 7 1 5 1 3 15 25 0-2-0 </p>
            <p/>
            <p>WESTERN CONFERENCE</p>
            <p/>
            <p>
               <em class="b">CENTRAL</em> GP W L OL Pts. GF GA vs. Div. </p>
            <p>Chicago 7 6 0 1 13 24 16 3-0-0 </p>
            <p>St. Louis 7 6 1 0 12 28 14 4-1-0 </p>
            <p>Detroit 6 3 2 1 7 15 17 1-1-1 </p>
            <p>Nashville 7 2 2 3 7 12 19 0-1-2 </p>
            <p>Columbus 8 2 5 1 5 14 26 1-2-1 </p>
            <p>
               <em class="b">NORTHWEST</em> GP W L OL Pts. GF GA vs. Div. </p>
            <p>Edmonton 7 4 2 1 9 19 18 2-1-0 </p>
            <p>Minnesota 7 4 2 1 9 19 19 1-0-0 </p>
            <p>Vancouver 7 3 2 2 8 19 19 2-0-1 </p>
            <p>Colorado 7 3 4 0 6 16 19 1-3-0 </p>
            <p>Calgary 5 1 3 1 3 14 21 1-1-1 </p>
            <p>
               <em class="b">PACIFIC</em> GP W L OL Pts. GF GA vs. Div. </p>
            <p>San Jose 7 7 0 0 14 29 12 2-0-0 </p>
            <p>Anaheim 5 3 1 1 7 17 17 0-0-1 </p>
            <p>Los Angeles 6 2 2 2 6 12 16 1-0-0 </p>
            <p>Phoenix 7 2 4 1 5 22 22 0-3-0 </p>
            <p>Dallas 7 2 4 1 5 13 18 1-0-0 </p>
            <p/>
            <p>
               <em class="b">THURSDAY&#8217;S RESULTS</em>
            </p>
            <p/>
            <p>Buffalo 7at BOSTON 4  At Florida 6Winnipeg 3 </p>
            <p>NY Isles 5at New Jersey 4 (OT)  Colorado 6at Calgary 3 </p>
            <p>Pittsburgh 3at NY Rangers 0  Nashville 2at L.A. 1 (SO) </p>
            <p>St. Louis 4at Columbus 1  At San Jose 3Edmonton 2 (SO) </p>
            <p>At Toronto 3Washington 2   </p>
            <p/>
            <p>
               <em class="b">FRIDAY&#8217;S GAMES</em>
            </p>
            <p/>
            <p>Ottawa at Carolina7  Phoenix at Dallas8:30 </p>
            <p>Philadelphia at Washington7  Chicago at Vancouver10 </p>
            <p>Winnipeg at Tampa Bay7:30  Minnesota at Anaheim10 </p>
            <p>St. Louis at Detroit7:30   </p>
            <p/>
            <p>
               <em class="b">WEDNESDAY&#8217;S RESULTS</em>
            </p>
            <p/>
            <p>At Ottawa 5Montreal 1  Edmonton 2at Phoenix 1 (OT) </p>
            <p>At Minnesota 3Chicago 2 (SO)  At Vancouver 3Colorado 0 </p>
            <p/>
         </block>
      </body.content>
   </body>
</nitf>