<?xml version="1.0" encoding="utf-8"?>
<nitf xmlns:xs="http://www.w3.org/2001/XMLSchema" version="//IPTC/DTD NITF 3.2/EN">
   <head>
      <story.date>02-01-2013</story.date>
      <pubdata name="Globe" position.section="Business" position.subsection=" "
               position.sequence=",,53"
               type="print"
               date.publication="20130201000000-05:00"
               ex-ref="http://www.bostonglobe.com/business/2013/01/31/massachusetts-martha-coakley-reaches-million-settlement-with-company-tied-robosigning/4HR5ALFBOEL7KgqIrBy5xL/story.html"/>
      <title>01robosigning(1)</title>
      <docdata>
         <doc.id>cdab49b8-6be4-11e2-b0fe-25b534362601</doc.id>
         <doc.copyright holder="The Boston Globe"/>
         <doc.rights owner="The Boston Globe"/>
         <date.issue norm="20130201083414-05:00">2013-02-01T08:34:14</date.issue>
         <identified-content>
            <classifier type="tom">News</classifier>
            <classifier type="taxonomy">Business/Other;Real estate/News</classifier>
            <classifier type="contentdesk">Business</classifier>
            <classifier type="subdesk"/>
            <location class="primary">Salem, MA</location>
            <location class="latitudelongitude">(42.51954,-70.8967155)</location>
         </identified-content>
      </docdata>
   </head>
   <body>
      <body.head>
         <hedline>
            <hl1>Robo-signing firm will pay $1.6m</hl1>
            <hl2 hl2class="subhead">But official in Salem says deal is &#8216;not even a slap on the wrist&#8217;</hl2>
            <hl2 hl2class="overline"/>
            <hl2 hl2class="label"/>
         </hedline>
         <byline>
            <person>By Jenifer B. McKim</person>
            <byttl>Globe Staff</byttl>
         </byline>
         <abstract>Massachusetts is expected to receive about $1.6 million from a Florida-based foreclosure processing company as part of a multi-state settlement to resolve allegations the firm engaged in the &#8220;robo-signing&#8217;&#8217; of documents, attorney general Martha Coakley said Thursday. The company, Lending Processing Services Inc., and its subsidiaries, LPS Default Solutions and DocX, agreed to a $120 million accord with 46 attorneys general to settle claims of &#8220;improper&#8217;&#8217; conduct related to the company&#8217;s foreclosure procedures, the attorney general&#8217;s office said.</abstract>
      </body.head>
      <body.content>
         <block class="txt">
            <media mediaid="1">
               <media-reference>c3495d08-6bed-11e2-baa1-9e8515cd26f3.jpg</media-reference>
               <media-caption>Attorney General Coakley cited a serious violation of state law.</media-caption>
               <media-producer/>
               <media-metadata name="pageNumber" value=""/>
               <media-metadata name="wShape" value="136.39"/>
               <media-metadata name="hShape" value="162"/>
            </media>
            <media mediaid="2">
               <media-reference>3527abca-6c00-11e2-b0fe-25b534362601.jpg</media-reference>
               <media-caption>Robo-signing &#8212; the practice of signing documents without properly reviewing or even reading them &#8212; became part of the national lexicon during the housing crisis.</media-caption>
               <media-producer>David Zalubowski /Associated Press/File 2008</media-producer>
               <media-metadata name="pageNumber" value=""/>
               <media-metadata name="wShape" value="394.8"/>
               <media-metadata name="hShape" value="273"/>
            </media>
            <p>Massachusetts is expected to get about $1.6 million from a Florida foreclosure processing company as part of a multistate settlement to resolve allegations the firm engaged in document &#8220;robo-signing,&#8217;&#8217; Attorney General Martha Coakley said Thursday.</p>
            <p>The company, Lending Processing Services Inc., and its subsidiaries, LPS Default Solutions and DocX, agreed to a $120 million accord with 46 attorneys general to settle claims of improper conduct related to foreclosure procedures, the attorney general&#8217;s office said.</p>
            <p>LPS acknowledged that DocX employees used other people&#8217;s names when they signed documents, a process called &#8220;surrogate signing,&#8217;&#8217; Coakley said.</p>
            <p>&#8220;Fabricating signatures, or robo-signing, real estate documents is a serious violation of state law and puts homeowners at risk of fraud,&#8217;&#8217; she said. &#8220;LPS has agreed to end this unauthorized action, reform its business practices, and correct any harm caused by the misconduct.&#8217;&#8217; </p>
            <p>LPS said Thursday that the settlement confirms its &#8220;ongoing commitment to stronger compliance and oversight of its operations.&#8217;&#8217; </p>
            <p>The settlement is the latest stemming from allegations of fraud related to foreclosure practices in late 2010, problems which caused a national slowdown in property seizures as lenders and government regulators scrutinized the industry.</p>
            <p>Robo-signing &#8212; the practice of signing documents without properly reviewing or even reading them &#8212; became part of the national lexicon.</p>
            <p>Among the results of investigations into the industry was a $26 billion national deal between attorneys general and five of the country&#8217;s top lenders over allegations of mortgage fraud.</p>
            <p>
               <em class="b"/>As part of Thursday&#8217;s agreement, filed in Suffolk Superior Court, LPS will pay nearly $1.6 million to Massachusetts for &#8220;enforcement costs and addressing the harm caused by the misconduct,&#8217;&#8217; Coakley&#8217;s office said. </p>
            <p>Details of how the funds will be used have yet to be determined, a spokesman said. </p>
            <p>John O&#8217;Brien Jr., head of the Southern Essex District Registry of Deeds in Salem, said the settlement was too small and that registers of deeds should have been included. </p>
            <p>O&#8217;Brien in January filed a claim against DocX in federal court in Florida for more than $1 million in restitution for constituents in his district. He asserts the company tainted the property titles of about 10,000 homeowners in the county. </p>
            <p>&#8220;It is not even a slap on the wrist,&#8217;&#8217; he said. &#8220;They&#8217;ve completely destroyed people&#8217;s chains of title. I equate this to an oil spill. They contaminated records, and nobody seems to want to clean them up.&#8217;&#8217;</p>
            <p>
               <em class="i">Jenifer B. McKim can be reached at jmckim@globe.com. Follow her on twitter @jbmckim.</em>
            </p>
         </block>
      </body.content>
   </body>
</nitf>