<?xml version="1.0" encoding="utf-8"?>
<nitf xmlns:xs="http://www.w3.org/2001/XMLSchema" version="//IPTC/DTD NITF 3.2/EN">
   <head>
      <story.date>02-01-2013</story.date>
      <pubdata name="Globe" position.section="Business" position.subsection=" "
               position.sequence=",,65"
               type="print"
               date.publication="20130201000000-05:00"
               ex-ref="http://www.bostonglobe.com/business/2013/02/01/consumer-spending-slight-percent/aeGCIJizUbkZK99LjFVKlN/story.html"/>
      <title>01economy</title>
      <docdata>
         <doc.id>ce6f3f18-6bed-11e2-baa1-9e8515cd26f3</doc.id>
         <doc.copyright holder="Associated Press"/>
         <doc.rights owner="Associated Press"/>
         <date.issue norm="20130131235947-05:00">2013-01-31T23:59:47</date.issue>
         <identified-content>
            <classifier type="tom">News</classifier>
            <classifier type="taxonomy">Business/Retail</classifier>
            <classifier type="contentdesk">Business</classifier>
            <classifier type="subdesk"/>
            <location class="primary">Washington, DC</location>
            <location class="latitudelongitude">(38.8951118,-77.0363658)</location>
         </identified-content>
      </docdata>
   </head>
   <body>
      <body.head>
         <hedline>
            <hl1>Consumer-spending growth slows</hl1>
            <hl2 hl2class="subhead"/>
            <hl2 hl2class="overline"/>
            <hl2 hl2class="label"/>
         </hedline>
         <byline>
            <person>By Martin Crutsinger</person>
            <byttl>Associated Press</byttl>
         </byline>
         <abstract>US consumers increased their spending in December at a slower pace, while their income grew by the largest amount in eight years. Income surged because companies rushed to pay dividends before income taxes increased on high-earners.</abstract>
      </body.head>
      <body.content>
         <block class="txt">
            <media mediaid="1">
               <media-reference>47b1f4e4-6bf6-11e2-b0fe-25b534362601.jpg</media-reference>
               <media-caption>Paul Dales, at Capital Economics, predicts the economy will begin growing again this quarter.</media-caption>
               <media-producer>David Goldman /Associated Press/File 2012</media-producer>
               <media-metadata name="pageNumber" value=""/>
               <media-metadata name="wShape" value="247.2"/>
               <media-metadata name="hShape" value="189"/>
            </media>
            <p>WASHINGTON &#8212; US consumers increased their spending in December at a slower pace, while incomes grew by the largest amount in eight years, mostly beacause companies rushed to pay dividends before income taxes increased on high-earners.</p>
            <p>The Commerce Department said consumer spending rose 0.2 percent, slightly slower than November&#8217;s 0.4 percent increase.</p>
            <p>Income jumped 2.6 percent in December from November, the biggest gain since December 2004.</p>
            <p>Wages and salaries grew 0.6 percent.</p>
            <p>Consumer spending, which accounts for about 70 percent of US economic activity, is expected to slow this year because consumers are receiving less take-home pay. Starting this month,Social Security taxes increase.</p>
            <p>The economy unexpectedly shrank in the October-to-December quarter at an annual rate of 0.1 percent, the government said Wednesday. The contraction was largely driven by a steep cut in defense spending. Still, it was a reminder of the economy&#8217;s vulnerability.</p>
            <p>For all of 2012, income rose 3.5 percent overall, the weakest increase since 2009, the final year of the Great Recession.</p>
            <p>Still, consumers saw little increase in prices last year.</p>
            <p>A gauge of inflation preferred by the Federal Reserve was flat in December and up just 1.3 percent in 2012.</p>
            <p>Associated Press</p>
         </block>
      </body.content>
   </body>
</nitf>