<?xml version="1.0" encoding="utf-8"?>
<nitf xmlns:xs="http://www.w3.org/2001/XMLSchema" version="//IPTC/DTD NITF 3.2/EN">
   <head>
      <story.date>02-01-2013</story.date>
      <pubdata name="Globe" position.section="Living Arts" position.subsection=" "
               position.sequence="G,28,18"
               type="print"
               date.publication="20130201000000-05:00"
               ex-ref="http://www.bostonglobe.com/arts/music/2013/01/31/mumford-sons-slated-for-garden-tuesday/uK59vigNYCRNM3NWZkICWM/story.html"/>
      <title>01mumfordA</title>
      <docdata>
         <doc.id>49c434ca-6b03-11e2-b0fe-25b534362601</doc.id>
         <doc.copyright holder="The Boston Globe"/>
         <doc.rights owner="The Boston Globe"/>
         <date.issue norm="20130130211820-05:00">2013-01-30T21:18:20</date.issue>
         <identified-content>
            <classifier type="tom">News</classifier>
            <classifier type="taxonomy">AE/Music</classifier>
            <classifier type="contentdesk">Arts</classifier>
            <classifier type="subdesk">PopMusic</classifier>
            <location class="primary">Boston, MA</location>
            <location class="latitudelongitude">(42.3584308,-71.0597732)</location>
         </identified-content>
      </docdata>
   </head>
   <body>
      <body.head>
         <hedline>
            <hl1>Mumford &amp; Sons lead the way. But to where?</hl1>
            <hl2 hl2class="subhead"/>
            <hl2 hl2class="overline">Critic&#8217;s Notebook</hl2>
            <hl2 hl2class="label"/>
         </hedline>
         <byline>
            <person>By James Reed</person>
            <byttl>Globe Staff</byttl>
         </byline>
         <abstract>They may be the leaders of a new movement in Americana, but Mumford &amp; Sons are also the most overrated and monochromatic act in a scene blossoming with bands bending the genre&#8217;s boundaries. Critic James Reed looks at how and why the English folk-rock group rose so prominently, to the point that it sold out in six minutes its show at the TD Garden on Feb. 5.</abstract>
      </body.head>
      <body.content>
         <block class="txt">
            <media mediaid="1">
               <media-reference>e8318646-697b-11e2-a242-50e79c56738a.jpg</media-reference>
               <media-caption>Marcus Mumford and Winston Marshall of Mumford &amp; Sons performing in London last year.</media-caption>
               <media-producer>Simone Joyner/Getty Images</media-producer>
               <media-metadata name="pageNumber" value="28"/>
               <media-metadata name="wShape" value="548.8"/>
               <media-metadata name="hShape" value="304.5"/>
            </media>
            <p>When Mumford &amp; Sons come to TD Garden on Tuesday, they arrive not just with the distinction of playing a sold-out show. They&#8217;ve accomplished something far grander.</p>
            <p>&#8220;Mumford &amp; Sons went on sale at 10 a.m. and sold out in six minutes,&#8217;&#8217; says Tricia McCorkle, the arena&#8217;s director of public relations. &#8220;I don&#8217;t think we&#8217;ve ever had a folk act sell out the TD Garden, unless you consider James Taylor and Carole King a folk act. Pretty incredible.&#8217;&#8217;</p>
            <p>Indeed. It has been a incredible trajectory for the English quartet, whose rise was slow and steady (at least in this country) and led the way for a new crop of bands that play folk music with a decidedly raucous bent. </p>
            <p>Not to dismiss their own merits, but let&#8217;s call them Mumford&#8217;s children: the Lumineers, the Head and the Heart, and Iceland&#8217;s Of Monsters and Men. All have become famous to varying degrees in the wake of Mumford&#8217;s sleeper success with &#8220;Sigh No More,&#8217;&#8217; its debut released in the US in 2010.</p>
            <p>The Mumfords also opened the door for Americana&#8217;s latest hyped band, the Lone Bellow, a country-leaning trio from Brooklyn being touted as the next Civil Wars, the genteel folk duo of Joy Williams and John Paul White, who are now on hiatus. (The Lone Bellow, the first act to be announced on this summer&#8217;s lineup for the Newport Folk Festival, plays the Paradise Rock Club on Feb. 14.)</p>
            <p>Mumford&#8217;s vast influence has seeped into the mainstream, and it&#8217;s about to hit its apex. At the 55th Grammy Awards, on Feb. 10, Mumford &amp; Sons&#8217; sophomore release, &#8220;Babel,&#8217;&#8217; is up for album of the year, among a handful of other nominations. And the Lumineers, who are also in town next week (at the House of Blues on Monday), are nominated for best new artist and best Americana album, going up against &#8220;Babel.&#8217;&#8217; </p>
            <p>The last time American roots music had such a prominent profile was around 2000, when the soundtrack for &#8220;O Brother, Where Art Thou?&#8217;&#8217; took the Grammy for best album and reignited interest in old Appalachian tunes. Gillian Welch and her partner, David Rawlings, became darlings of sepia-toned folk, and Alison Krauss later hit a critical and commercial high with her Grammy-winning album with Robert Plant, 2007&#8217;s &#8220;Raising Sand.&#8217;&#8217;</p>
            <p>Those artists didn&#8217;t galvanize audiences the way Mumford &amp; Sons have, though. Bolstered by hits like &#8220;Little Lion Man&#8217;&#8217; &#8212; you know, the one where frontman Marcus Mumford says, &#8220;I really [expletive] it up this time&#8217;&#8217; &#8212; they were stars in the UK when they came stateside.</p>
            <p>Even though we already had bands that did roots rock well, particularly the Avett Brothers, the buzz was deafening. I can&#8217;t remember the last time a band sold out its first Boston-area headlining show at the Middle East Downstairs (capacity: 575) and then graduated to the TD Garden (upwards of 15,000 seats) nearly three years later. </p>
            <p>It&#8217;s heartening to realize it&#8217;s not just Rihanna, Justin Bieber, Lady Gaga, and Britney Spears who can achieve that. But the nagging question I&#8217;ve had with Mumford &amp; Sons, ever since seeing them at the Middle East Downstairs in 2010, has remained the same: </p>
            <p>Is that all there is?</p>
            <p>I see the appeal. Even when conveying hard truths – about lost love, self-doubt, regrets – there&#8217;s communal joy in their songs. They specialize in a specific hybrid of roots music. The instrumentation may be traditional (banjo, mandolin, guitar, accordion), but the mood of the music is modern and euphoric, as if salvation were simply one singalong away. You can hear your own voice in their songs. </p>
            <p>They&#8217;re all about the power of dynamics. On &#8220;Babel,&#8217;&#8217; a formula emerges immediately: soft sentiments meant for a coffeehouse couched in exuberant melodies tailor-made for a stadium. It works well enough, until it suddenly feels workmanlike and rote. You know exactly what Mumford &amp; Sons will deliver; either you&#8217;re on board or you&#8217;re not. Nuance is secondary to consistency with these guys.</p>
            <p>In my mind, they&#8217;re not unlike the Kingston Trio, the wildly popular band that was the cash cow of the 1960s folk revival but wasn&#8217;t nearly as arresting as its lesser-known counterparts.</p>
            <p>They may be the leaders of a new movement, but Mumford &amp; Sons are also the most overrated and monochromatic act in a scene blossoming with bands bending Americana&#8217;s boundaries. From Trampled by Turtles&#8217; mash-up of bluegrass and metal to Mountain Man&#8217;s resurrection of sumptuous harmony singing to Dawes&#8217;s redux of blue-eyed California country-soul, there&#8217;s plenty to be excited about.</p>
            <p>Lord Huron, from Los Angeles by way of Michigan, makes watercolor indie folk shot wide open with world-music influences. Angel Olsen, a singer-songwriter from Chicago, is a solo artist whose depth and range conjure the intensity of a full band. From Sweden, First Aid Kit, the sister act of Johanna and Klara S&#246;derberg, sing contemporary folk songs full of sun-kissed nostalgia. If they were going to San Francisco, they would definitely wear flowers in their hair. </p>
            <p>It&#8217;s interesting to note that Mumford&#8217;s rise has coincided with the rejuvenated spirit of the Newport Folk Festival. Under the curatorial eye of producer Jay Sweet, the venerable event has had record ticket sales the past few years, selling out three weeks in advance in 2011 and nearly five the next year.</p>
            <p>Sweet, who has openly lobbied for Mumford &amp; Sons to play Newport, but to no avail, sees the band as emblematic of a new era of roots music. And that comes with a risk.</p>
            <p>&#8220;They have the spotlight right now,&#8217;&#8217; Sweet says. &#8220;What they&#8217;ve done to raise everyone&#8217;s profile is remarkable, but my fear is that there will be a backlash. People start to look at other bands like that and think they all sound the same. The backlash can be very fast and very furious.&#8217;&#8217;</p>
            <p>
               <em class="i">James Reed can be reached at jreed@globe.com. Follow him on Twitter @GlobeJamesReed.</em>
            </p>
         </block>
      </body.content>
   </body>
</nitf>