<?xml version="1.0" encoding="utf-8"?>
<nitf xmlns:xs="http://www.w3.org/2001/XMLSchema" version="//IPTC/DTD NITF 3.2/EN">
   <head>
      <story.date>02-01-2013</story.date>
      <pubdata name="Globe" position.section="News" position.subsection="Metro"
               position.sequence="B,3,34"
               type="print"
               date.publication="20130201000000-05:00"
               ex-ref="http://www.bostonglobe.com/metro/2013/02/01/former-fugitive-and-new-england-mobster-enrico-ponzo-indicted-racketeering-drug-charges/mmTAycWwWP5M5KwWwSPL2K/story.html"/>
      <title>01Ponzo</title>
      <docdata>
         <doc.id>5406c6fc-6c1e-11e2-a242-50e79c56738a</doc.id>
         <doc.copyright holder="For The Boston Globe"/>
         <doc.rights owner="For The Boston Globe"/>
         <date.issue norm="20130201001336-05:00">2013-02-01T00:13:36</date.issue>
         <identified-content>
            <classifier type="tom">News</classifier>
            <classifier type="taxonomy">News/US/Massachusetts</classifier>
            <classifier type="contentdesk">Metro</classifier>
            <classifier type="subdesk"/>
            <location class="primary">Boston, MA</location>
            <location class="latitudelongitude">(42.3584308,-71.0597732)</location>
         </identified-content>
      </docdata>
   </head>
   <body>
      <body.head>
         <hedline>
            <hl1>Jailed mobster faces charges</hl1>
            <hl2 hl2class="subhead">&#8217;97 indictment ties Ponzo to Patriarca feud</hl2>
            <hl2 hl2class="overline"/>
            <hl2 hl2class="label"/>
         </hedline>
         <byline>
            <person>By Haven Orecchio-Egresitz</person>
            <byttl>Globe Correspondent</byttl>
         </byline>
         <abstract>A notorious New England mobster was indicted Thursday on 18 counts of racketeering, drug trafficking, witness tampering, and other charges, according to a spokeswoman for the US Attorney&#8217;s office. Enrico Ponzo, 44, of Boston, was one of 15 men named in a 40-count federal indictment in 1997 that was aimed at breaking up a brutal and bloody power struggle in the Patriarca family of La Cosa Nostra.</abstract>
      </body.head>
      <body.content>
         <block class="txt">
            <p>A notorious New England mobster was indicted Thursday on 18 counts of racketeering, drug trafficking, witness tampering, and other charges, said a spokeswoman for the US &#173;attorney&#8217;s office.</p>
            <p>Enrico Ponzo, 44, of Boston was one of 15 men named in a 40-count federal indictment in 1997 that was aimed at breaking up a brutal and bloody power struggle in the Patriarca family of La Cosa Nostra.</p>
            <p>One faction of the Patriarca family, which Ponzo allegedly belonged to, sought to prevent Francis P. &#8220;Cadillac Frank&#8217;&#8217; &#173;Salemme from being named boss. </p>
            <p>On June, 16, 1989, family underboss William P. Grasso was found shot dead along the Connecticut River. Hours later, Salemme was shot in the chest and leg outside a Saugus pancake house.
</p>
            <p>According to authorities, Ponzo and Vincent Michael &#173;Marino were the alleged triggermen in the attempted killing of Salemme. </p>
            <p>The indictment &#173;also accused the faction of killing three men, attempting to kill six others besides Salemme, and plotting to kill seven more.</p>
            <p>Ponzo, who had been living as a fugitive under the alias &#173;Jeffrey John Shaw for more than 16 years, was apprehended in the small town of &#173;Marsing, Idaho, in February 2011.</p>
            <p>Since 2011, a federal grand jury has added new counts and racketeering acts, including  using extortionate means to collect or attempt to collect extensions of credit, unlawful flight to avoid prosecution, conspiracy to distribute and possess with intent to distribute marijuana, money laundering, witness tampering, and forfeiture allegations, said Christina DiIorio-&#173;Sterling, a spokes&#173;woman for the office of US &#173;Attorney Carmen M. Ortiz.</p>
            <p>Ponzo, who is in prison at an undisclosed location, will be &#173;arraigned Feb. 4 in US District Court in Boston. If convicted, he could face up to life in prison, DiIorio-Sterling said.</p>
            <p>
               <em class="i">Haven Orecchio-Egresitz can  be reached at haven.egresitz@ globe.com.</em>
            </p>
         </block>
      </body.content>
   </body>
</nitf>