<?xml version="1.0" encoding="utf-8"?>
<nitf xmlns:xs="http://www.w3.org/2001/XMLSchema" version="//IPTC/DTD NITF 3.2/EN">
   <head>
      <story.date>02-01-2013</story.date>
      <pubdata name="Globe" position.section="Living Arts" position.subsection=" "
               position.sequence="G,29,19"
               type="print"
               date.publication="20130201000000-05:00"
               ex-ref="http://www.bostonglobe.com/arts/music/2013/01/31/for-taj-mahal-blues-were-just-beginning/6K2xZcjQQdRuibNPN6MM7O/story.html"/>
      <title>01tajmahal</title>
      <docdata>
         <doc.id>d1366824-6b2b-11e2-baa1-9e8515cd26f3</doc.id>
         <doc.copyright holder="For The Boston Globe"/>
         <doc.rights owner="For The Boston Globe"/>
         <date.issue norm="20130130211808-05:00">2013-01-30T21:18:08</date.issue>
         <identified-content>
            <classifier type="tom">News</classifier>
            <classifier type="taxonomy">AE/Music</classifier>
            <classifier type="contentdesk">Arts</classifier>
            <classifier type="subdesk">PopMusic</classifier>
            <location class="primary">Shirley, MA</location>
            <location class="latitudelongitude">(42.584546,-71.646181)</location>
         </identified-content>
      </docdata>
   </head>
   <body>
      <body.head>
         <hedline>
            <hl1>For Taj Mahal, blues were just the beginning</hl1>
            <hl2 hl2class="subhead"/>
            <hl2 hl2class="overline"/>
            <hl2 hl2class="label"/>
         </hedline>
         <byline>
            <person>By Scott McLennan</person>
            <byttl>Globe Correspondent</byttl>
         </byline>
         <abstract>Even as a young man in the 1960s, Taj Mahal sounded like a seasoned blues veteran. As he sang in a deep, soulful voice about moving to the country and painting a mailbox blue, listeners probably wouldn&#8217;t have guessed that he&#8217;d been reared in Western Massachusetts. Mahal is now 70 and the subject of a stunning Columbia Records reissue. The Columbia collection is due out Tuesday, the day before Mahal performs with his trio at the Bull Run in Shirley.</abstract>
      </body.head>
      <body.content>
         <block class="txt">
            <media mediaid="1">
               <media-reference>3f47eb4c-69a8-11e2-bf18-4fb9427cef87.jpg</media-reference>
               <media-caption>&#8220;Guitar was at the center of the culture at that time,&#8217;&#8217; says Taj Mahal about his youth. &#8220;It didn&#8217;t matter if you were listening to Duane Eddy and Bo Diddley or to boogie-woogie, it was all about guitar.&#8217;&#8217;</media-caption>
               <media-producer>Jay Blakesberg </media-producer>
               <media-metadata name="pageNumber" value="29"/>
               <media-metadata name="wShape" value="548.8"/>
               <media-metadata name="hShape" value="304.5"/>
            </media>
            <p>
               <em class="b">Taj Mahal Trio</em>
            </p>
            <p>At: Bull Run, 215 Great Road, Shirley, Wednesday</p>
            <p>at 7:30 p.m. $75 in advance, $80 day of show.</p>
            <p>978-425-4311, www.bullrun</p>
            <p>restaurant.com </p>
            <p>Even as a young man in the 1960s, Taj Mahal sounded like a seasoned blues veteran. As he sang in a deep, soulful voice about moving to the country and painting a mailbox blue, listeners probably wouldn&#8217;t have guessed that he&#8217;d been reared in Western Massachusetts. On his self-titled debut album, Mahal sounded like a contemporary of the Southern blues icons he celebrated: Sleepy John Estes, Sonny Boy Williamson, and Robert Johnson.</p>
            <p>&#8220;I&#8217;m sure there are some kids who think he was part of the first wave,&#8217;&#8217; says Berklee College of Music professor Dan Bowden, who uses Mahal&#8217;s 1968 recording of &#8220;Statesboro Blues&#8217;&#8217; to teach slide-guitar technique to his guitar students.</p>
            <p>But Mahal, as Bowden points out, never really was a purist, pushing traditional blues into new turf, usually by tapping influences beyond the blues or creating interesting musical arrangements (who else in 1971 featured a tuba in a blues-rock setting?).</p>
            <p>Mahal is now 70 and the subject of a stunning Columbia Records reissue. All the records he made for Columbia between 1965 &#8212; when Mahal and Ry Cooder formed the Rising Sons &#8212; and 1976 are packaged as 15 CDs, including one disc of previously unreleased sessions from the early 1970s and one of Mahal&#8217;s April 1970 concert at London&#8217;s Royal Albert Hall, in which he shared the bill with Johnny Winter and Santana.</p>
            <p>The Columbia collection is due out Tuesday, the day before Mahal performs with his trio at the Bull Run in Shirley.</p>
            <p>Yet don&#8217;t take the resurrection of old records as twilight nostalgia. After all, Mahal never envisioned his albums as static snapshots.</p>
            <p>&#8220;I don&#8217;t look at time in a linear sense. I view things in griot time, where a musician from five centuries ago can still sound fresh today,&#8217;&#8217; says Mahal in a recent phone interview, referring to the African singers who maintained oral histories through songs and poems. &#8220;I&#8217;m a free man in a free country, so I create freely. &#8217;&#8217;</p>
            <p>Indeed, being a college-educated guy who grew up in Springfield never prevented him from playing the blues.</p>
            <p>&#8220;Look at Mick Jagger or any of the English guys who were playing the blues. People said he&#8217;s not American and it&#8217;s not pure blues if it isn&#8217;t from the middle Delta. Well who are they from the Delta? What are they professing in the Delta?,&#8217;&#8217; Mahal asks, noting that the blues flow all over the world. Mahal is part folklorist and part musicologist in his fascination with the way African-Americans brought their musical and cultural traditions with them as they&#8217;d leave one place for another looking for work or because of military service.</p>
            <p>Mahal&#8217;s own musical upbringing is a product of these migrations. His father came from the Caribbean and his mother grew up in South Carolina before they met in New York City. The family moved to Springfield in 1942, shortly after Henry St. Claire Fredericks was born and before he adopted the Taj Mahal moniker.</p>
            <p>Mahal says his &#8220;western education&#8217;&#8217; at the University of Massachusetts taught him that &#8220;people use less than 10 percent of their ability,&#8217;&#8217; and he was determined to not be among that majority. So he immersed himself in the culture all around him, starting with the music his parents kept alive from their own backgrounds. He also appreciated other traditions in his melting-pot neighborhood.</p>
            <p>&#8220;We were taught not to look down on people because of where they were from,&#8217;&#8217; Mahal says.</p>
            <p>After his father died, his mother remarried and his stepfather owned a guitar. &#8220;Guitar was at the center of the culture at that time. It didn&#8217;t matter if you were listening to Duane Eddy and Bo Diddley or to boogie-woogie, it was all about guitar,&#8217;&#8217; Mahal says.</p>
            <p>Two neighbors began teaching the teenager how to play the instrument. On the same block, another family came from Mississippi and was knowledgeable about music from Muddy Waters&#8217;s home turf.</p>
            <p>&#8220;Now I had a direct connection to the stuff I was listening to on the crystal radio set I built,&#8217;&#8217; Mahal says.</p>
            <p>By the time Mahal arrived at UMass, he had already formed a musical identity. He ultimately favored a life in the arts instead of the agricultural studies of his major, and he moved to San Francisco in 1964.</p>
            <p>Mahal&#8217;s early career, as the Columbia box set reveals, is marked by incredible growth and a wild sense of adventure. Not happy just covering vintage blues, Mahal began including original material by his sophomore album. With each successive record, he widened his sights, letting in gospel, R&amp;B, and Caribbean influences.</p>
            <p>Mahal and Columbia parted ways in the mid-&#8217;70s, and the artist kept on exploring with other record labels, embracing the sounds of his adopted Hawaiian home and collaborating with Indian and African musicians on various projects. But all along he never lost his identity as a blues musician, keeping an earthy earnestness to his sound no matter how exotic the particulars became. Two of his later works &#8212; &#8220;Senor&#8217;&#8217; and &#8220;Shoutin&#8217; in Key&#8217;&#8217; &#8212; won Grammy Awards for best contemporary blues album. In 2006, Massachusetts proclaimed Mahal the state&#8217;s official blues musician.</p>
            <p>&#8220;He&#8217;s a fascinating instrumentalist. It seems he can play anything with strings,&#8217;&#8217; says Berklee&#8217;s Bowden. &#8220;And he&#8217;s willing to go down both the electric and the acoustic blues paths. Most musicians choose one or the other. He doesn&#8217;t limit himself at all but still keeps the blues sound incredibly rich.&#8217;&#8217;</p>
            <p>Up next, Mahal hopes to bring his work closer to home and collaborate with his own musically inclined children.</p>
            <p>&#8220;They&#8217;re all grown up,&#8217;&#8217; says Mahal. &#8220;I want to work with them before this window of opportunity goes by.&#8217;&#8217;</p>
            <p>
               <em class="i">Scott McLennan can be reached at smclennan1010@gmail.com. Follow him on Twitter @ScottMcLennan1.</em>
            </p>
         </block>
      </body.content>
   </body>
</nitf>