<?xml version="1.0" encoding="utf-8"?>
<nitf xmlns:xs="http://www.w3.org/2001/XMLSchema" version="//IPTC/DTD NITF 3.2/EN">
   <head>
      <story.date>02-01-2013</story.date>
      <pubdata name="Globe" position.section="News" position.subsection="Foreign"
               position.sequence="A,3,38"
               type="print"
               date.publication="20130201000000-05:00"
               ex-ref="http://www.bostonglobe.com/news/world/2013/02/01/dead-least-hurt-mexico-oil-blast/aaWNFvwGdMdlH7mOPZtaFM/story.html"/>
      <title>01mexico</title>
      <docdata>
         <doc.id>aeb1f59a-6c23-11e2-baa1-9e8515cd26f3</doc.id>
         <doc.copyright holder="Associated Press"/>
         <doc.rights owner="Associated Press"/>
         <date.issue norm="20130201001547-05:00">2013-02-01T00:15:47</date.issue>
         <identified-content>
            <classifier type="tom">News</classifier>
            <classifier type="taxonomy">News/Latin America</classifier>
            <classifier type="contentdesk">Foreign</classifier>
            <classifier type="subdesk"/>
            <location class="primary">Mexico City, D.F.</location>
            <location class="latitudelongitude">(19.4326077,-99.133208)</location>
         </identified-content>
      </docdata>
   </head>
   <body>
      <body.head>
         <hedline>
            <hl1>Explosion in Mexico City kills 25</hl1>
            <hl2 hl2class="subhead"/>
            <hl2 hl2class="overline"/>
            <hl2 hl2class="label"/>
         </hedline>
         <byline>
            <person>By Michael Weissenstein and Olga R. Rodriguez</person>
            <byttl>Associated Press</byttl>
         </byline>
         <abstract>An explosion at the main headquarters of Mexico&#8217;s state-owned oil company in the capital killed 14 people and injured 100 on Thursday as it heavily damaged three floors of a building, sending hundreds into the streets and a large plume of smoke over the skyline.</abstract>
      </body.head>
      <body.content>
         <block class="txt">
            <p>MEXICO CITY &#8212; An explosion at the main headquarters of Mexico&#8217;s state-owned oil company in the capital killed 25 people and injured 101 on Thursday as it heavily damaged three floors of a building, sending hundreds into the streets and a large plume of smoke over the skyline.</p>
            <p>Another 30 people remained trapped in the debris late Thursday, according to the Interior Ministry, as teams of military with rescue dogs showed up to extract the victims.</p>
            <p>The blast occurred in the basement of an administrative building next to the iconic, 51-story tower of Petroleos Mexicanos, or Pemex, one of the tallest buildings in Mexico City.</p>
            <p>&#8216;&#8216;It was an explosion, a shock, the lights went out and suddenly there was a lot of debris,&#8217;&#8217; employee Cristian Obele told Milenio television, adding that he had suffered a leg injury. &#8216;&#8216;Co-workers helped us get out of the building.&#8217;&#8217;</p>
            <p/>
         </block>
      </body.content>
   </body>
</nitf>