<?xml version="1.0" encoding="utf-8"?>
<nitf xmlns:xs="http://www.w3.org/2001/XMLSchema" version="//IPTC/DTD NITF 3.2/EN">
   <head>
      <story.date>02-01-2013</story.date>
      <pubdata name="Globe" position.section="Editorial Opinion" position.subsection="Opinion"
               position.sequence="A,15,1"
               type="print"
               date.publication="20130201000000-05:00"
               ex-ref=""/>
      <title>rotella0201</title>
      <docdata>
         <doc.id>aed44930-6b04-11e2-a242-50e79c56738a</doc.id>
         <doc.copyright holder=" "/>
         <doc.rights owner=" "/>
         <date.issue norm="20130131182213-05:00">2013-01-31T18:22:13</date.issue>
         <identified-content>
            <classifier type="tom">News</classifier>
            <classifier type="contentdesk">EditorialOpinion</classifier>
            <classifier type="subdesk">Letters</classifier>
            <location class="primary">Boston, MA</location>
            <location class="latitudelongitude">(42.3584308,-71.0597732)</location>
         </identified-content>
      </docdata>
   </head>
   <body>
      <body.head>
         <hedline>
            <hl1>Off the grid in Boston</hl1>
            <hl2 hl2class="subhead">From a life of orderly angles to one of tangled streets</hl2>
            <hl2 hl2class="overline">CARLO ROTELLA</hl2>
            <hl2 hl2class="label">Carlo Rotella</hl2>
         </hedline>
         <byline>
            <person> By Carlo Rotella</person>
            <byttl>Globe Columnist</byttl>
         </byline>
         <abstract/>
      </body.head>
      <body.content>
         <block class="txt">
            <media mediaid="1">
               <media-reference>b7be9eca-6bd5-11e2-baa1-9e8515cd26f3.jpg</media-reference>
               <media-caption/>
               <media-producer>istockphoto/the boston globe; globe staff illustration</media-producer>
               <media-metadata name="pageNumber" value=""/>
            </media>
            <p>If you live in the Boston area and you&#8217;re not from around here, you receive frequent reminders of your non-belonging. You can only grow into this place so far, and then you hit the limit. I&#8217;m fine with that. Being an interesting place to live as an outsider of long residence is part of what makes Boston not like other places. I&#8217;m already from somewhere else &#8212; Chicago, a bigger and rougher city, but much more welcoming to people from elsewhere &#8212; and it feels to me as if the brisk stiff-arm of Boston localism sets me up at just the right distance. You&#8217;re close enough to appreciate the city&#8217;s idiosyncracies, yet far enough to sustain a little healthy observational detachment.</p>
            <p>But if you live anywhere long enough, the way of life there, the lay of the land itself, will sink into you. In matters of place-and-selfhood, as in so many other things, who you are creeps up on you. For a long time, you vaguely assume that there&#8217;s a you who you&#8217;re going to be when you grow up, and then you realize that you have been grown up for a while and this is it; this is you, pretty much for keeps.</p>
            <p>I started out as a person of the grid, the rectilinear layout imposed on the cities and countryside of the Midwest. I navigated by familiar right angles even when far afield from my home turf, and as a native of Chicago my experience of city life was arranged on the grid like morning glories growing on a trellis. At the corner of 72nd and Oglesby a dog in a yard lay in wait to hurl itself against the chain-link fence and scare the daylights out of me; at 43rd and Vincennes was the Checkerboard Lounge, where I learned to love my hometown music; I once made a serious mistake at 59th and Stony Island, and only undeserved dumb luck brought me out of it in one piece. Leaving the grid, whether to ramble in the rundown reaches of Jackson Park or in the medieval cities of Europe, felt like an adventure &#8212; exciting but disorienting.</p>
            <p>But I am a person of the grid no longer. Life in New England and especially in Boston, where straight lines are in short supply, has reversed my polarities. My new normal is the dense tangle of short, curving streets converging raggedly on a &#8220;square&#8217;&#8217; with no 90-degree angles, a layout often likened to cowpaths but perhaps more reminiscent of rabbit warrens. The trains of my home line, the D Line, weave through greenery that yields irregular strobe-glimpses of wooden back porches and brick facades, bent snatches of streetscape, scenes out of Miyazaki&#8217;s dreamlike anime fantasies. </p>
            <p>What feels strange to me now is to find myself on a long straightaway, like the tedium of Route 9 as it carries you away from the city toward Route 128. Even the orderly angles of the Back Bay feel a little too regular. The me I&#8217;ve become, the me Boston has shaped, wants to scrunch up any such foursquare arrangement, to make it satisfying by throwing in some diagonals and messy nodes that reward the eye even as they tangle the flow of movement.</p>
            <p>I recently visited the Frederick Law Olmsted National Historic Site in Brookline, the former house and office of America&#8217;s greatest landscape architect. The parks of my childhood and young adulthood &#8212; Jackson Park in Chicago, Prospect Park and Central Park in New York &#8212; all bear his signature. Olmsted, more than anyone else, created the green breaks in the grid in which I had my non-rectilinear adventures, back when I was a person of the grid. And it was Olmsted, who hated straight lines, who codified the principles that inform my adopted home ground: The beauty of a landscape is rooted in the sense of purpose that shaped it, and in the quality of surprise it offers even to one who knows it well. </p>
            <p> &#8220;Purpose and surprise&#8217;&#8217; describes the seductive rise and fall of the garden and yard around Olmsted&#8217;s house, a miniature landscape that feels far larger and calls out for repeated visits in different light and weather. The same goes for Boston&#8217;s oddly shaped lots, dead ends, and obtuse angles, and for the ideal landscape without straight lines that&#8217;s imprinted so deeply on me that it&#8217;s now part of who I am.</p>
            <p>
               <em class="i">Carlo Rotella is director of American studies at Boston College. His latest book is &#8220;Playing in Time: Essays, Profiles, and Other True Stories.&#8217;&#8217;</em>
            </p>
         </block>
      </body.content>
   </body>
</nitf>