<?xml version="1.0" encoding="utf-8"?>
<nitf xmlns:xs="http://www.w3.org/2001/XMLSchema" version="//IPTC/DTD NITF 3.2/EN">
   <head>
      <story.date>02-01-2013</story.date>
      <pubdata name="Globe" position.section="News" position.subsection="Metro"
               position.sequence="B,3,32"
               type="print"
               date.publication="20130201000000-05:00"
               ex-ref="http://www.bostonglobe.com/metro/2013/02/01/hikers-rescued-could-pay-fee-under-bill/E1pbw7Mhp8OTRN0tpujkcJ/story.html"/>
      <title>01rescue</title>
      <docdata>
         <doc.id>548a702a-6be1-11e2-a242-50e79c56738a</doc.id>
         <doc.copyright holder="Associated Press"/>
         <doc.rights owner="Associated Press"/>
         <date.issue norm="20130201002021-05:00">2013-02-01T00:20:21</date.issue>
         <identified-content>
            <classifier type="tom">News</classifier>
            <classifier type="taxonomy">News/US/New Hampshire</classifier>
            <classifier type="contentdesk">Metro</classifier>
            <classifier type="subdesk"/>
            <location class="primary">Concord, NH</location>
            <location class="latitudelongitude">(43.2081366,-71.5375718)</location>
         </identified-content>
      </docdata>
   </head>
   <body>
      <body.head>
         <hedline>
            <hl1>N.H. bill seeks higher fees from hikers who are rescued </hl1>
            <hl2 hl2class="subhead">Costs now paid by license fees</hl2>
            <hl2 hl2class="overline"/>
            <hl2 hl2class="label"/>
         </hedline>
         <byline>
            <person>By Norma Love</person>
            <byttl>Associated Press</byttl>
         </byline>
         <abstract>Hikers and others rescued in New Hampshire&#8217;s backwoods could pay several hundred dollars in fees to help dig the state&#8217;s search and rescue fund out of the red. The idea got mixed reviews at a public hearing Thursday on a bill that could come to the aid of a search and rescue account that&#8217;s averaged an annual deficit of more than $100,000 since 2006.</abstract>
      </body.head>
      <body.content>
         <block class="txt">
            <p>CONCORD, N.H. &#8212; Hikers and others rescued in New Hampshire&#8217;s backwoods could pay several hundred dollars in fees to help the state search and rescue fund dig out of the red.</p>
            <p>The idea got mixed reviews at a hearing Thursday on a bill that could aid a search and rescue account that has averaged an annual deficit of more than $100,000 since 2006.</p>
            <p>House Republican leader Gene Chandler of Bartlett, Senate Republican leader Jeb Bradley of Wolfeboro, and state Senator Lou D&#8217;Allesandro, a Manchester Democrat, are among the sponsors looking for ways to help pay for searches and rescues, besides fees paid by sportsmen.</p>
            <p>&#8220;The people who are paying into the rescue fund are not taking the biggest advantage of it,&#8217;&#8217; Chandler told the House Fish and Game Committee.</p>
            <p>&#8220;The people who come here and hike bear some responsibility,&#8217;&#8217; added D&#8217;Allesandro.</p>
            <p>Hunters, anglers, boaters, snowmobilers, and all-terrain vehicle riders currently pay 100 percent of the rescue costs though license fees to the &#173;Department of Fish and Game, but averaged only 14 percent of the rescues since 2006.</p>
            <p>Anyone rescued who possesses a current hunting, fishing, or other outdoors license or buys a new hike safe card for $18 would not pay the minimum fee. The proposal would also establish a $10 surcharge on fines for fish and game law violations to go into the fund.</p>
            <p>The minimum fee facing those rescued would be $350 if the rescue cost is between $500 and $999. The fee rises to $600 for costs between $1,000 and $1,499. For rescues costing more, the fee would be $1,000.</p>
            <p>Recent rescue costs ranged from about $200 to more than $50,000, according to the &#173;Department of Fish and Game.</p>
         </block>
      </body.content>
   </body>
</nitf>