<?xml version="1.0" encoding="utf-8"?>
<nitf xmlns:xs="http://www.w3.org/2001/XMLSchema" version="//IPTC/DTD NITF 3.2/EN">
   <head>
      <story.date>02-01-2013</story.date>
      <pubdata name="Globe" position.section="News" position.subsection="Metro"
               position.sequence="A,1,4"
               type="print"
               date.publication="20130201000000-05:00"
               ex-ref="http://www.bostonglobe.com/metro/2013/01/31/two-men-charged-with-arson-west-bridgewater-fire-and-officials-search-for-link-arson-spree/acvVl4QPdCQMkYUAVJokkM/story.html"/>
      <title>01arson</title>
      <docdata>
         <doc.id>9b35efca-6bb1-11e2-b0fe-25b534362601</doc.id>
         <doc.copyright holder="The Boston Globe"/>
         <doc.rights owner="The Boston Globe"/>
         <date.issue norm="20130201023436-05:00">2013-02-01T02:34:36</date.issue>
         <identified-content>
            <classifier type="tom">News</classifier>
            <classifier type="taxonomy">News/US/Massachusetts</classifier>
            <classifier type="contentdesk">Metro</classifier>
            <classifier type="subdesk"/>
            <location class="primary">West Bridgewater, MA</location>
            <location class="latitudelongitude">(42.0188889,-71.0083333)</location>
         </identified-content>
      </docdata>
   </head>
   <body>
      <body.head>
         <hedline>
            <hl1>Man held, is called suspect in 24 fires</hl1>
            <hl2 hl2class="subhead">Arrested with stepson near scene of a blaze  </hl2>
            <hl2 hl2class="overline"/>
            <hl2 hl2class="label"/>
         </hedline>
         <byline>
            <person>By Brian Ballou</person>
            <byttl>Globe Staff</byttl>
         </byline>
         <abstract>A Middleborough man and his stepson were arrested near the site of a blaze in West Bridgewater on Wednesday night and charged with arson &#8212; an arrest that authorities believe will solve a string of mysterious fires across the region that have dogged authorities for months. The arrests came after police secretly planted a GPS device on the suspects&#8217; vehicles. Mark Sargent, 45, and Jean Marie Louis, 23, were each charged in Brockton District Court.</abstract>
      </body.head>
      <body.content>
         <block class="txt">
            <media mediaid="1">
               <media-reference>44322c90-6bdc-11e2-86f0-9a1ce78484a2.jpg</media-reference>
               <media-caption>Mark Sargent (right) and Jeanmarie Louis in court Thursday.Robert Iafrate inspected the damage a fire caused to his building Thursday in West Bridgewater. </media-caption>
               <media-producer>George Rizer for the Boston GLobeGeorge Rizer for the Boston Globe</media-producer>
               <media-metadata name="pageNumber" value="1"/>
               <media-metadata name="wShape" value="156"/>
               <media-metadata name="hShape" value="115.5"/>
            </media>
            <p>BROCKTON &#8212; A Middleborough man and his stepson were &#173;arrested near the site of a blaze in West Bridgewater Wednesday night and charged with &#173;arson, an arrest authorities believe will solve a string of mysterious fires across the region that have dogged them for months.</p>
            <p>The arrests came after police secretly planted a GPS device on 

vehicles owned by one of the defendants.</p>
            <p>&#8220;A serial arsonist strikes fear in the public and creates a great deal of anxiety,&#8217;&#8217; state Fire Marshal Stephen Coan said in a press conference Thursday about two hours after Mark Sargent, 45, and Jeanmarie Louis, 23, were each charged in Brockton District Court with burning a building and attempting to burn a building.</p>
            <p>Attorneys for both men pleaded not guilty on their clients&#8217; behalf. Sargent and Louis were ordered held pending a dangerousness hearing Feb. 6.</p>
            <p>Authorities said that Sargent is a suspect in 24 arsons and that they are looking at Louis&#8217;s possible involvement in the fires.</p>
            <p>The scores of vacant and abandoned buildings set ablaze since September stretched across four counties south of Boston and included houses, a barn, a restaurant, and a boat. The structure ignited Wednesday night, an unfinished commercial building at 457 Rear South Main St., West Bridge&#173;water, was minimally damaged, unlike many of the others.</p>
            <p>Coan and Plymouth District Attorney Timothy J. Cruz &#173;declined to discuss a possible motive for the fires. While no one lived in the burned structures, at least six firefighters suffered minor injuries while battling the blazes.</p>
            <p>In November, as the number of cases approached 20 and inves&#173;tigators saw patterns pointing to a serial arsonist, Coan called a summit at Bridgewater State University, bringing together fire chiefs and law enforce&#173;ment officials from Barnstable, Plymouth, Norfolk, and Bristol counties.</p>
            <p>A break in the case came a week before Christmas. When fires broke out shortly after midnight Dec. 20 in three boats at the Marshfield Marina, &#173;police searching the area found Sargent, &#8220;very nervous,&#8217;&#8217; sitting in his Toyota Highlander nearby.</p>
            <p>When &#8220;they asked him why he was there at that location, he said he was driving around, that he does it all the time,&#8217;&#8217; said Tim Kenny, an 
assistant &#173;Plymouth district attorney, said during the arraignment. &#8220;He said he had no friends in the &#173;area. .&#160;.&#160;. He saw that fire and decided to sit there and watch it.&#8217;&#8217;</p>
            <p>Within two days, police &#173;obtained a warrant and &#173;attached a GPS device to the Highlander.</p>
            <p>In interviews, Sargent told police that he had a stepson, Louis, and they already had infor&#173;mation linking him to one arson: He was seen in the area of a suspicious fire on Monponsett Street in Halifax on Nov. 26 and used his credit card to make 
a purchase at a nearby Cumberland Farms, Kenny said.</p>
            <p>Kenny said the GPS tracking device showed the Highlander had passed by seven arson locations at the times the fires were set, including 304 Turnpike St. in Easton, 775 Washington St. in Hanover, and 1958 Broadway in Raynham.</p>
            <p>
In early January, Sargent traded his Highlander for a silver Subaru Outback, and author&#173;ities soon had a GPS tracking device placed on it.</p>
            <p>At 8:29 p.m. Wednesday, the Outback was driven past the site of the fire in West Bridgewater several times, Kenny said. At 9:15, it stopped for about 10 minutes about a mile and a half from the scene.</p>
            <p>At 9:35 p.m., the fire started, and five minutes later, the &#173;Outback passed the scene. &#173;Moments later, police stopped the vehicle, Kenny said.</p>
            <p>Sargent was sitting in the driver&#8217;s seat and Louis was in the front passenger&#8217;s seat, his pants and shoes wet with mud. A strong smell of gasoline emanated from inside the vehicle and police found a pair of gloves in Louis&#8217;s pockets, Kenny said during the arraignment.</p>
            <p>Both men were arrested.</p>
            <p>Coan commended his team of investigators, saying they worked tirelessly, including through the holidays on the case.</p>
            <p>&#8220;The fires have occurred over a large footprint, and that has added to the complexity of the investigation,&#8217;&#8217; he said during the press conference.</p>
            <p>Kenny said the list of suspicious fires that authorities need to investigate is lengthy.</p>
            <p>&#8220;There have been 38 fires, incendiary fires, south of &#173;Boston since September of 2012 and in investigation, 24 of those fires have been found to be linked to the same suspect or suspects based on modus &#173;operandi,&#8217;&#8217; Kenny said.</p>
            <p>Authorities are continuing their investigation to determine whether Sargent and Louis played a role in the 14 other cases.</p>
            <p>Cruz said authorities had no timetable for when they might bring additional charges against the men.</p>
            <p>Sargent&#8217;s former wife, Marie Cingolani of Avon, said in a brief phone interview that they had a turbulent marriage, which ended several years ago.</p>
            <p>&#8220;I&#8217;m literally sick to my stomach&#8217;&#8217; over the arsons, she said.</p>
            <p>Sargent&#8217;s occupation according to the police report, is &#8220;auto wholesaler,&#8217;&#8217; and he is self &#173;employed; Louis, who also lives in Middleborough, is unemployed.</p>
            <p>Public records showed that Sargent declared bankruptcy in 1995. In recent years, he had worked at two car lots in Brockton, records indicate.</p>
            <p>Toni Iafrate, the owner of the building that was set afire in West Bridgewater, said one of her tenants at a nearby property saw a shadowy figure wearing a hoodie emerge from the structure and run away before the fire erupted.</p>
            <p>The building, to be named Red Varn Acres, was swathed in thick fire-retardant material that probably prevented extensive damage, she said.</p>
            <p>&#8220;Nice to know that stuff works,&#8217;&#8217; she said.</p>
            <p>
               <em class="i">Peter Schworm of the Globe staff contributed to this report. &#173;Brian Ballou can be reached at bballou@globe.com. Follow him on Twitter@GlobeBallou.</em>
            </p>
         </block>
      </body.content>
   </body>
</nitf>