<?xml version="1.0" encoding="utf-8"?>
<nitf xmlns:xs="http://www.w3.org/2001/XMLSchema" version="//IPTC/DTD NITF 3.2/EN">
   <head>
      <story.date>02-01-2013</story.date>
      <pubdata name="Globe" position.section="Living Arts" position.subsection=" "
               position.sequence="G,27,15"
               type="print"
               date.publication="20130201000000-05:00"
               ex-ref="http://www.bostonglobe.com/arts/2013/01/31/review-guillermo-sexo-bring-down-your-arms/2STHkbP1vrTubRd4IdtiNN/story.html"/>
      <title>01noisy</title>
      <docdata>
         <doc.id>e66e6038-6aeb-11e2-bf18-4fb9427cef87</doc.id>
         <doc.copyright holder="For The Boston Globe"/>
         <doc.rights owner="For The Boston Globe"/>
         <date.issue norm="20130130211836-05:00">2013-01-30T21:18:36</date.issue>
         <identified-content>
            <classifier type="tom">News</classifier>
            <classifier type="taxonomy">AE/Music</classifier>
            <classifier type="contentdesk">Arts</classifier>
            <classifier type="subdesk"/>
            <location class="primary">Boston, MA</location>
            <location class="latitudelongitude">(42.3584308,-71.0597732)</location>
         </identified-content>
      </docdata>
   </head>
   <body>
      <body.head>
         <hedline>
            <hl1>Noisy Neighbors</hl1>
            <hl2 hl2class="subhead"/>
            <hl2 hl2class="overline">Noisy Neighbors</hl2>
            <hl2 hl2class="label"/>
         </hedline>
         <byline>
            <person>By Matt Parish</person>
            <byttl>Globe Correspondent</byttl>
         </byline>
         <abstract>This shimmering Boston quartet has been shifting through lineups for years, blasting through a collection of high-speed indie rock at an admirable pace. Its latest, &#8220;Bring Down Your Arms,&#8217;&#8217; might be its best yet. It&#8217;s full of dense guitar squalls and quick mood swings, like Sonic Youth on shuffle with the Jesus and Mary Chain, and just as often hints at melancholy &#8217;60s pop like &#8220;California Dreamin&#8217;.&#8217;&#8217; </abstract>
      </body.head>
      <body.content>
         <block class="txt">
            <media mediaid="1">
               <media-reference>42513bb4-6af1-11e2-bf18-4fb9427cef87.jpg</media-reference>
               <media-caption/>
               <media-producer/>
               <media-metadata name="pageNumber" value="27"/>
               <media-metadata name="wShape" value="107"/>
               <media-metadata name="hShape" value="104"/>
            </media>
            <p>
               <em class="b">Guillermo Sexo</em>
            </p>
            <p>&#8220;Bring Down Your Arms&#8217;&#8217; EP</p>
            <p>This shimmering Boston quartet has been shifting through lineups for years, blasting through a collection of high-speed indie rock at an admirable pace. Its latest, &#8220;Bring Down Your Arms,&#8217;&#8217; might be its best yet. It&#8217;s full of dense guitar squalls and quick mood swings, like Sonic Youth on shuffle with the Jesus and Mary Chain, and just as often hints at melancholy &#8217;60s pop like &#8220;California Dreamin&#8217;.&#8217;&#8217; The opener, &#8220;All Whispers,&#8217;&#8217; crawls from a wistful acoustic shuffle, singer Noell Dorsey floating over the easy changes until a crushing wall of fuzz crashes into the chorus. Here she lets loose, banshee Black Francis-style. A live-wire guitar solo follows, and we&#8217;re left with an airtight construction of noise and propulsive indie pop. Things get thornier in &#8220;Echo Out My Call,&#8217;&#8217; with dissonant chunks of guitar chords and brooding back-and-forth vocals from Dorsey and guitarist Reuben Bettsak, culminating  a sucker punch of a chorus (&#8220;Help me feel alive&#8217;&#8217;) that catapults the whole song into another time zone for a couple of seconds. The best news? There&#8217;s a full-length album of this stuff on the way in the spring. MATT PARISH</p>
            <p/>
            <p>
               <em class="b">ESSENTIAL:</em> &#8220;Bring Down Your Arms&#8217;&#8217;</p>
            <p/>
            <p>
               <em class="i">Guillermo Sexo plays Feb. 8 at O&#8217;Briens Pub.</em>
            </p>Matt Parish can be reached at mattparish@gmail.com.</block>
      </body.content>
   </body>
</nitf>