<?xml version="1.0" encoding="utf-8"?>
<nitf xmlns:xs="http://www.w3.org/2001/XMLSchema" version="//IPTC/DTD NITF 3.2/EN">
   <head>
      <story.date>02-01-2013</story.date>
      <pubdata name="Globe" position.section="Living Arts" position.subsection=" "
               position.sequence="B,14,60"
               type="print"
               date.publication="20130201000000-05:00"
               ex-ref="http://www.bostonglobe.com/arts/music/2013/03/01/review-boston-symphony-orchestra-andris-nelsons-conducting-thursday-symphony-hall/eGHZELeDimN6cDDZZp2TeO/story.html"/>
      <title>01BSO</title>
      <docdata>
         <doc.id>8cea370e-6bee-11e2-baa1-9e8515cd26f3</doc.id>
         <doc.copyright holder="The Boston Globe"/>
         <doc.rights owner="The Boston Globe"/>
         <date.issue norm="20130201083019-05:00">2013-02-01T08:30:19</date.issue>
         <identified-content>
            <classifier type="tom">News</classifier>
            <classifier type="taxonomy">AE/Music</classifier>
            <classifier type="contentdesk">Arts</classifier>
            <classifier type="subdesk">ClassicalMusic</classifier>
            <location class="primary">Boston, MA</location>
            <location class="latitudelongitude">(42.3584308,-71.0597732)</location>
         </identified-content>
      </docdata>
   </head>
   <body>
      <body.head>
         <hedline>
            <hl1>In Shostakovich&#8217;s vast night, with Nelsons and Skride</hl1>
            <hl2 hl2class="subhead"/>
            <hl2 hl2class="overline">Music Review</hl2>
            <hl2 hl2class="label"/>
         </hedline>
         <byline>
            <person>By Jeremy Eichler</person>
            <byttl>Globe Staff</byttl>
         </byline>
         <abstract>The closely watched Andris Nelsons is on the podium with the BSO this week, and the young Latvian violinist Baiba Skride is this week&#8217;s soloist. Both delivered strong performances Thursday night.</abstract>
      </body.head>
      <body.content>
         <block class="txt">
            <media mediaid="1">
               <media-reference>babe9676-6c24-11e2-baa1-9e8515cd26f3.jpg</media-reference>
               <media-caption>Conductor Andris Nelsons leads the BSO Thursday night.</media-caption>
               <media-producer>Stu Rosner</media-producer>
               <media-metadata name="pageNumber" value="14"/>
               <media-metadata name="wShape" value="150.72"/>
               <media-metadata name="hShape" value="168"/>
            </media>
            <p>Music Review</p>
            <p>
               <em class="b">Boston Symphony Orchestra</em>
            </p>
            <p>Andris Nelsons, conductor</p>
            <p>At: Symphony Hall, Thursday night (repeats Friday, Saturday, and Tuesday)</p>
            <p>Part of the appeal of the concerto as a genre is the way it can operate, beneath the music, on the plane of myth. These pieces are, among many other things, variations on an endlessly relevant theme: the lone individual voice cast against an enormous collective. </p>
            <p>Shostakovich&#8217;s First Violin Concerto &#8212; which received an arresting performance Thursday night at Symphony Hall &#8212; only enhances this mythic resonance. Not only do we have a dark, lamenting solo line playing out against a giant orchestral backdrop, but we have the historical figure of Shostakovich, hounded by a regime, writing music that in his own era came to be heard as a veiled repository of private emotion in a mercilessly public time.</p>
            <p>The massive Passacaglia of this concerto was in fact the very movement Shostakovich was composing when he was dealt the second terrifying public blow of his career &#8212; the notorious Zhdanov decree of 1948 &#8212; condemning his artistic path and in effect forcing him to defer the premiere of this piece for seven years. He once even showed fellow composer Mikhail Meyerovich the precise spot under his pen when the blackest of news arrived. Meyerovich examined the score and reported &#8220;there was no evident change in the music.&#8217;&#8217; When it came to politics, Shostakovich was not, in the end, a secret dissident, but there is still an extraordinary sense of inner strength and defiance that comes through in the slow burn of this epic movement, as the violin takes flight over the churning, relentless bass.</p>
            <p>The closely watched Andris Nelsons is on the podium this week, and the young Latvian violinist Baiba Skride is this week&#8217;s soloist. She plays the concerto as a whole with poise, subtlety, and self-possession. The night is indeed vast in Shostakovich&#8217;s opening slow Nocturne, and Nelsons shaped the textures impeccably as Skride played with muted coloration and sparse vibrato. In the Scherzo, she projected a dance-like swing through the thickets of wild accents and angular leaps. Some players bring a larger emotional arc to the Passacaglia, building inexorably toward the moment when the solo line takes up the theme in devastating fortissimo octaves. Skride&#8217;s playing here was less epic, less persuasive, though still full of intensity. Her account of the long cadenza became, as it must, a riveting soliloquy unto itself. And after the punch and adrenaline of the concluding Burlesque, her encore, the Sarabande from Bach&#8217;s D-minor Partita, arrived like a balm. </p>
            <p>After intermission, Nelsons, who has long been speculated to be a candidate for the music director post, led Tchaikovsky&#8217;s Symphony No. 5. Despite having conducted the BSO in Carnegie Hall and at Tanglewood, this gifted young conductor had in fact never before performed for the orchestra&#8217;s home audience in Symphony Hall. His podium presence was as animated as ever, his gestures a collection of swoops, leaps, and crouches through which he not only communicates very specific musical ideas but also a more primal sense of pleasure in the very act of music-making. </p>
            <p>Interpretively, Nelsons appeared intent on making us hear this warhorse with fresh ears, yet his specific choices seemed likely to divide opinion. His account was full to overflowing with a kind of micro-phrasing that did in fact bring out some startling details and sonorities but also on occasion worked against the music&#8217;s narrative coherence. It can be a fine line between interpretive revelation and exaggeration, and for me, Thursday&#8217;s performance had moments of both in the way Nelsons juxtaposed themes and played up moments of impetuosity. The BSO seemed keen to give him whatever he asked for, and for its part, the large audience gave Nelsons a vociferous ovation. He&#8217;ll be back again this summer at Tanglewood. </p>
            <p>
               <em class="i">Jeremy Eichler can be reached at  jeichler@globe.com</em>
            </p>
         </block>
      </body.content>
   </body>
</nitf>