<?xml version="1.0" encoding="utf-8"?>
<nitf xmlns:xs="http://www.w3.org/2001/XMLSchema" version="//IPTC/DTD NITF 3.2/EN">
   <head>
      <story.date>02-01-2013</story.date>
      <pubdata name="Globe" position.section="Sports" position.subsection=" "
               position.sequence="C,1,999"
               type="print"
               date.publication="20130201000000-05:00"
               ex-ref="http://www.bostonglobe.com/sports/2013/02/01/taunton-decosta-driving-from-shadows-for-ravens/awjki2v5nvaJ0404NeZV5L/story.html"/>
      <title>01ravens</title>
      <docdata>
         <doc.id>0c58c82a-6c12-11e2-baa1-9e8515cd26f3</doc.id>
         <doc.copyright holder="The Boston Globe"/>
         <doc.rights owner="The Boston Globe"/>
         <date.issue norm="20130201074537-05:00">2013-02-01T07:45:37</date.issue>
         <identified-content>
            <classifier type="tom">News</classifier>
            <classifier type="taxonomy">Sports/Football/NFL</classifier>
            <classifier type="contentdesk">Sports</classifier>
            <classifier type="subdesk"/>
            <location class="primary">New Orleans, LA</location>
            <location class="latitudelongitude">(29.9510658,-90.0715323)</location>
         </identified-content>
      </docdata>
   </head>
   <body>
      <body.head>
         <hedline>
            <hl1>Ravens&#8217; DeCosta awaiting his turn</hl1>
            <hl2 hl2class="subhead"/>
            <hl2 hl2class="overline"/>
            <hl2 hl2class="label"/>
         </hedline>
         <byline>
            <person>By Greg A. Bedard</person>
            <byttl>Globe Staff</byttl>
         </byline>
         <abstract>Ravens assistant general manager Eric DeCosta is content to sit behind Ozzie Newsome for the rest of his career.</abstract>
      </body.head>
      <body.content>
         <block class="txt">
            <p>NEW ORLEANS &#8212; Eric DeCosta could have his own NFL kingdom by now. Any one of them. His choice.</p>
            <p>Going on three offseasons now, NFL owners have requested permission to interview the Ravens&#8217; assistant general manager to run the football side of their franchises.</p>
            <p>Each time he has said no. DeCosta, 41, is content to be general-manager-in-waiting of the Ravens behind Ozzie Newsome, who, at 56, said he has no plans to retire. </p>
            <p>&#8220;It would probably benefit [DeCosta] to be here and be a part of a Super Bowl than to be out there struggling with some 3-13 team, you know?&#8217;&#8217; Newsome said. &#8220;You don&#8217;t keep jobs very long. At some point I am going to walk away and he&#8217;ll have this and everything will already be in place for him. That transition is going to be seamless, but it will be good for him.&#8217;&#8217;</p>
            <p>Many in DeCosta&#8217;s position would not make the same choice with millions being thrown at him. But those that know DeCosta best back home in the blue-collar down of Taunton aren&#8217;t surprised.</p>
            <p>&#8220;There&#8217;s two things you need to know about Eric DeCosta,&#8217;&#8217; said John Monteiro of Dighton, who met DeCosta in middle school. &#8220;He&#8217;s extremely hard working and he&#8217;s extremely loyal.</p>
            <p>&#8220;At my job, a lot of people follow him and they ask me all the time, &#8216;Is he going to leave?&#8217; No way. He&#8217;ll never leave. He&#8217;s not going anywhere. He&#8217;s loyal to that team, they gave him his first big shot. I know how he is.&#8217;&#8217;</p>
            <p>Hard working and loyal. Sounds a lot like Taunton, known as the Silver City for the many silversmiths it used to boast south of Boston.</p>
            <p>&#8220;People had to work hard to build a life for themselves,&#8217;&#8217; said DeCosta as he sat in the Ravens&#8217; team hotel. &#8220;I think I learned a work ethic from just growing up there, seeing people work.&#8217;&#8217;</p>
            <p>DeCosta&#8217;s grandfather worked long hours in the silver industry. Both his parents worked full-time jobs. His father, Joe, worked in the fastener industry in Providence and Fall River, while his mother, Donna, was a bank teller.</p>
            <p>DeCosta spent his free time playing every single sport with the neighborhood boys just down the street from Taunton High School. He could hear the football public address announcer through the trees on Friday nights and dreamed of being an NFL player. They don&#8217;t grow many slow NFL players at 5 feet 9 inches, but DeCosta was good enough to be an all-conference end and fullback at Taunton, and captain at Colby College as a linebacker.</p>
            <p>What would DeCosta, the personnel executive, say about DeCosta, the football prospect?</p>
            <p>&#8220;He&#8217;d probably say he was an instinctive player, but he was a reject physically,&#8217;&#8217; DeCosta said. &#8220;I was an overachieving, try-hard guy who made a lot of plays. I couldn&#8217;t run and I wasn&#8217;t big. That&#8217;s not a good combination for a linebacker.&#8217;&#8217;</p>
            <p>But DeCosta still wanted to be in the game. So that meant while many of his college classmates graduated and took jobs on Wall Street or went to medical school, DeCosta became a graduate assistant at Trinity College. That put him onto the radar of a young Redskins scout named Scott Cohen, who is now the Jets&#8217; assistant general manager. Cohen hired DeCosta as a Redskins intern, and then recommended him to Scott Pioli, who was in the Browns/Ravens pro personnel department before landing with the Jets and then Patriots.</p>
            <p>&#8220;He was a natural guy to recommend,&#8217;&#8217; Cohen said of DeCosta. &#8220;His passion for the game and attention to detail are really high. Those are things that lend to success in this business.&#8217;&#8217;</p>
            <p>DeCosta might not even be in the business if it wasn&#8217;t for Cohen, who earned his masters at UMass.</p>
            <p>&#8220;I&#8217;ve always admired Scott and owe a lot to him,&#8217;&#8217; DeCosta said. &#8220;You&#8217;ll never hear anyone ever say a bad word about Scott.&#8217;&#8217;</p>
            <p>Before DeCosta left to work for the Ravens, he had a message for his buddies in Taunton.</p>
            <p>&#8220;We all asked him what his ultimate goal was,&#8217;&#8217; Monteiro said. &#8220;He said, &#8216;I want to be a GM. I want to run the show one day.&#8217; I said, &#8216;If I know you, someday you will be there.&#8217; </p>
            <p>&#8220;He works 20 hours a day and doesn&#8217;t even care. I stayed at his place, I walk in the house and there are videotapes everywhere, cords running around from all the VCRs. .&#160;.&#160;.  He said it right from the start. Sure enough, the way he is with his work ethic, I knew he&#8217;d be there.&#8217;&#8217;</p>
            <p>Given a chance by the Ravens, DeCosta&#8217;s talents took over.</p>
            <p>&#8220;He was the first guy that we hired as a scouting intern when we came to Baltimore,&#8217;&#8217; Newsome said. &#8220;He&#8217;s learned how to do everything from the bottom up. He can process information very quickly. He will always give you his valued opinion. He&#8217;s a true team player.&#8217;&#8217;</p>
            <p>DeCosta is obsessively organized. You can even see that in the way he dresses. Everything is perfect. Nothing out of place. Just like his backyard in Taunton.</p>
            <p>&#8220;He hasn&#8217;t changed one bit from the time that we were young kids until right now,&#8217;&#8217; Monteiro said. &#8220;He knew where everything was. We worked together in a summer program. We&#8217;d sneak out and play some Wiffle ball games in his backyard. He made sure before we left that yard, everybody put the bat and the ball right back where it belonged, and the next day we got there it was in the same spot.&#8217;&#8217;</p>
            <p>And 17 years later, DeCosta is in the same spot. And he wouldn&#8217;t have it any other way.</p>
            <p>His wife, Lacie, is from Baltimore and her built-in support system helps manage their three children &#8212; Jane, 9; Michael, 5; and Jack, 2 &#8212; while DeCosta works his long hours.</p>
            <p>And then there are the &#8220;brothers&#8217;&#8217; DeCosta works alongside &#8212; Pat Moriarty (vice president of football administration), George Kokinis (senior personnel assistant), Newsome, and owner Steve Bisciotti.</p>
            <p>&#8220;We&#8217;re a lot a like in a lot of ways and he&#8217;s given me a lot of responsibility, and I plan on him giving him back as much as I can,&#8217;&#8217; DeCosta said of Bisciotti, who has made it financially possible for DeCosta to stay. &#8220;I think Baltimore is a special place in a lot of different ways. And I&#8217;m comfortable there.</p>
            <p>&#8220;I&#8217;ve seen enough people go other places and not have good situations. I&#8217;m cautious. If I could spend the rest of my time working in Baltimore, it would be fantastic. Quite honestly, the truth of the matter is, if I have to spend the rest of my time in Baltimore working with Ozzie Newsome, if he stays to be GM the next 20 years, I&#8217;m blessed. </p>
            <p>&#8220;We speak the same language. We see things the same a lot of times. We may express it a little differently, but a lot of times he&#8217;ll look at me and I&#8217;ll look at him and we don&#8217;t have to say anything and you kind of know what each other is thinking. Ozzie&#8217;s my friend, we spend a lot of time together. I can honestly say that some of my very, very best memories in the NFL are always with Ozzie. I could tell you 50 stories and they almost all involved Ozzie at some point.&#8217;&#8217;</p>
            <p>DeCosta and Newsome will have another one on Sunday with Super Bowl XLVII, and Taunton watching.</p>
            <p>&#8220;It&#8217;s unbelievable,&#8217;&#8217; Monteiro said. &#8220;Words can&#8217;t put into perspective how proud we are of him. I saw him on TV once up in the booth and all I could do was sit there and laugh. Everybody wanted to know what was wrong with me. That&#8217;s the same kid I was sitting down with at the lunch table 20 years [ago] in high school and look at him now.&#8217;&#8217;</p>
            <p>
               <em class="i">Greg A. Bedard can be reached at gbedard@globe.com. Follow him on Twitter @gregabedard.</em>
            </p>
         </block>
      </body.content>
   </body>
</nitf>