<?xml version="1.0" encoding="utf-8"?>
<nitf xmlns:xs="http://www.w3.org/2001/XMLSchema" version="//IPTC/DTD NITF 3.2/EN">
   <head>
      <story.date>02-01-2013</story.date>
      <pubdata name="Globe" position.section="Sports" position.subsection=" "
               position.sequence="C,7,999"
               type="print"
               date.publication="20130201000000-05:00"
               ex-ref=""/>
      <title>01balsta</title>
      <docdata>
         <doc.id>1aa2314e-6bfb-11e2-b0fe-25b534362601</doc.id>
         <doc.copyright holder=" "/>
         <doc.rights owner=" "/>
         <date.issue norm="20130201005250-05:00">2013-02-01T00:52:50</date.issue>
         <identified-content>
            <classifier type="tom">News</classifier>
            <classifier type="contentdesk">Sports</classifier>
            <classifier type="subdesk"/>
            <location class="primary">Boston, MA</location>
            <location class="latitudelongitude">(42.339904,-71.0898892)</location>
         </identified-content>
      </docdata>
   </head>
   <body>
      <body.head>
         <hedline>
            <hl1>BC-FBN--BaltimoreTeamStax</hl1>
            <hl2 hl2class="subhead"/>
            <hl2 hl2class="overline"/>
            <hl2 hl2class="label"/>
         </hedline>
         <byline>
            <person/>
            <byttl/>
         </byline>
         <abstract>This is sports agate content</abstract>
      </body.head>
      <body.content>
         <block class="txt">
            <p>BALTIMORE STATISTICS</p>
            <p>
               <em class="b">Regular season</em>
            </p>
            <p>
               <em class="b">PASSING</em>
            </p>
            <p/>
            <p> 
               <em class="b">Att.</em> 
               <em class="b">Com.</em> 
               <em class="b">Pct.</em> 
               <em class="b">Yds.</em> 
               <em class="b">TD</em> 
               <em class="b">Int.</em> 
            </p>
            <p>Flacco 531 317 59.7 3817 22 10 </p>
            <p>T. Taylor 29 17 58.6 179 0 1 </p>
            <p>TEAM 560 334 59.6 3996 22 11 </p>
            <p>OPPONENTS 557 335 60.1 3900 15 13 </p>
            <p/>
            <p>
               <em class="b">RUSHING</em>
            </p>
            <p/>
            <p> 
               <em class="b">Att.</em> 
               <em class="b">Yds.</em> 
               <em class="b">Avg.</em> 
               <em class="b">Lg</em> 
               <em class="b">TD</em> 
            </p>
            <p>R. Rice 257 1143 4.4 46 9 </p>
            <p>Pierce 108 532 4.9 78 1 </p>
            <p>T. Taylor 14 73 5.2 28 1 </p>
            <p>Anth. Allen 16 61 3.8 20 1 </p>
            <p>V. Leach 9 32 3.6 6 1 </p>
            <p>Flacco 32 22 0.7 16 3 </p>
            <p>Koch 2 17 8.5 10 1 </p>
            <p>To. Smith 3 9 3.0 13 0 </p>
            <p>Jac. Jones 1 6 6.0 6 0 </p>
            <p>Boldin 1 3 3.0 3 0 </p>
            <p>Considine 1 3 3.0 3 0 </p>
            <p>TEAM 444 1901 4.3 78 17 </p>
            <p>OPPONENTS 492 1965 4.0 31t 15 </p>
            <p/>
            <p>
               <em class="b">RECEIVING</em>
            </p>
            <p/>
            <p> 
               <em class="b">No.</em> 
               <em class="b">Yds.</em> 
               <em class="b">Avg.</em> 
               <em class="b">Lg</em> 
               <em class="b">TD</em> 
            </p>
            <p>Boldin 65 921 14.2 43 4 </p>
            <p>Pitta 61 669 11.0 61t 7 </p>
            <p>R. Rice 61 478 7.8 43 1 </p>
            <p>To. Smith 49 855 17.4 54 8 </p>
            <p>Jac. Jones 30 406 13.5 47 1 </p>
            <p>Dickson 21 225 10.7 40 0 </p>
            <p>V. Leach 21 143 6.8 18 0 </p>
            <p>Doss 7 123 17.6 39 1 </p>
            <p>Pierce 7 47 6.7 11 0 </p>
            <p>Da. Reed 5 66 13.2 23 0 </p>
            <p>D. Thompson 5 51 10.2 25 0 </p>
            <p>Anth. Allen 2 12 6.0 7 0 </p>
            <p>TEAM 334 3996 12.0 61t 22 </p>
            <p>OPPONENTS 335 3900 11.6 59 15 </p>
            <p/>
            <p>
               <em class="b">INTERCEPTIONS</em>
            </p>
            <p/>
            <p> 
               <em class="b">No.</em> 
               <em class="b">Yds.</em> 
               <em class="b">Avg.</em> 
               <em class="b">Lg</em> 
               <em class="b">TD</em> 
            </p>
            <p>E. Reed 4 78 19.5 34t 1 </p>
            <p>Ca. Williams 4 90 22.5 63t 1 </p>
            <p>C. Graham 2 20 10.0 20 0 </p>
            <p>Kruger 1 0 0.0 0 0 </p>
            <p>Pollard 1 0 0.0 0 0 </p>
            <p>L. Webb 1 8 8.0 8 0 </p>
            <p>TEAM 13 196 15.1 63t 2 </p>
            <p>OPPONENTS 11 231 21.0 98t 3 </p>
            <p/>
            <p>
               <em class="b">SACKS</em>
            </p>
            <p/>
            <p> 
               <em class="b">No.</em> 
            </p>
            <p>Kruger 9.0 </p>
            <p>Ngata 5.0 </p>
            <p>Ellerbe 4.5 </p>
            <p>Ar. Jones 4.5 </p>
            <p>Pollard 2.0 </p>
            <p>Suggs 2.0 </p>
            <p>McPhee 1.5 </p>
            <p>Upshaw 1.5 </p>
            <p>Ayanbadejo 1.0 </p>
            <p>O. Brown 1.0 </p>
            <p>Ihedigbo 1.0 </p>
            <p>Kemoeatu 1.0 </p>
            <p>Ra. Lewis 1.0 </p>
            <p>McClellan 1.0 </p>
            <p>Ca. Williams 1.0 </p>
            <p>TEAM 37.0 </p>
            <p>OPPONENTS 38.0 </p>
            <p/>
            <p>
               <em class="b">PUNTING</em>
            </p>
            <p/>
            <p>   
               <em class="b">Inside</em>  
            </p>
            <p> 
               <em class="b">No.</em> 
               <em class="b">Yds.</em> 
               <em class="b">Avg.</em> 
               <em class="b">20</em> 
               <em class="b">Lg</em> 
            </p>
            <p>Koch 83 3911 47.1 28 60 </p>
            <p>TEAM 83 3911 47.1 28 60 </p>
            <p>OPPONENTS 89 4113 46.2 32 63 </p>
            <p/>
            <p>
               <em class="b">PUNT RETURNS</em>
            </p>
            <p/>
            <p> 
               <em class="b">No.</em> 
               <em class="b">FC</em> 
               <em class="b">Yds.</em> 
               <em class="b">Avg.</em> 
               <em class="b">Lg</em> 
               <em class="b">TD</em> 
            </p>
            <p>Jac. Jones 37 16 341 9.2 63t 1 </p>
            <p>Doss 4 4 53 13.3 40 0 </p>
            <p>E. Reed 1 1 1 1.0 1 0 </p>
            <p>L. Webb 1 5 9 9.0 9 0 </p>
            <p>TEAM 43 26 404 9.4 63t 1 </p>
            <p>OPP. 49 13 383 7.8 64 0 </p>
            <p/>
            <p>
               <em class="b">KICKOFF RETURNS</em>
            </p>
            <p/>
            <p> 
               <em class="b">No.</em> 
               <em class="b">Yds.</em> 
               <em class="b">Avg.</em> 
               <em class="b">Lg</em> 
               <em class="b">TD</em> 
            </p>
            <p>Jac. Jones 38 1167 30.7 108t 2 </p>
            <p>D. Thompson 15 389 25.9 49 0 </p>
            <p>Anth. Allen 3 56 18.7 20 0 </p>
            <p>G. Gradkowski 1 12 12.0 12 0 </p>
            <p>C. Graham 1 7 7.0 7 0 </p>
            <p>Pitta 1 0 0.0 0 0 </p>
            <p>La. Williams 1 5 5.0 5 0 </p>
            <p>TEAM 60 1636 27.3 108t 2 </p>
            <p>OPPONENTS 37 859 23.2 42 0 </p>
            <p/>
            <p>
               <em class="b">FUMBLES/RECOVERIES</em>
            </p>
            <p/>
            <p>  
               <em class="b">Off.</em> 
               <em class="b">Def.</em> 
            </p>
            <p> 
               <em class="b">Fum.</em> 
               <em class="b">Rec.</em> 
               <em class="b">Rec.</em> 
            </p>
            <p>Ayanbadejo 0 0 1 </p>
            <p>Birk 0 1 0 </p>
            <p>Boldin 0 1 0 </p>
            <p>O. Brown 0 1 0 </p>
            <p>Flacco 9 1 0 </p>
            <p>G. Gradkowski 1 0 0 </p>
            <p>Jac. Jones 2 2 0 </p>
            <p>Kruger 0 0 1 </p>
            <p>Ra. Lewis 0 0 1 </p>
            <p>J. McClain 0 0 1 </p>
            <p>McClellan 0 0 2 </p>
            <p>Oher 0 1 0 </p>
            <p>Pierce 0 1 0 </p>
            <p>E. Reed 0 0 3 </p>
            <p>R. Rice 1 0 0 </p>
            <p>D. Thompson 1 0 0 </p>
            <p>Upshaw 0 0 2 </p>
            <p>L. Webb 0 0 1 </p>
            <p>TEAM 14 8 12 </p>
            <p>OPPONENTS 23 8 5 </p>
            <p/>
            <p>
               <em class="b">SCORE BY QUARTERS</em>
            </p>
            <p/>
            <p> 
               <em class="b">1</em> 
               <em class="b">2</em> 
               <em class="b">3</em> 
               <em class="b">4</em> 
               <em class="b">OT</em> 
               <em class="b">Tot.</em> 
            </p>
            <p>TEAM 88 108 98 101 3 398 </p>
            <p>OPP. 70 103 86 82 3 344 </p>
            <p/>
            <p>
               <em class="b">SCORING</em>
            </p>
            <p/>
            <p> 
               <em class="b">TD</em> 
               <em class="b">TD</em> 
               <em class="b">TD</em> 
               <em class="b">TD</em>    
            </p>
            <p> 
               <em class="b">Tot.</em> 
               <em class="b">Ru.</em> 
               <em class="b">Rc.</em> 
               <em class="b">Rt.</em> 
               <em class="b">PAT</em> 
               <em class="b">FG</em> 
               <em class="b">Pts.</em> 
            </p>
            <p>Tucker 0 0 0 0 42 30 132 </p>
            <p>R. Rice 10 9 1 0 0 0 60 </p>
            <p>To. Smith 8 0 8 0 0 0 48 </p>
            <p>Pitta 7 0 7 0 0 0 42 </p>
            <p>Boldin 4 0 4 0 0 0 26 </p>
            <p>Jac. Jones 4 0 1 3 0 0 24 </p>
            <p>Flacco 3 3 0 0 0 0 18 </p>
            <p>Anth. Allen 1 1 0 0 0 0 6 </p>
            <p>Doss 1 0 1 0 0 0 6 </p>
            <p>Koch 1 1 0 0 0 0 6 </p>
            <p>V. Leach 1 1 0 0 0 0 6 </p>
            <p>Pierce 1 1 0 0 0 0 6 </p>
            <p>E. Reed 1 0 0 1 0 0 6 </p>
            <p>T. Taylor 1 1 0 0 0 0 6 </p>
            <p>Ca. Williams 1 0 0 1 0 0 6 </p>
            <p>TEAM 44 17 22 5 42 30 398 </p>
            <p>OPP. 33 15 15 3 31 37 344 </p>
            <p/>
            <p>
               <em class="b">FIELD GOALS</em>
            </p>
            <p/>
            <p> 
               <em class="b">1-19</em> 
               <em class="b">20-29</em> 
               <em class="b">30-39</em> 
               <em class="b">40-49</em> 
               <em class="b">50+</em> 
            </p>
            <p>Tucker 0/0 8/8 8/8 10/13 4/4 </p>
            <p>TEAM 0/0 8/8 8/8 10/13 4/4 </p>
            <p>OPP. 1/1 7/7 14/14 12/13 3/4 </p>
            <p/>
         </block>
      </body.content>
   </body>
</nitf>