<?xml version="1.0" encoding="utf-8"?>
<nitf xmlns:xs="http://www.w3.org/2001/XMLSchema" version="//IPTC/DTD NITF 3.2/EN">
   <head>
      <story.date>02-01-2013</story.date>
      <pubdata name="Globe" position.section="Business" position.subsection=" "
               position.sequence=",,51"
               type="print"
               date.publication="20130201000000-05:00"
               ex-ref="http://www.bostonglobe.com/business/2013/02/01/for-admakers-super-bowl-high-stakes-game/2Gf29oeKlBI4FZoPTm3KyO/story.html"/>
      <title>01superbowlads</title>
      <docdata>
         <doc.id>a1b57ccc-6962-11e2-b0fe-25b534362601</doc.id>
         <doc.copyright holder="The Boston Globe"/>
         <doc.rights owner="The Boston Globe"/>
         <date.issue norm="20130201030553-05:00">2013-02-01T03:05:53</date.issue>
         <identified-content>
            <classifier type="tom">News</classifier>
            <classifier type="taxonomy">Business/Other</classifier>
            <classifier type="contentdesk">Business</classifier>
            <classifier type="subdesk"/>
            <location class="primary">Boston, Massachusetts</location>
            <location class="latitudelongitude">(42.3584308,-71.0597732)</location>
         </identified-content>
      </docdata>
   </head>
   <body>
      <body.head>
         <hedline>
            <hl1>A better air game</hl1>
            <hl2 hl2class="subhead">Super Bowls ad spots cost $3.8m for 30 seconds and rival the game itself, ratcheting up pressure on agencies to make clients happy &#8212; and keep their jobs, hopefully</hl2>
            <hl2 hl2class="overline"/>
            <hl2 hl2class="label"/>
         </hedline>
         <byline>
            <person>By Callum Borchers</person>
            <byttl>Globe Staff</byttl>
         </byline>
         <abstract>In the high-stakes world of Super Bowl admaking, clients spend millions and expect miracles, viewers demand entertainment that rivals the big game itself, and the slightest miscalculation can get you fired. This year, the pressure is as high as ever. A 30-second spot on CBS&#8217;s broadcast of Super Bowl XLVII costs a record $3.8 million, and the verdict on every ad will be rendered almost instantaneously via social media. </abstract>
      </body.head>
      <body.content>
         <block class="txt">
            <media mediaid="1">
               <media-reference>689f5d62-6bed-11e2-baa1-9e8515cd26f3.pdf</media-reference>
               <media-caption/>
               <media-producer/>
               <media-metadata name="pageNumber" value=""/>
            </media>
            <p>John Kearse thought he&#8217;d made a hit. It was January 2003 and Kearse, then a copy writer at Boston advertising agency Arnold Worldwide, had helped design Monster.com&#8217;s ad spot for the upcoming Super Bowl.</p>
            <p>In <em class="b">the </em>humorous commercial, an unmanned 18-wheeler tore through a corn field and blew up a gas station while an unemployed truck driver sat in a diner. &#8220;Somewhere a trucking company needs a driver,&#8217;&#8217; a narrator said. &#8220;Somewhere a driver needs a job. That&#8217;s where we come in.&#8217;&#8217;</p>
            <p>&#8220;It was fun,&#8217;&#8217; recalled Kearse, now Arnold&#8217;s creative director. &#8220;But ultimately that ended up helping us lose the account.&#8217;&#8217;</p>
            <p>In an unexpected turn, Monster, which had paid more than $2 million for 30 seconds of air time, came under fire from trucking unions that accused the company of stoking fears about tractor-trailer highway safety. Kearse and his team at Arnold, the brains behind three straight Super Bowl ads for the online recruiting service, were summarily dumped by Monster.</p>
            <p>Welcome to the high-stakes world of Super Bowl ad making, where clients spend millions and expect miracles, viewers demand entertainment that rivals the big game itself, and the slightest miscalculation can get you fired.</p>
            <p>&#8220;There&#8217;s a tremendous amount of pressure to make the client happy, and it feels like your job is riding on it,&#8217;&#8217; said Lance Jensen, chief creative officer at Boston marketing firm Hill Holliday. &#8220;They kind of look you in the eye, like &#8216;Don&#8217;t mess this up.&#8217; &#8217;&#8217;</p>
            <p>This year, the pressure is as high as ever. A 30-second spot on CBS's broadcast of Super Bowl XLVII costs a record $3.8 million &#8212; by far television&#8217;s most expensive half-minute &#8212; and the verdict on every ad will be rendered almost instantaneously via social media.</p>
            <p>For advertisers, the Super Bowl is an opportunity to reach the biggest television audience of the year &#8212; one that actually wants to watch ads. Last year&#8217;s game between the New England Patriots and New York Giants was seen by 111 million people, according to Nielsen Media Research.</p>
            <p>Super Bowl commercials have become such a pop culture sensation that half of all game viewers will rewatch ads online, and 40 percent will share their favorites with friends on social networks, according to a survey by Venables Bell &amp; Partners, an ad agency in San Francisco that is making a spot for Audi this year.</p>
            <p>The lineup of advertisers for this year&#8217;s Super Bowl includes mostly familiar corporate names, such as Anheuser-Busch, Coca-Cola, Disney, and Volkswagen, whose commercial already is available online and drawing some charges of racism. The ad stars a white man from Minnesota speaking with a Jamaican accent, trying to cheer up his somber office colleagues.</p>
            <p>For now, Los Angeles marketing agency Deutsch LA, which made the spot, appears to be safe from the ax that fell on Arnold after the runaway truck ad 10 years ago. Jamaica&#8217;s minister of tourism has declared the spot inoffensive, and Volkswagen is standing by the commercial, saying it has no plan to pull it.</p>
            <p>Then again, Kearse noted that Monster listened to some pregame grumbling from trucking groups that had heard about the Arnold ad, aired it anyway, then dropped the agency when the outcry grew louder after the Super Bowl.</p>
            <p>A few lesser-known companies are using the Super Bowl stage to raise their profiles. Newcomers include MiO liquid water flavoring and Soda&#173;Stream, maker of a homemade soft drink system, which already has made headlines because CBS rejected its original ad knocking Pepsi and Coke.</p>
            <p>Opportunities to make Super Bowl commercials are rare. Boston&#8217;s ad agencies, like the hometown Patriots, won&#8217;t be part of this Super Sunday, but they have conceived some of the most memorable commercials of the last 15 years.</p>
            <p>Hill Holliday made two classic Super Bowl ads for Budweiser in 2002 and 2003. The first depicted the beer maker&#8217;s iconic Clydesdale horses bowing to the New York City skyline in a tribute to victims of the Sept. 11, 2001, terrorist attacks. The second featured the Clydesdales in a football game, with a zebra reviewing a close call in a replay booth.</p>
            <p>Another Monster.com ad, from Mullen, consistently makes the list when critics rank the best Super Bowl commercials of all time. &#8220;When I Grow Up,&#8217;&#8217; for the Super Bowl in 1999, featured children sharing uninspiring career goals.</p>
            <p>&#8220;When I grow up, I want to file all day,&#8217;&#8217; a boy began. Another added, &#8220;I want to claw my way up to middle management,&#8217;&#8217; and a third said, &#8220;I want to be a yes man.&#8217;&#8217; At the end, onscreen text asked viewers, &#8220;What did you want to be?&#8217;&#8217;</p>
            <p>The ad touched a nerve in every adult with a dream deferred, said Bruce Gold, Mullen&#8217;s senior vice president and group account director.</p>
            <p>&#8220;It wasn&#8217;t about the number of listings on the site or how easy it is to use,&#8217;&#8217; said Gold, part of the creative team that designed the spot. &#8220;It was more emotional. &#8216;What did you want to be?&#8217; You still have the opportunity, through Monster.&#8217;&#8217;</p>
            <p>Making the commercial was the advertising equivalent of running a two-minute drill in football. Super Bowl ads are often developed over many months, but Gold recalled that Monster.com, still a fledgling company at the time, asked Mullen to pitch ad ideas in November 1998, just two months before the big game.</p>
            <p>Monster had dropped about $1.6 million on a 30-second spot before hearing pitches and expected to be wowed by a proposal that would launch the job site to national prominence.</p>
            <p>&#8220;There was tremendous pressure because of the money at risk,&#8217;&#8217; Gold said. &#8220;It was sort of their introduction to the public, and it was basically their entire ad budget.&#8217;&#8217;</p>
            <p>Monster executives picked &#8220;When I Grow Up&#8217;&#8217; from what Gold described as a &#8220;wide variety of ads.&#8217;&#8217; Only weeks before kickoff, a film crew traveled to New York, Louisiana, and Minnesota to shoot the commercial.</p>
            <p>The ad-making process was less hurried but no less challenging for Jensen when General Motors tapped Modernista, the now-defunct Boston ad agency Jensen cofounded before joining Hill Holliday, to create a minute-long Hummer ad for the Super Bowl in 2006. Jensen&#8217;s team conducted extensive market research and came to a discouraging conclusion: A lot of consumers did not like Hummer.</p>
            <p>&#8220;Hummer was very polarizing because of the growing focus on gas mileage,&#8217;&#8217; Jensen said. &#8220;We realized we were facing an uphill battle, so we had to try hard to be very disarming and charming.&#8217;&#8217;</p>
            <p>Modernista drew laughs with a lighthearted spot in which a Godzilla-like creature fell in love with a giant robot and gave birth to an H3.</p>
            <p>When the Super Bowl is over, ad makers will turn their attention to the Feb. 24 Academy Awards, an event some in the industry call the &#8220;female Super Bowl,&#8217;&#8217; Kearse said. But even with a hefty price tag of $1.7 million for a 30-second spot, ads during the Oscars still cost less than half of what they do during the Super Bowl, and the spotlight is much smaller.</p>
            <p>There are other major advertising events, like the Final Four and the Olympics, but &#8220;nothing is like the Super Bowl,&#8217;&#8217; Kearse said. &#8220;Nobody&#8217;s tuning in to watch the ads during the Olympics.&#8217;&#8217;</p>
            <p>
               <em class="i">Callum Borchers can be reached at callum.borchers@globe.com. Follow him on Twitter &#173;@callumborchers.</em>
            </p>
         </block>
      </body.content>
   </body>
</nitf>