<?xml version="1.0" encoding="utf-8"?>
<nitf xmlns:xs="http://www.w3.org/2001/XMLSchema" version="//IPTC/DTD NITF 3.2/EN">
   <head>
      <story.date>02-01-2013</story.date>
      <pubdata name="Globe" position.section="Editorial Opinion" position.subsection="Letters"
               position.sequence="A,14,103"
               type="print"
               date.publication="20130201000000-05:00"
               ex-ref="http://www.bostonglobe.com/opinion/letters/2013/02/01/maybe-time-for-background-checks-gun-owners/Cm6RruhwmV1g7VFUo9tmiM/story.html"/>
      <title>gunchecks2</title>
      <docdata>
         <doc.id>b2d935cc-699c-11e2-bf18-4fb9427cef87</doc.id>
         <doc.copyright holder=" "/>
         <doc.rights owner=" "/>
         <date.issue norm="20130131182358-05:00">2013-01-31T18:23:58</date.issue>
         <identified-content>
            <classifier type="tom">News</classifier>
            <classifier type="contentdesk">EditorialOpinion</classifier>
            <classifier type="subdesk">Letters</classifier>
            <location class="primary">Boston, MA</location>
            <location class="latitudelongitude">(42.3584308,-71.0597732)</location>
         </identified-content>
      </docdata>
   </head>
   <body>
      <body.head>
         <hedline>
            <hl1>Maybe it&#8217;s time for background checks on gun owners</hl1>
            <hl2 hl2class="subhead"/>
            <hl2 hl2class="overline"/>
            <hl2 hl2class="label"/>
         </hedline>
         <byline>
            <person/>
            <byttl/>
         </byline>
         <abstract>Marcia Kaufman writes: I don&#8217;t like the implications of stigmatizing mental health patients, although I realize that the recent atrocities were committed by mentally defective people. We need to think carefully about how to make and keep records of ANY population that we think could or might commit gun violence. The first group on MY list would be gun owners.</abstract>
      </body.head>
      <body.content>
         <block class="txt">
            <p>RE &#8220;A Mass. hedge in FBI gun checks: State law prevents sharing of records on mental health&#8217;&#8217; (Page A1, Jan. 28): It seems as if many of us are suddenly convinced that ONLY the mentally ill are committing all the gun violence in the country. I don&#8217;t like the implications of stigmatizing mental health patients, though I realize that recent atrocities were committed by mentally defective people. </p>
            <p>We need to think carefully about how to make and keep records of ANY population that we think could or might commit gun violence. The first group on MY list would be gun owners. Monitoring of this group should be uppermost in the minds of law enforcement and thorough enough to be both a warning and a reminder that they are being monitored. </p>
            <p>I actually would like to see most of the weaponry outlawed, and the Second Amendment gone, but that is probably wishful thinking.</p>
            <p>Marcia Kaufman</p>
            <p>Natick</p>
         </block>
      </body.content>
   </body>
</nitf>