<?xml version="1.0" encoding="utf-8"?>
<nitf xmlns:xs="http://www.w3.org/2001/XMLSchema" version="//IPTC/DTD NITF 3.2/EN">
   <head>
      <story.date>02-01-2013</story.date>
      <pubdata name="Globe" position.section="Business" position.subsection=" "
               position.sequence=",,73"
               type="print"
               date.publication="20130201000000-05:00"
               ex-ref="http://www.bostonglobe.com/business/2013/02/01/airline-says-grounding-dreamliners-will-hurt-earnings/CEr6PGptD9wWkdBxDbV6RJ/story.html"/>
      <title>01boeing</title>
      <docdata>
         <doc.id>3d24b10e-6bee-11e2-baa1-9e8515cd26f3</doc.id>
         <doc.copyright holder="New York Times"/>
         <doc.rights owner="New York Times"/>
         <date.issue norm="20130201000536-05:00">2013-02-01T00:05:36</date.issue>
         <identified-content>
            <classifier type="tom">News</classifier>
            <classifier type="taxonomy">Business/Other;Travel/Asia</classifier>
            <classifier type="contentdesk">Business</classifier>
            <classifier type="subdesk"/>
            <location class="primary">Tokyo, Tokyo</location>
            <location class="latitudelongitude">(35.6894875,139.6917064)</location>
         </identified-content>
      </docdata>
   </head>
   <body>
      <body.head>
         <hedline>
            <hl1>787 woes have cost largest operator $15.4m</hl1>
            <hl2 hl2class="subhead"/>
            <hl2 hl2class="overline"/>
            <hl2 hl2class="label"/>
         </hedline>
         <byline>
            <person>By Hiroko Tabuchi</person>
            <byttl>New York Times</byttl>
         </byline>
         <abstract>All Nippon Airways, an enthusiastic Boeing customer now reeling from battery problems on its Dreamliner jets, said Thursday that the grounding of its 787 fleet hurt sales by about $15.4 million in January, casting a shadow on the airline&#8217;s future earnings.</abstract>
      </body.head>
      <body.content>
         <block class="txt">
            <media mediaid="1">
               <media-reference>2a0d71f8-6c09-11e2-baa1-9e8515cd26f3.jpg</media-reference>
               <media-caption>All Nippon Airways, with a fleet of 17 Dreamliners, is the world&#8217;s largest operator of Boeing&#8217;s troubled 787.</media-caption>
               <media-producer>Shizuo Kambayashi /Associated Press</media-producer>
               <media-metadata name="pageNumber" value=""/>
               <media-metadata name="wShape" value="530.4"/>
               <media-metadata name="hShape" value="273"/>
            </media>
            <p>TOKYO &#8212; All Nippon Airways, an enthusiastic Boeing customer now reeling from battery problems on its Dreamliner jets, said Thursday that the grounding of its 787 fleet hurt sales by about $15.4 million in January, casting a shadow on the airline&#8217;s future earnings.</p>
            <p>With a fleet of 17 Dreamliners, delivered in late 2011 before any other airline, All Nippon is the world&#8217;s largest operator of Boeing&#8217;s new jet. But that fleet remains grounded as US and Japanese investigators try to determine why a battery burst into flames and another spewed smoke in early January on 787s operated by All Nippon and Japan Airlines.</p>
            <p>All Nippon has scrambled to use replacement aircraft to operate its routes. But the airline has been forced to cancel about 450 domestic and international flights, affecting almost 60,000 customers. The airline has said it expects disruptions to continue and is unsure when they will end.</p>
            <p>The airline said Thursday that the 787 grounding had caused an estimated $15.4 million in lost revenue so far, a disappointing reversal after the airline trumpeted the big savings brought about by the fuel-efficient jets. For now, All Nippon kept its profit forecast for the year through March unchanged at about $44 million, although it remains unclear how big an effect the Dreamliner woes will have on the airline&#8217;s future earnings and strategy.</p>
            <p>Seven operators grounded their 787 fleets on Jan. 16 after regulators around the world followed those in the United States and Japan in ordering the suspension of all flights until the battery problems could be resolved. Earlier that day, a 787 operated by All Nippon made an emergency landing in western Japan after pilots noticed a battery error signal and a strange smell in the cabin.</p>
            <p>Ten days earlier, a similar battery burst into flames aboard a parked 787 operated by Japan Airlines at Boston&#8217;s Logan International Airport. The lithium-ion batteries have been recovered from both planes and are now being scrutinized byinvestigators.</p>
            <p>All Nippon has since said that it replaced batteries and chargers in its Dreamliners 10 times before the emergency landing, and Japan Airlines said it had done so several times. US investigators are now asking for more data on the devices&#8217; performance.</p>
            <p>All Nippon has not asked Boeing for compensation linked to the grounded 787s but will discuss the issue once the total financial effect is more clear, said the executive vice president, Kiyoshi Tonomoto, according to Reuters.</p>
            <p>Japan Airlines, which owns seven of the Dreamliners, is scheduled to report its earnings next week.</p>
         </block>
      </body.content>
   </body>
</nitf>