<?xml version="1.0" encoding="utf-8"?>
<nitf xmlns:xs="http://www.w3.org/2001/XMLSchema" version="//IPTC/DTD NITF 3.2/EN">
   <head>
      <story.date>02-01-2013</story.date>
      <pubdata name="Globe" position.section="Business" position.subsection=" "
               position.sequence="B,8,999"
               type="print"
               date.publication="20130201000000-05:00"
               ex-ref=""/>
      <title>label-1591-1597-1655</title>
      <docdata>
         <doc.id>6d13373e-6be2-11e2-b0fe-25b534362601</doc.id>
         <doc.copyright holder=" "/>
         <doc.rights owner=" "/>
         <date.issue norm="20130131184859-05:00">2013-01-31T18:48:59</date.issue>
         <identified-content>
            <classifier type="tom">News</classifier>
            <classifier type="contentdesk">Business</classifier>
            <classifier type="subdesk"/>
         </identified-content>
      </docdata>
   </head>
   <body>
      <body.head>
         <hedline>
            <hl1>snapshot</hl1>
            <hl2 hl2class="subhead"/>
            <hl2 hl2class="overline"/>
            <hl2 hl2class="label"/>
         </hedline>
         <byline>
            <person/>
            <byttl/>
         </byline>
         <abstract/>
      </body.head>
      <body.content>
         <block class="txt">
            <p>Money&amp;Markets</p>
         </block>
      </body.content>
   </body>
</nitf>