<?xml version="1.0" encoding="utf-8"?>
<nitf xmlns:xs="http://www.w3.org/2001/XMLSchema" version="//IPTC/DTD NITF 3.2/EN">
   <head>
      <story.date>02-01-2013</story.date>
      <pubdata name="Globe" position.section="Sports" position.subsection=" "
               position.sequence="C,9,900"
               type="print"
               date.publication="20130201000000-05:00"
               ex-ref="http://www.bostonglobe.com/sports/2013/01/31/brighton-rallies-new-mission-nearly-empty-gym/A1SFRiE291YifjOEMe9veO/story.html"/>
      <title>01schrdp</title>
      <docdata>
         <doc.id>41202fc0-6c09-11e2-baa1-9e8515cd26f3</doc.id>
         <doc.copyright holder="For The Boston Globe"/>
         <doc.rights owner="For The Boston Globe"/>
         <date.issue norm="20130201065733-05:00">2013-02-01T06:57:33</date.issue>
         <identified-content>
            <classifier type="tom">News</classifier>
            <classifier type="taxonomy">Sports/High school/Basketball</classifier>
            <classifier type="contentdesk">Sports</classifier>
            <classifier type="subdesk"/>
            <location class="primary">Boston, MA</location>
            <location class="latitudelongitude">(42.3584308,-71.0597732)</location>
         </identified-content>
      </docdata>
   </head>
   <body>
      <body.head>
         <hedline>
            <hl1>Brighton fills it up in rematch</hl1>
            <hl2 hl2class="subhead"/>
            <hl2 hl2class="overline">school roundup</hl2>
            <hl2 hl2class="label"/>
         </hedline>
         <byline>
            <person>By Justin A. Rice</person>
            <byttl>Globe Correspondent</byttl>
         </byline>
         <abstract>In front of a mostly empty gymnasium after a fight-marred December meeting, Brighton staged a fierce rally to upend New Mission in boys&#8217; basketball.</abstract>
      </body.head>
      <body.content>
         <block class="txt">
            <p>The celebration following 13th-ranked Brighton&#8217;s come-from-behind victory against No. 10 New Mission on Thursday night was a little anticlimactic.</p>
            <p>After trailing by 20 points in the final quarter, junior shooting guard Mark Mojica hit two clutch 3-pointers in the final two minutes to give the Bengals a 57-52 road victory. The only problem, as far as bragging rights go, was that there were no students or parents from either side to witness the unlikely comeback.</p>
            <p>After a chippy first meeting on Dec. 20 at Brighton, school officials prohibited fans from attending the game. 

</p>
            <p>A fight between fans broke out at Tuesday night&#8217;s Charlestown-Brighton game, but Boston schools athletic director Ken Still said the decision to keep fans from Thursday night&#8217;s game was made well in advance.</p>
            <p>&#8220;There was a bit of a scuffle in the last game [between New Mission and Brighton], a couple hard fouls and I guess animosity between a couple of the players,&#8217;&#8217; Still said. &#8220;So the headmasters got their heads together and said it was best to keep the fans out of the game.&#8217;&#8217;</p>
            <p>Brighton (10-3) won the first meeting, 79-68, but the Bengals found themselves in an early hole Thursday night and trailed, 49-30, going into the final quarter. After cutting New Mission&#8217;s lead to 11 points with four minutes left, Mojica nailed a 3-pointer with 1:23 left to pull Brighton to within 52-48. </p>
            <p>With 31 seconds left, Mojica hit another 3-pointer to put the Bengals up, 53-52, before a flurry of steals helped Brighton hold on.</p>
            <p>Mojica finished with 10 points, and Daivon Edwards scored a team-high 13 points for Brighton. Juwan Gooding scored a game-high 21 for New Mission.</p>
            <p>&#8220;There were enough people in the gym, we got the JV guys, we got some of our people from our school, we got our own bench here,&#8217;&#8217; Brighton coach Hugh Coleman said. &#8220;So in terms of not having a huge fan base, I&#8217;ll be honest with you, I know it&#8217;s a factor a lot of times but I think when it really mattered there was enough noise and enough support that gave our guys the kind of confidence we needed at times.&#8217;&#8217;</p>
            <p>Girls&#8217; basketball</p>
            <p>
               <em class="b">Barnstable 73, Brockton 72 </em>&#8212; Sophomore Molly Bent scored the winning bucket with one second remaining in the second overtime. She finished with 36 points, 8 assists, 8 blocks, and 6 steals.</p>
            <p>
               <em class="b">Gann Academy 53, Brimmer &amp; May 35 </em>&#8212; The Red Heifers were led by Sabrina Fried&#8217;s 21 rebounds and 10 points.</p>
            <p>
               <em class="b">Charlestown 45, East Boston 40 </em>&#8212; The Townies (7-8) were paced by Sara Centeio, who had 24 points and eight steals.</p>
            <p>
               <em class="b">Duxbury 62, New Bedford 21 </em>&#8212; The Green Dragons got an 11-point, 11-rebound performance from sophomore guard Maddie Foote.</p>
            <p>Boys&#8217; hockey</p>
            <p>
               <em class="b">Shawsheen 1, Concord-Carlisle 0 </em>&#8212; Coming off an injury and making his season debut, senior Jay Rossetti scored the lone goal.</p>
            <p>Girls&#8217; hockey</p>
            <p>
               <em class="b">Fontbonne 1, Westwood 1 </em>&#8212; The 14th-ranked Ducks (8-5-2) got 27 saves from freshman Jessica Olivieri.</p>
            <p>Girls&#8217; gymnastics</p>
            <p>
               <em class="b">Newton South 145.950, Westford 138.450 </em>&#8212; The Lions set a school record for total points in their 10th win.</p>
         </block>
      </body.content>
   </body>
</nitf>