<?xml version="1.0" encoding="utf-8"?>
<nitf xmlns:xs="http://www.w3.org/2001/XMLSchema" version="//IPTC/DTD NITF 3.2/EN">
   <head>
      <story.date>02-01-2013</story.date>
      <pubdata name="Globe" position.section="Sports" position.subsection=" "
               position.sequence="C,7,999"
               type="print"
               date.publication="20130201000000-05:00"
               ex-ref=""/>
      <title>01balres</title>
      <docdata>
         <doc.id>15a06f16-6c06-11e2-b0fe-25b534362601</doc.id>
         <doc.copyright holder=" "/>
         <doc.rights owner=" "/>
         <date.issue norm="20130201005248-05:00">2013-02-01T00:52:48</date.issue>
         <identified-content>
            <classifier type="tom">News</classifier>
            <classifier type="contentdesk">Sports</classifier>
            <classifier type="subdesk"/>
            <location class="primary">Boston, MA</location>
            <location class="latitudelongitude">(42.339904,-71.0898892)</location>
         </identified-content>
      </docdata>
   </head>
   <body>
      <body.head>
         <hedline>
            <hl1>NFL team schedules for 2012 season</hl1>
            <hl2 hl2class="subhead"/>
            <hl2 hl2class="overline"/>
            <hl2 hl2class="label"/>
         </hedline>
         <byline>
            <person/>
            <byttl/>
         </byline>
         <abstract>This is sports agate content</abstract>
      </body.head>
      <body.content>
         <block class="txt">
            <p>BALTIMORE RESULTS (13-6)</p>
            <p>44Cincinnati13</p>
            <p>23at Philadelphia24</p>
            <p>31New England30</p>
            <p>23Cleveland16</p>
            <p>&#8199;9at Kansas City&#8199;6</p>
            <p>31Dallas29</p>
            <p>13at Houston43</p>
            <p>Bye week</p>
            <p>25at Cleveland15</p>
            <p>55Oakland20</p>
            <p>13at Pittsburgh10</p>
            <p>16at San Diego (OT)13</p>
            <p>20Pittsburgh23</p>
            <p>28at Washington (OT)31</p>
            <p>17Denver34</p>
            <p>33NY Giants14</p>
            <p>17at Cincinnati23</p>
            <p>
               <em class="b">Wild-card round</em>
            </p>
            <p>24Indianapolis&#8199;9</p>
            <p>
               <em class="b">Divisional round</em>
            </p>
            <p>38at Denver (2 OT)35</p>
            <p>
               <em class="b">Conference championship</em>
            </p>
            <p>28at New England13</p>
         </block>
      </body.content>
   </body>
</nitf>