<?xml version="1.0" encoding="utf-8"?>
<nitf xmlns:xs="http://www.w3.org/2001/XMLSchema" version="//IPTC/DTD NITF 3.2/EN">
   <head>
      <story.date>02-01-2013</story.date>
      <pubdata name="Globe" position.section="Sports" position.subsection=" "
               position.sequence="C,1,1"
               type="print"
               date.publication="20130201000000-05:00"
               ex-ref="http://www.bostonglobe.com/sports/2013/01/31/bruins-lose-sabres/6emuqocZDPams8qh1UynHM/story.html"/>
      <title>01bruins</title>
      <docdata>
         <doc.id>89ec8ba4-6bff-11e2-baa1-9e8515cd26f3</doc.id>
         <doc.copyright holder="The Boston Globe"/>
         <doc.rights owner="The Boston Globe"/>
         <date.issue norm="20130201073910-05:00">2013-02-01T07:39:10</date.issue>
         <identified-content>
            <classifier type="tom">News</classifier>
            <classifier type="taxonomy">Sports/Hockey/NHL/Bruins</classifier>
            <classifier type="contentdesk">Sports</classifier>
            <classifier type="subdesk"/>
            <location class="primary">Boston, MA</location>
            <location class="latitudelongitude">(42.3584308,-71.0597732)</location>
         </identified-content>
      </docdata>
   </head>
   <body>
      <body.head>
         <hedline>
            <hl1>Sabres score the KO, outmuscle the Bruins</hl1>
            <hl2 hl2class="subhead"/>
            <hl2 hl2class="overline"/>
            <hl2 hl2class="label"/>
         </hedline>
         <byline>
            <person>By Fluto Shinzawa</person>
            <byttl>Globe Staff</byttl>
         </byline>
         <abstract>Buffalo&#8217;s Thomas Vanek scores a hat trick as the Bruins lose their first regulation game of the season, 7-4.</abstract>
      </body.head>
      <body.content>
         <block class="txt">
            <p>Through six games, the Bruins had posted a 5-0-1 record. In the seventh, the Sabres proved the Bruins can bleed.</p>
            <p>On Thursday before 17,565 at TD Garden, the Sabres hung a 7-4 thumping on the Bruins to tag them with their first loss. Buffalo&#8217;s No. 1 line of Thomas Vanek, Cody Hodgson, and Jason Pominville combined for five goals and six assists to lead the offensive abuse of Tuukka Rask.</p>
            <p>The Bruins committed a series of uncharacteristic defensive miscues: puck watching, untimely pinches, missed coverages. They deserved what they got.</p>
            <p>The Bruins entered the night averaging only 2.0 goals against per game. They hadn&#8217;t allowed a third-period goal all season. The Sabres torched both those standards, scoring four in the third period.</p>
            <p>&#8220;Defensively, I don&#8217;t think I remember the last time we were this bad,&#8217;&#8217; said coach Claude Julien. &#8220;The breakdowns and the mistakes we made, when you give Vanek those kinds of opportunities, he&#8217;s going to make the most of it. I don&#8217;t think we were extremely good down on defense. That&#8217;s what cost us the game tonight.&#8217;&#8217;</p>
            <p>During the loss, a parade of Bruins retreated to the dressing room. Patrice Bergeron appeared to hurt his right arm after crashing into the boards. Dougie Hamilton took a Drew Stafford elbow in the face. Daniel Paille didn&#8217;t finish the game after eating a Tyler Myers high stick.</p>
            <p>The player the Bruins didn&#8217;t expect to see skate off was their toughest. Shawn Thornton, cuffed repeatedly by Buffalo tough guy John Scott almost three minutes in, never returned after serving his five-minute fighting major in the penalty box. The Bruins did not release an update on Thornton&#8217;s condition.</p>
            <p>&#8220;He&#8217;s been a great team guy here for the last six years,&#8217;&#8217; Milan Lucic said. &#8220;He takes a lot of pride in what he does in sticking up for himself and his teammates. He&#8217;s a great team guy. He&#8217;s an important person to this hockey club. 
</p>
            <p>&#8220;Knowing him, he&#8217;s a tough guy. He&#8217;ll try and get back as soon as he can.&#8217;&#8217;</p>
            <p>The 6-foot-8-inch, 270-pound Scott is one of the NHL&#8217;s scariest fighters. At 2:53 of the opening period, the first-year Sabre showed why. Thornton and Scott lined up for a faceoff. As soon as the puck dropped, the two dropped their mitts. </p>
            <p>Scott immediately grabbed a handful of Thornton&#8217;s jersey with his left hand. Scott used his reach to hold Thornton off, then pulled out his right hand to pound on the Bruins&#8217; enforcer. After taking a flurry of rights, Thornton fell to the ice. A wobbly Thornton needed help from linesman Michel Cormier to get to his skates. Thornton never paused at the bench before retreating to the dressing room.</p>
            <p>&#8220;This is part of the game,&#8217;&#8217; Julien said of the fight. &#8220;Scott did his job. That&#8217;s his job for them. Shawn did his job for us. Those things happen. You win some, you lose some. At the same time, I don&#8217;t think it deflated our team. We were in the lead 3-1 halfway through the second.&#8217;&#8217;</p>
            <p>After a scoreless first, the Bruins shook off the effects of Thornton&#8217;s injury in the second. Vanek gave the Sabres a 1-0 lead at 1:38. But the Bruins responded with three straight strikes. Rich Peverley roofed a shot over Ryan Miller at 5:12. Then Brad Marchand popped in a pair of goals.</p>
            <p>First, Marchand sprinted past Myers, then dangled around Jordan Leopold before tucking a backhander past Miller. On his second goal, some hard-hat offensive-zone digging by Tyler Seguin opened some room for Marchand. The left wing didn&#8217;t hesitate, burying a shot at 10:54. 
</p>
            <p>&#8220;With Tyler, we&#8217;ve talked about being more assertive,&#8217;&#8217; Julien said. &#8220;When he&#8217;s more assertive, he&#8217;s more sure of everything he&#8217;s going to do. It makes him that much of a better player. I thought he did a good job tonight, because he was one of the main reasons Brad scored on that.&#8217;&#8217;</p>
            <p>But the Sabres wiped out their two-goal deficit by pouring in six of the next seven pucks. The goals were the kind the Bruins don&#8217;t usually allow. Vanek scored his second at 16:46 of the second on a five-on-three power play. Later, the Bruins flooded the strong side of the defensive zone, which left Tyler Ennis unmarked at the far post. Ennis buried his chance at 18:19, tying the game at 3.</p>
            <p>&#8220;We usually pride ourselves on our defense and being a hard team to play against,&#8217;&#8217; Peverley said. &#8220;They had a lot of chances tonight from in close. You can&#8217;t fault Tuukka for any of the goals. We&#8217;ll have to regroup here and look to really play a better defensive game against Toronto [on Saturday].&#8217;&#8217;</p>
            <p>In the third, Dave Krejci put the Bruins back on top at 1:45, but the rest was Buffalo.</p>
            <p>Vanek and Hodgson pulled away for a two-on-one rush after Johnny Boychuk was caught up ice. Hodgson tapped in a short-range shot for the winner  at 6:54. Late in the third, Vanek and Hodgson executed a two-on-zero breakaway. Rask (25 saves) didn&#8217;t have any chance at stopping Vanek&#8217;s doorstep goal, his third of the game.</p>
            <p>&#8220;Half of our game was good,&#8217;&#8217; Julien said. &#8220;We had lots of scoring chances. We had lots of shots. When you score four goals with our team, that&#8217;s usually enough. I don&#8217;t remember the last time we had seven goals scored against us. It&#8217;s very uncharacteristic of our hockey club. That&#8217;s why we lost the game tonight.&#8217;&#8217;</p>
            <p>
               <em class="i">Fluto Shinzawa can be reached at fshinzawa@globe.com. Follow him on Twitter @GlobeFluto.</em>
            </p>
         </block>
      </body.content>
   </body>
</nitf>