<?xml version="1.0" encoding="utf-8"?>
<nitf xmlns:xs="http://www.w3.org/2001/XMLSchema" version="//IPTC/DTD NITF 3.2/EN">
   <head>
      <story.date>02-01-2013</story.date>
      <pubdata name="Globe" position.section="News" position.subsection="National"
               position.sequence="A,1,3"
               type="print"
               date.publication="20130201000000-05:00"
               ex-ref="http://www.bostonglobe.com/news/nation/2013/02/01/john-kerry-now-known-secretary-reflects-his-political-journey/Q73YnFOiYAW4qrBl9cAIyO/story.html"/>
      <title>01kerry</title>
      <docdata>
         <doc.id>24567afc-6bc8-11e2-a242-50e79c56738a</doc.id>
         <doc.copyright holder="The Boston Globe"/>
         <doc.rights owner="The Boston Globe"/>
         <date.issue norm="20130201041615-05:00">2013-02-01T04:16:15</date.issue>
         <identified-content>
            <classifier type="tom">News</classifier>
            <classifier type="taxonomy">News/US;News/US/Massachusetts;News/US/Politics/US Senate</classifier>
            <classifier type="contentdesk">National</classifier>
            <classifier type="subdesk"/>
            <location class="primary">Boston, MA</location>
            <location class="latitudelongitude">(42.3584308,-71.0597732)</location>
         </identified-content>
      </docdata>
   </head>
   <body>
      <body.head>
         <hedline>
            <hl1>Globally bound, Kerry first retraces, recalls roots</hl1>
            <hl2 hl2class="subhead">Secretary-designate talks of how Mass. forged his character</hl2>
            <hl2 hl2class="overline"/>
            <hl2 hl2class="label"/>
         </hedline>
         <byline>
            <person>By Matt Viser</person>
            <byttl>Globe Staff</byttl>
         </byline>
         <abstract>The past few days have been a whirlwind for Kerry. On Tuesday, he was confirmed by the Senate to be the next Secretary of State. On Wednesday, he said farewell to the Senate chamber, giving a 50-minute speech. And on Thursday, he embarked on a farewell tour of sorts of Massachusetts. He started in Springfield, then Worcester. By mid-afternoon he was inside the Middlesex County District Attorneys office in Woburn, where he began working as a prosecutor in 1976 just out of law school.</abstract>
      </body.head>
      <body.content>
         <block class="txt">
            <media mediaid="1">
               <media-reference>6d7440e4-6bf9-11e2-822d-5680187169b0.jpg</media-reference>
               <media-caption>&#8220;Over the years I learned this really is just all about people,&#8217;&#8217; a reflective Senator John Kerry said Thursday.John Kerry, a former assistant district attorney in Middlesex County, checked out his old desk at the office in Woburn. The senator met with officials and supporters there.</media-caption>
               <media-producer>Dina Rudick/Globe StaffSuzanne Kreiter/Globe Staff</media-producer>
               <media-metadata name="pageNumber" value=""/>
            </media>
            <p>He has already become known as &#8220;Mr. Secretary,&#8217;&#8217; with a diplomatic security team and a motorcade that shuts down highways. But John Forbes Kerry was officially still a United States senator Thursday, on a nostalgia tour through the state he represented in Washington for the better part of three decades.</p>
            <p>Here was his old desk at the Middlesex district attorney&#8217;s office. Here were his old friends in Springfield. Here was a gathering of 200 Democratic luminaries and supporters at Faneuil Hall. And here he was in his Boston Senate office, reclining in an armchair for one last interview with the Globe as a senator, reflecting on his political journey, his determined comeback from the depths of his 2004 presidential defeat, and what he considers the sorry state of modern American politics.</p>
            <p>A lawmaker who was never particularly known for his skills as a retail politician was suddenly waxing about all the average Joes he has met across Massachusetts. The newly confirmed secretary of state, whose sights were frequently focused overseas during his Senate career, talked fondly of walking the streets of Worcester.</p>
            <p>&#8220;Over the years I learned this really is just all about people,&#8217;&#8217; said Kerry, who is scheduled to be sworn in as the nation&#8217;s top diplomat on Friday. &#8220;You sort of gain an appreciation for the fight, if you will. Maybe it&#8217;s partly growing older. You reach a stage in your life where there&#8217;s a little less runway in front of you than there is in back of you. As a pilot, that&#8217;s not a good thing.&#8217;&#8217;</p>
            <p>Kerry grew most animated at the mention of Frank Biongorno, a Lawrence storekeeper whom Kerry met during his first run for Congress in 1972. Kerry would stop by the store from time to time to have dinner.</p>
            <p>&#8220;Bongi!&#8217;&#8217; Kerry said. &#8220;I do remember Bongi. Are you kidding? Oh. I used to visit Bongi all the time. There are loads of stories like that, of people who become a big part of your life.&#8217;&#8217;</p>
            <p>Kerry now has 60 days to clean out his Senate office. He will send to the National Archives some 1,000 boxes of documents accumulated since his election in 1985, some of which he may keep until his tenure at the state department is complete.</p>
            <p>In the interview, Kerry struggled to name any singular accomplishment he wanted to be remembered for, or any legacy issue. Instead, he rattled off a series of issues and achievements, from electronic health records to helping commuter rail in Worcester to supplying Internet service to the Berkshires. But he acknowledged his Senate career wouldn&#8217;t fit neatly into an ideological box.</p>
            <p>&#8220;I accomplished a lot,&#8217;&#8217; he said. &#8220;A lot more than people know.&#8217;&#8217;</p>
            <p>He said one of his biggest regrets was not being able to pass climate change legislation, something he worked on for the past several years.&#8220;Probably the finest piece of legislation I did didn&#8217;t get enacted into law yet,&#8217;&#8217; Kerry said.</p>
            <p>Kerry also lamented how impersonal politics has become, saying he longed for the days when he could drop by a Catholic church, where food was set out on paper tablecloths, the room was crowded, &#8220;and everybody had a time.&#8217;&#8217;</p>
            <p>&#8220;Politics is very, very, very different. Sadly different, badly different. Different for the worse,&#8217;&#8217; Kerry said.</p>
            <p>&#8220;Bob Cranes, and Billy Bulgers, and Frank Bellottis &#8212; there was a different attitude 15, 20 years ago,&#8217;&#8217; he added. &#8220;Now it&#8217;s much more impersonal, distant. There&#8217;s much more technology, social media, arms-length distant kind of communication. And I think it&#8217;s part of the reason we have trouble building consensus and finding solutions for things.&#8217;&#8217;</p>
            <p>When asked how he&#8217;s changed over his career, Kerry said, &#8220;I think I&#8217;ve become a much more effective and better public person. Much more.</p>
            <p>&#8220;I think I began with some pretty normal rough edges and assumed some baggage by myself in choices that I made,&#8217;&#8217; he said. Referring to his eagerness to end the Vietnam War, he suggested he may have been too aggressive.</p>
            <p>&#8220;Running for Congress when I was 27 years old was, &#8216;We gotta end the war.&#8217; I didn&#8217;t think clearly,&#8217;&#8217; Kerry said. &#8220;It was not thought out. It was really rather sloppy as I look back on it. But I&#8217;m happy with it. It was honest. It was how I felt.&#8217;&#8217;</p>
            <p>Kerry said that he considered it a vindication that he was named secretary of state, a sign that his hard work after the 2004 presidential loss had paid off.</p>
            <p>&#8220;To me, it was essential not to feel sorry for myself, lose myself in the moment,&#8217;&#8217; Kerry said. &#8220;I felt very blessed. I felt constantly very blessed. It doesn&#8217;t mean it didn&#8217;t hurt, but there&#8217;s a difference between &#8230; wallowing and saying, &#8216;Screw it, that&#8217;s what happened, let&#8217;s go. There&#8217;s another chapter.&#8217;&#8217;&#8217;</p>
            <p>Kerry said President Obama offered him the job of secretary of state a week before United Nations Ambassador Susan Rice withdrew her name from contention, an earlier timeline than has been previously reported.</p>
            <p>&#8220;He called me, actually a week before Susan got out of the thing,&#8217;&#8217; Kerry said. &#8220;He called me and said, &#8216;You&#8217;re my choice. I want you to do this.&#8217; He asked me to keep it quiet. I did. I sat on it.&#8217;&#8217;</p>
            <p>Kerry said that Secretary of State Hillary Clinton has been very helpful in the transition &#8212; and he hinted, without elaboration, that they collaborated while he served as the chairman of the Senate Committee on Foreign Relations.</p>
            <p>&#8220;We had a very good relationship,&#8217;&#8217; Kerry said. &#8220;We kept a lot of things secret that we talked about.&#8217;&#8217;
</p>
            <p>After being sworn in to his new post Friday, Kerry will follow tradition and begin work at the State Department at 9 a.m. on Monday.</p>
            <p>&#8220;There are certain things I intend to issue instructions on the minute I come in,&#8217;&#8217; Kerry said. &#8220;I won&#8217;t go into the details, but Benghazi, embassy security, issues regarding some of the analysis that I want to track with respect to Iran, with respect to Syria. Trouble spots.&#8217;&#8217;</p>
            <p>He said there would be a &#8220;major meeting on Syria in the next few days.&#8217;&#8217; </p>
            <p>He also said he would start traveling this month but he would not attempt to surpass the 112 countries that Clinton visited.</p>
            <p>&#8220;I&#8217;m not going to try,&#8217;&#8217; Kerry said. &#8220;I respect that, honestly. But that&#8217;s not my goal. I mean I will do what we need to do. But I have a sense of what I want to try to focus on.&#8217;&#8217;</p>
            <p>A high point of Kerry&#8217;s farewell tour was a visit to historic Faneuil Hall, where he declared his candidacy for president in 2003 and conceded the election the following year.</p>
            <p>He received a standing ovation as he entered the packed hall to the U2 song &#8220;Beautiful Day,&#8217;&#8217; greeting former staff members and current members of the state&#8217;s congressional delegation.</p>
            <p>Kerry hugged Governor Deval Patrick when he reached the stage, before launching into a 40-minute speech that touched on many of the themes in his farewell address to the Senate on Wednesday, including the need for Republicans and Democrats to find common ground.</p>
            <p>Earlier in the day, he visited the Middlesex County District Attorney&#8217;s office in Woburn, the same arm of government where he began working as a prosecutor in 1976 just out of law school.</p>
            <p>He was loose, cracking jokes. He spoke with anyone who had the time, posing for pictures, signing autographs, and engaging in the small talk he rarely seems to have time for.</p>
            <p>One man shook his hand and told him he was happy to have campaigned for Kerry, since he won&#8217;t be able to again.</p>
            <p>&#8220;You never know,&#8217;&#8217; Kerry joked.</p>
            <p>
               <em class="i">Globe staffer Travis Andersen contributed to this report.  Matt Viser can be reached at maviser@globe.com.</em>
            </p>
         </block>
      </body.content>
   </body>
</nitf>