<?xml version="1.0" encoding="utf-8"?>
<nitf xmlns:xs="http://www.w3.org/2001/XMLSchema" version="//IPTC/DTD NITF 3.2/EN">
   <head>
      <story.date>02-01-2013</story.date>
      <pubdata name="Globe" position.section="Living Arts" position.subsection=" "
               position.sequence="G,31,24"
               type="print"
               date.publication="20130201000000-05:00"
               ex-ref="http://www.bostonglobe.com/ae/tv/2013/01/31/daily-guide-movies-and-radio-highlights/cf8VyewLDwfrZKqq9difQL/story.html"/>
      <title>01updates</title>
      <docdata>
         <doc.id>9680ac0e-6a3f-11e2-a242-50e79c56738a</doc.id>
         <doc.copyright holder=" "/>
         <doc.rights owner=" "/>
         <date.issue norm="20130130211944-05:00">2013-01-30T21:19:44</date.issue>
         <identified-content>
            <classifier type="tom">News</classifier>
            <classifier type="taxonomy">AE/TV and radio</classifier>
            <classifier type="contentdesk">Arts</classifier>
            <classifier type="subdesk"/>
            <location class="primary">Boston, MA</location>
            <location class="latitudelongitude">(42.3548561,-71.0661193)</location>
         </identified-content>
      </docdata>
   </head>
   <body>
      <body.head>
         <hedline>
            <hl1>Daily guide</hl1>
            <hl2 hl2class="subhead"/>
            <hl2 hl2class="overline"/>
            <hl2 hl2class="label"/>
         </hedline>
         <byline>
            <person/>
            <byttl/>
         </byline>
         <abstract> Daily guide of TV movies and radio highlights </abstract>
      </body.head>
      <body.content>
         <block class="txt">
            <p>ON WGBH</p>
            <p>
               <em class="b">Greater Boston</em> 7 p.m. WGBH (Channel 2) Emily Rooney moderates a discussion of the week&#8217;s major issues.</p>
            <p>
               <em class="b">Basic Black </em>7:30 p.m. WGBH (Channel 2) Gun control and communities of color.</p>
            <p>ON CHRONICLE</p>
            <p>
               <em class="b">Problem Solvers </em>7:30 p.m. WCVB-TV (Channel 5) From a way to wash the dog without trashing your bathroom, to a baby store that comes to you.</p>
            <p>RADIO HIGHLIGHTS</p>
            <p>
               <em class="b">Boston Public Radio </em>noon WGBH-FM (89.7)</p>
            <p>
               <em class="b">Classical Music With Cathy Fuller </em>2 p.m. Classical New England (99.5) Drive Time Live features the Borromeo String Quartet.</p>
            <p>
               <em class="b">Radio Boston </em>3 p.m. WBUR-FM (90.9) </p>
            <p>
               <em class="b">NightSide With Dan Rea </em> 8 p.m. WBZ-AM (1030) Are you ever too old to have a roommate?</p>
            <p>
               <em class="b">Eric in the Evening </em>10 p.m. WGBH-FM (89.7) &#8220;Live From Scullers&#8217;&#8217;: Eric Jackson joins vocalist Roberta Gambarini.</p>
            <p>NEWS &amp; TALK SHOWS</p>
            <p>Morning</p>
            <p>
               <em class="b">CBS This Morning</em> at 7 a.m. on Chs. 4 and 12. Eli Manning; Neil Patrick Harris. 
</p>
            <p>
               <em class="b">Good Morning America</em> at  7 a.m. on Chs. 5, 6, and 9.</p>
            <p>
               <em class="b">Today</em> at 7 a.m. on Chs. 7 and 10; 10 a.m. on Ch. 7. Kevin Spacey and Robin Wright. 
</p>
            <p>
               <em class="b">Live! With Kelly and Michael</em> at 9 a.m. on Chs. 5 and 9;  10 a.m. on Ch. 10. Sarah Jessica Parker; Kate Mara.</p>
            <p>
               <em class="b">Rachael Ray</em> at 9 a.m. on  Ch. 4; 2 p.m. on Ch. 10.</p>
            <p>
               <em class="b">Steve Harvey</em> at 9 a.m. on  Ch. 64; 10 a.m. on Chs. 5 and 9. Steve&#8217;s book, &#8220;Act Like a Lady, Think Like a Man,&#8217;&#8217; is spotlighted.</p>
            <p>
               <em class="b">The Jeff Probst Show</em> at  10 a.m. on Ch. 38; 3 p.m. on Ch. 6. Rainn Wilson.</p>
            <p>
               <em class="b">The View</em> at 11 a.m. on Chs. 5, 6, and 9. Tim Hasselbeck (guest cohost).</p>
            <p>Afternoon</p>
            <p>
               <em class="b">The Doctors</em> at 2 p.m. on  Ch. 7; 4 p.m. on Ch. 64.</p>
            <p>
               <em class="b">The Talk</em> at 2 p.m. on Chs. 4 and 12. Train performs.</p>
            <p>
               <em class="b">Anderson Live</em> at 3 p.m. on Chs. 12 and 25. Lisa Rinna is the guest cohost.</p>
            <p>
               <em class="b">Dr. Phil</em> at 3 p.m. on Ch. 4;  5 p.m. on Ch. 64. Ronaiah Tuiasosopo.</p>
            <p>
               <em class="b">Katie</em> at 3 p.m. on Chs. 5 and 9; 4 p.m. on Ch. 6. Goldie Hawn and Deepak Chopra.</p>
            <p>
               <em class="b">The Dr. Oz Show</em> at 3 p.m. on Ch. 10; 5 p.m. on Ch. 25.</p>
            <p>
               <em class="b">The Ricki Lake Show</em> at 3 p.m. on Ch. 64; 4 p.m. on Ch. 25. Margaret Cho. 

</p>
            <p>
               <em class="b">The Ellen DeGeneres Show</em> at 4 p.m. on Chs. 5, 9, and 10. Chris Tucker.</p>
            <p>Evening</p>
            <p>
               <em class="b">Real Time With Bill Maher</em> at 10 p.m. and 11 p.m. on HBO; 2:40 a.m. on HBO2.</p>
            <p>
               <em class="b">Charlie Rose</em> at 11:30 p.m. on Chs. 2 and 11.</p>
            <p>
               <em class="b">The Tonight Show With Jay Leno</em> at 11:34 p.m. on Chs. 7 and 10. Wanda Sykes. Branford Marsalis performs.</p>
            <p>
               <em class="b">Jimmy Kimmel Live</em> at 11:35 p.m. on Chs. 5, 6, and 9. 
</p>
            <p>
               <em class="b">Late Show With David Letterman</em> at 11:35 p.m. on Chs. 4 and 12. Kevin Spacey. Emeli Sande performs.</p>
            <p>
               <em class="b">Tavis Smiley</em> at midnight on Ch. 44; 1 a.m. on Chs. 2 and 11. Filmmaker Malik Bendjelloul.</p>
            <p>
               <em class="b">Late Night With Jimmy Fallon</em> at 12:37 a.m. on Chs. 7 and 10. Jason Bateman; Zosia Mamet. Andrea Bocelli performs.</p>
            <p>
               <em class="b">Nightline</em> at 12:37 a.m. on  Chs. 5, 6, and 9.</p>
            <p>
               <em class="b">The Late Late Show With Craig Ferguson</em> at 12:37 a.m. on Chs. 4 and 12. Joe Theismann; Ariel Tweto.</p>
            <p>
               <em class="b">Last Call With Carson Daly</em> at 1:36 a.m. on Chs. 7 and 10. RZA. Grimes performs.</p>
            <p>MOVIES</p>
            <p>
               <em class="b">The Adventures of Robin Hood</em> 6:15 p.m. (TCM) Classic with Errol Flynn as the bandit of Sherwood Forest. NR (1938)</p>
            <p>
               <em class="b">Kung Fu Panda</em> 7 p.m., 9 p.m. (FXM) Portly Po (voiced by Jack Black) dreams of kung fu fighting. PG (2008)</p>
            <p>
               <em class="b">Bad Boys</em> 8 p.m., 10 p.m. (BRAVO) Cops try to recover stolen drugs in this buddy comedy. Will Smith. R (1995)</p>
            <p>
               <em class="b">Crouching Tiger, Hidden Dragon</em> 8 p.m. (G4) Love story and gravity-defying action in the quest for an ancient Chinese sword. PG-13 (2000)</p>
            <p>
               <em class="b">Halloween</em> 8 p.m. (AMC) John Carpenter&#8217;s frightmare about a maniac&#8217;s killing spree. Donald Pleasence. R (1978)</p>
            <p>
               <em class="b">Mr. Holland&#8217;s Opus</em> 8 p.m. (FLIX) Richard Dreyfuss as a music teacher. PG (1995)</p>
            <p>
               <em class="b">Real Steel</em> 8 p.m. (TMC) Retired pugilist Charlie (Hugh Jackman) and his estranged son Max build and train a robot boxer. PG-13 (2011)</p>
            <p>
               <em class="b">Die Another Day</em> 9 p.m. (SHO) Madman with satellite-laser vs. 007. Pierce Brosnan, Halle Berry. PG-13 (2002)</p>
            <p>
               <em class="b">Walk the Line</em> 9 p.m. (OXY) Joaquin Phoenix and Reese Witherspoon as Johnny Cash and June Carter. PG-13 (2005)</p>
            <p>
               <em class="b">Catfish</em> 10 p.m. (MTV) A New York-based photographer travels to Michigan to meet a woman he&#8217;s been romancing online. PG-13 (2010)</p>
         </block>
      </body.content>
   </body>
</nitf>