<?xml version="1.0" encoding="utf-8"?>
<nitf xmlns:xs="http://www.w3.org/2001/XMLSchema" version="//IPTC/DTD NITF 3.2/EN">
   <head>
      <story.date>02-01-2013</story.date>
      <pubdata name="Globe" position.section="Sports" position.subsection=" "
               position.sequence="C,9,1300"
               type="print"
               date.publication="20130201000000-05:00"
               ex-ref="http://www.bostonglobe.com/sports/2013/01/31/man-center-hoax-says-was-love-with-manti/mWryVJmvMf1w9FVdYGfZvK/story.html"/>
      <title>01teo</title>
      <docdata>
         <doc.id>2f41cfb8-6bb7-11e2-a242-50e79c56738a</doc.id>
         <doc.copyright holder="Associated Press"/>
         <doc.rights owner="Associated Press"/>
         <date.issue norm="20130201010849-05:00">2013-02-01T01:08:49</date.issue>
         <identified-content>
            <classifier type="tom">News</classifier>
            <classifier type="contentdesk">Sports</classifier>
            <classifier type="subdesk"/>
            <location class="primary">Boston, MA</location>
            <location class="latitudelongitude">(42.339904,-71.0898892)</location>
         </identified-content>
      </docdata>
   </head>
   <body>
      <body.head>
         <hedline>
            <hl1> Tuiasosopo opens up</hl1>
            <hl2 hl2class="subhead">Te&#8217;o hoaxer says he was in love</hl2>
            <hl2 hl2class="overline"/>
            <hl2 hl2class="label"/>
         </hedline>
         <byline>
            <person>By Pat Eaton-Robb</person>
            <byttl>Associated Press</byttl>
         </byline>
         <abstract>Ronaiah Tuiasosopo said he created the hoax involving Te&#8217;o and a fake girlfriend because he was in love with the football player.</abstract>
      </body.head>
      <body.content>
         <block class="txt">
            <media mediaid="1">
               <media-reference>9b2efbb0-6c16-11e2-a242-50e79c56738a.jpg</media-reference>
               <media-caption>Dr. Phil McGraw interviews Ronaiah Tuiasosopo during a two-part interview that will conclude on CBS on Friday.</media-caption>
               <media-producer>associated press/cbs television</media-producer>
               <media-metadata name="pageNumber" value=""/>
               <media-metadata name="wShape" value="251.2"/>
               <media-metadata name="hShape" value="178.5"/>
            </media>
            <p>Ronaiah Tuiasosopo fell in love with Manti Te'o and said all his energy went into pretending to be the woman the Notre Dame linebacker came to know as Lennay Kekua.</p>
            <p>Tuiasosopo, the 22-year-old mastermind of the elaborate hoax that embarrassed Te'o and left him looking gullible, spoke publicly for the first time in an interview with Dr. Phil McGraw for the &#8216;&#8216;Dr. Phil Show,&#8217;&#8217; the first part of which aired Thursday.</p>
            <p>Tuiasosopo said Te'o knew nothing of the scam, and doesn&#8217;t believe he ever suspected Kekua was fake.</p>
            <p>&#8216;&#8216;He had no involvement,&#8217;&#8217; Tuiasosopo said. &#8216;&#8216;He did not know anything.&#8217;&#8217;</p>
            <p>Tuiasosopo said he built the online persona of Kekua, a nonexistent woman who Te'o said he fell in love with despite never meeting in person. Tuiasosopo then killed off the character last September.</p>
            <p>&#8216;&#8216;I pretty much had this escape of Lennay and this was where my heart had pretty much invested, not just time, but all of my energy went into this,&#8217;&#8217; Tuiasosopo said.</p>
            <p>He said he felt Kekua was a part of him, and grew feelings and emotions for Te'o that he could not control. He acknowledged that the hoax was cruel, but said it was never intended as a joke and that he got no financial gain from it.</p>
            <p>&#8216;&#8216;As twisted and confusing as it may be, yeah, I cared for this person,&#8217;&#8217; he said, referring to Te'o.</p>
            <p>Tuiasosopo said he felt Te'o became a better person as a result of the relationship.</p>
            <p>&#8216;&#8216;If you really look at all his interviews, he felt that,&#8217;&#8217; he said. &#8216;&#8216;When he was under the understanding that he lost her, he realized all the good that Lennay had done for him.&#8217;&#8217;</p>
            <p>Through a spokesman, the Te'o family declined comment.</p>
            <p>Tuisasosopo said he decided to confess to Te'o earlier this month as the hoax was unraveling because he felt he could not go any further with his own life until the truth was out.</p>
            <p>Tuiasosopo said he killed the Kekua character on the day Te'o learned his grandmother died, following an argument with the football star.</p>
            <p>Te'o had told Kekua he didn&#8217;t need her, Tuiasosopo said. &#8216;&#8216;It hurt me,&#8217;&#8217; he said. &#8216;&#8216;It hit me like a brick wall.&#8217;&#8217;</p>
            <p>Tuiasosopo originally created Kekua using photos he copied from a high school classmate&#8217;s profile.</p>
            <p>Tuiasosopo said he was the voice of Kekua but initially refused to recreate it when pressed by McGraw. He eventually agreed to do the voice behind a privacy screen, something McGraw promised to show during part two of the interview on Friday.</p>
         </block>
      </body.content>
   </body>
</nitf>