<?xml version="1.0" encoding="utf-8"?>
<nitf xmlns:xs="http://www.w3.org/2001/XMLSchema" version="//IPTC/DTD NITF 3.2/EN">
   <head>
      <story.date>02-01-2013</story.date>
      <pubdata name="Globe" position.section="Business" position.subsection=" "
               position.sequence="B,8,94"
               type="print"
               date.publication="20130201000000-05:00"
               ex-ref="http://www.bostonglobe.com/business/2013/02/01/irs-moves-simply-home-office-deduction/s95cXHHbR2g7TdPIN7BKgO/story.html"/>
      <title>01pfsingletary</title>
      <docdata>
         <doc.id>bc535fe2-6b4a-11e2-baa1-9e8515cd26f3</doc.id>
         <doc.copyright holder="Washington Post"/>
         <doc.rights owner="Washington Post"/>
         <date.issue norm="20130131184859-05:00">2013-01-31T18:48:59</date.issue>
         <identified-content>
            <classifier type="tom">News</classifier>
            <classifier type="taxonomy">Business/Taxes</classifier>
            <classifier type="contentdesk">Business</classifier>
            <classifier type="subdesk"/>
            <location class="primary">Washington, DC</location>
            <location class="latitudelongitude">(38.8951118,-77.0363658)</location>
         </identified-content>
      </docdata>
   </head>
   <body>
      <body.head>
         <hedline>
            <hl1>IRS seeks comment on simpler plan for home-office break</hl1>
            <hl2 hl2class="subhead"/>
            <hl2 hl2class="overline"/>
            <hl2 hl2class="label"/>
         </hedline>
         <byline>
            <person>By Michelle Singletary</person>
            <byttl>Washington Post</byttl>
         </byline>
         <abstract>If you&#8217;re working on your 2012 tax return, you probably aren&#8217;t in the mood to consider changes that await you next year. Nonetheless, the Internal Revenue Service wants to hear from you now about something it&#8217;s going to implement this year that could affect the return you file in 2014. </abstract>
      </body.head>
      <body.content>
         <block class="txt">
            <media mediaid="1">
               <media-reference>1ea0a3ca-7db3-11e1-a577-ff4d56de633d.jpg</media-reference>
               <media-caption>To claim a deduction, you must use your home office only for business &#8212; and nothing else.</media-caption>
               <media-producer>John Tlumacki /Globe Staff/File 2012</media-producer>
               <media-metadata name="pageNumber" value="8"/>
               <media-metadata name="wShape" value="215"/>
               <media-metadata name="hShape" value="157.5"/>
            </media>
            <p>If you&#8217;re working on your 2012 tax return, you probably aren&#8217;t in the mood to consider changes that await you next year.</p>
            <p>Nonetheless, the Internal Revenue Service wants to hear from you now about something it&#8217;s going to implement this year that could affect the return you file in 2014. </p>
            <p>Recently, the IRS unveiled a streamlined option for claiming a home-office deduction. Your suggestions could help improve the change for tax year 2014 and later, the IRS says. The deadline for comment is, yes, April 15.</p>
            <p>Nearly 3.4 million taxpayers claimed deductions for business use of a home in 2010, the most recent year for which data are available. But many people eligible for the deduction might not be doing so because it&#8217;s too complicated to work out, according to the National Association for the Self-Employed.</p>
            <p>Its study found that 42 percent of the organization&#8217;s members who qualify for the deduction don&#8217;t take it. </p>
            <p>&#8220;They don&#8217;t take the deduction because they fear if they take it and make a mistake, it will trigger an IRS audit,&#8217;&#8217; said Kristie Arslan, the group&#8217;s chief executive.</p>
            <p>Currently, if you qualify for the home-office deduction, you have to fill out a 43-line form that requires calculations of allocated expenses, depreciation, and carryovers of unused deductions. Makes my head hurt just to think of it.</p>
            <p>Sixty percent of the association&#8217;s members said if there were an option to take a standard home-office deduction rather than itemizing, they would take it.</p>
            <p>Under the new option, taxpayers can fill out a simpler form, but the deduction is capped at $1,500 per year, based on $5 a square foot for up to 300 square feet. </p>
            <p>Arslan said her group endorsed the $1,500 as a trade-off for a less cumbersome process.</p>
            <p> &#8220;I think a lot of business owners would consider the standard deduction, considering what they would save in time or the money they would spend to hire someone to help them get the deduction,&#8217;&#8217; she said. </p>
            <p>Makes sense to me. </p>
            <p>The home-office deduction is available for homeowners and renters. Arslan said that if the space you dedicate qualifies, all costs associated with maintaining that part of your home &#8212; mortgage interest, insurance, utilities, repairs, and depreciation &#8212; would be deductible. What&#8217;s not changing is the requirement that a home office be used regularly, and exclusively for business. And the key here is &#8220;regular and exclusive.&#8217;&#8217; </p>
            <p>It&#8217;s the exclusive part that can get folks in trouble. You have to dedicate a specific area of your home to conduct your business or trade or to meet with clients or customers. You do not meet the requirements if the area of your home is also used for personal purposes.</p>
            <p>Here&#8217;s an example from the IRS: Let&#8217;s say you&#8217;re a lawyer who uses the den or family room to write legal briefs. The family also uses the room to play games and watch television. The room is therefore not exclusively used for business, so you can&#8217;t claim the deduction. </p>
            <p>To find out what qualifies as a deductible business expense, go to www.irs.gov. Search for &#8220;Deducting Business Expenses&#8217;&#8217; and scroll down to &#8220;Business Use of Your Home.&#8217;&#8217; The deduction can be limited based on the income of your business or if your business is losing money. All this makes my head hurt even more. Thankfully, a short video on YouTube explains how to qualify for the deduction. Search for &#8220;home office deduction.&#8217;&#8217;</p>
            <p>If you want to comment on the simplified home&#173;deduction option, send e-mail to this address:</p>
            <p>comments@irscounsel.treas.gov. Put &#8220;Revenue Procedure 2013-13&#8217;&#8217; in the subject line.</p>
         </block>
      </body.content>
   </body>
</nitf>