<?xml version="1.0" encoding="utf-8"?>
<nitf xmlns:xs="http://www.w3.org/2001/XMLSchema" version="//IPTC/DTD NITF 3.2/EN">
   <head>
      <story.date>02-01-2013</story.date>
      <pubdata name="Globe" position.section="News" position.subsection="National"
               position.sequence="A,7,72"
               type="print"
               date.publication="20130201000000-05:00"
               ex-ref="http://www.bostonglobe.com/news/nation/2013/02/01/american-deaths-afghan-war-drop-year-low/eeLHnY8Ey8g2oyaYi4FFNI/story.html"/>
      <title>01afghan</title>
      <docdata>
         <doc.id>74b815c2-6bf6-11e2-b0fe-25b534362601</doc.id>
         <doc.copyright holder="Associated Press"/>
         <doc.rights owner="Associated Press"/>
         <date.issue norm="20130131225018-05:00">2013-01-31T22:50:18</date.issue>
         <identified-content>
            <classifier type="tom">News</classifier>
            <classifier type="taxonomy">News/US</classifier>
            <classifier type="contentdesk">National</classifier>
            <classifier type="subdesk"/>
            <location class="primary">Washington, DC</location>
            <location class="latitudelongitude">(38.8951118,-77.0363658)</location>
         </identified-content>
      </docdata>
   </head>
   <body>
      <body.head>
         <hedline>
            <hl1>US Afghan deaths reach 4-year low</hl1>
            <hl2 hl2class="subhead">Decrease reflects a pullback from direct combat</hl2>
            <hl2 hl2class="overline"/>
            <hl2 hl2class="label"/>
         </hedline>
         <byline>
            <person>By Robert Burns</person>
            <byttl>Associated Press</byttl>
         </byline>
         <abstract>US troop deaths in Afghanistan have plunged to the lowest level in four years, reflecting a pullback from direct combat into the less deadly role of advising and assisting Afghan forces as they do more of the fighting. Attacks by Taliban insurgents also have declined, although the</abstract>
      </body.head>
      <body.content>
         <block class="txt">
            <p>WASHINGTON &#8212; US troop deaths in Afghanistan have plunged to the lowest level in four years, reflecting a pullback from direct combat into the less deadly role of advising and assisting Afghan forces as they do more of the fighting.</p>
            <p>Attacks by Taliban insurgents also have declined, although the war is far from finished.</p>
            <p>Pentagon figures show that the United States lost three soldiers in January, including one who died of injuries suffered in December. That was the lowest monthly total since December 2008.</p>
            <p>The total of 30 US deaths over the past three months is the lowest for any three-month stretch of the war since late 2008 and early 2009.</p>
            <p>The improvement is more than a statistical note.</p>
            <p>It marks the approaching end of battlefield sacrifice by US troops who fought the nation&#8217;s two post-Sept. 11, 2001 wars &#8212; more than eight years in Iraq and 11-plus years in Afghanistan.</p>
            <p>The last US troops left Iraq in December 2011, with a cumulative death toll of nearly 4,500 and more than 30,000 wounded. In Afghanistan, a little more than 2,000 have died and 18,000 more have been wounded.</p>
            <p>Harder to calculate is the psychological toll on troops and their families, underscored by a rising number of military suicides, which last year reached a post-2001 high.</p>
            <p>&#8216;&#8216;The reality is that while combat operations may wind down, the impact of these wars, and the high state of readiness the military must maintain, means that the need for .&#160;.&#160;. services and bereavement support will continue for military families,&#8217;&#8217; said Ami Neiberger-Miller, spokeswoman for the Tragedy Assistance Program for Survivors, a private support group.</p>
            <p>By the end of next year, all American combat troops are to have left Afghanistan, although President Obama may keep a few thousand there to continue training Afghan forces and to press the hunt for terrorists.</p>
            <p>The United States now has 66,000 troops in Afghanistan.</p>
            <p>Afghans already are taking heavier casualties as their allies prepare to leave.</p>
            <p>More than 1,200 Afghan soldiers died in 2012 compared with more than 550 the year before, according to data compiled by the Washington-based Brookings Institution.</p>
            <p>The Pentagon says the United States lost 313 troops last year, down from 414 the year before.</p>
         </block>
      </body.content>
   </body>
</nitf>