<?xml version="1.0" encoding="utf-8"?>
<nitf xmlns:xs="http://www.w3.org/2001/XMLSchema" version="//IPTC/DTD NITF 3.2/EN">
   <head>
      <story.date>02-01-2013</story.date>
      <pubdata name="Globe" position.section="Sports" position.subsection=" "
               position.sequence="C,4,999"
               type="print"
               date.publication="20130201000000-05:00"
               ex-ref=""/>
      <title>01nbastd</title>
      <docdata>
         <doc.id>341bf496-6bfd-11e2-b0fe-25b534362601</doc.id>
         <doc.copyright holder=" "/>
         <doc.rights owner=" "/>
         <date.issue norm="20130201015944-05:00">2013-02-01T01:59:44</date.issue>
         <identified-content>
            <classifier type="tom">News</classifier>
            <classifier type="contentdesk">Sports</classifier>
            <classifier type="subdesk">Scores</classifier>
         </identified-content>
      </docdata>
   </head>
   <body>
      <body.head>
         <hedline>
            <hl1>NBA standings </hl1>
            <hl2 hl2class="subhead"/>
            <hl2 hl2class="overline"/>
            <hl2 hl2class="label"/>
         </hedline>
         <byline>
            <person/>
            <byttl/>
         </byline>
         <abstract>This is sports agate content</abstract>
      </body.head>
      <body.content>
         <block class="txt">
            <p>NBA</p>
            <p>EASTERN CONFERENCE</p>
            <p/>
            <p>
               <em class="b">ATLANTIC</em> W L Pct. GB&#8201;&#8194; Streak Home Conf. </p>
            <p>New York 28 15 .651 &#8212;&#8201;&#8194; W 2 16-6 18-8 </p>
            <p>Brooklyn 27 19 .587 2&#xBD; L 1 17-8 20-10 </p>
            <p>BOSTON 22 23 .489 7&#8201;&#8194; W 2 15-9 14-15 </p>
            <p>Philadelphia 19 26 .422 10&#8201;&#8194; W 1 13-11 11-13 </p>
            <p>Toronto 16 30 .348 13&#xBD; L 3 11-11 9-15 </p>
            <p>
               <em class="b">SOUTHEAST</em> W L Pct. GB&#8201;&#8194; Streak Home Conf. </p>
            <p>Miami 29 13 .690 &#8212;&#8201;&#8194; W 1 18-3 14-8 </p>
            <p>Atlanta 26 19 .578 4&#xBD; W 1 16-7 17-11 </p>
            <p>Orlando 14 31 .311 16&#xBD; L 7 8-16 6-22 </p>
            <p>Washington 11 33 .250 19&#8201;&#8194; L 2 8-14 5-22 </p>
            <p>Charlotte 11 34 .244 19&#xBD; L 2 6-18 8-16 </p>
            <p>
               <em class="b">CENTRAL</em> W L Pct. GB&#8201;&#8194; Streak Home Conf. </p>
            <p>Chicago 28 17 .622 &#8212;&#8201;&#8194; W 2 15-11 22-7 </p>
            <p>Indiana 27 19 .587 1&#xBD; W 1 17-3 15-10 </p>
            <p>Milwaukee 24 20 .545 3&#xBD; L 1 12-10 18-11 </p>
            <p>Detroit 17 29 .370 11&#xBD; L 2 12-11 14-15 </p>
            <p>Cleveland 13 33 .283 15&#xBD; L 1 6-13 10-18 </p>
            <p/>
            <p>WESTERN CONFERENCE</p>
            <p/>
            <p>
               <em class="b">SOUTHWEST</em> W L Pct. GB&#8201;&#8194; Streak Home Conf. </p>
            <p>San Antonio 37 11 .771 &#8212;&#8201;&#8194; W 9 21-2 21-8 </p>
            <p>Memphis 29 16 .644 6&#xBD; L 1 17-7 16-12 </p>
            <p>Houston 25 23 .521 12&#8201;&#8194; L 1 15-8 9-18 </p>
            <p>Dallas 19 27 .413 17&#8201;&#8194; L 2 12-9 10-18 </p>
            <p>New Orleans 15 31 .326 21&#8201;&#8194; L 2 7-15 8-21 </p>
            <p>
               <em class="b">NORTHWEST</em> W L Pct. GB&#8201;&#8194; Streak Home Conf. </p>
            <p>Oklahoma City 35 11 .761 &#8212;&#8201;&#8194; W 1 20-3 23-6 </p>
            <p>Denver 29 18 .617 6&#xBD; W 5 18-3 21-11 </p>
            <p>Utah 25 21 .543 10&#8201;&#8194; W 1 16-5 13-16 </p>
            <p>Portland 23 22 .511 11&#xBD; W 1 16-8 14-12 </p>
            <p>Minnesota 17 25 .405 16&#8201;&#8194; L 5 11-8 10-14 </p>
            <p>
               <em class="b">PACIFIC</em> W L Pct. GB&#8201;&#8194; Streak Home Conf. </p>
            <p>LA Clippers 34 13 .723 &#8212;&#8201;&#8194; W 2 20-5 24-9 </p>
            <p>Golden State 29 17 .630 4&#xBD; W 3 15-6 14-12 </p>
            <p>LA Lakers 20 26 .435 13&#xBD; L 1 15-10 12-18 </p>
            <p>Sacramento 17 30 .362 17&#8201;&#8194; L 1 12-12 6-20 </p>
            <p>Phoenix 16 30 .348 17&#xBD; W 1 12-11 9-15 </p>
            <p/>
            <p>
               <em class="b">THURSDAY'S RESULTS</em>
            </p>
            <p/>
            <p>At Okla. City 106Memphis 89  At Golden St. 100Dallas 97 </p>
            <p/>
            <p>
               <em class="b">FRIDAY&#8217;S GAMES</em>
            </p>
            <p/>
            <p>Orlando at BOSTON7:30  Sacramento at Phila. 7:30 </p>
            <p>Miami at Indiana7  Washington at Memphis8 </p>
            <p>LA Clippers at Toronto7  New Orleans at Denver9 </p>
            <p>Cleveland at Detroit7:30  Dallas at Phoenix9 </p>
            <p>Chicago at Brooklyn7:30  Portland at Utah9 </p>
            <p>Milwaukee at New York7:30  LA Lakers at Minnesota9:30 </p>
            <p/>
            <p>
               <em class="b">WEDNESDAY&#8217;S RESULTS</em>
            </p>
            <p/>
            <p>At BOSTON 99Sacramento 81  LA Clippers 96at Minnesota 90 </p>
            <p>At Indiana 98Detroit 79  Miami 105at Brooklyn 85 </p>
            <p>At Philadelphia 92Wash. 84  At San Ant. 102Charlotte 78 </p>
            <p>At Atlanta 93Toronto 92  At Denver 118Houston 110 </p>
            <p>At New York 113Orlando 97  At Utah 104New Orleans 99 </p>
            <p>Chicago 104at Milwaukee 88  At Phoenix 92LA Lakers 86 </p>
            <p/>
         </block>
      </body.content>
   </body>
</nitf>