<?xml version="1.0" encoding="utf-8"?>
<nitf xmlns:xs="http://www.w3.org/2001/XMLSchema" version="//IPTC/DTD NITF 3.2/EN">
   <head>
      <story.date>02-01-2013</story.date>
      <pubdata name="Globe" position.section="Living Arts" position.subsection=" "
               position.sequence="G,27,117"
               type="print"
               date.publication="20130201000000-05:00"
               ex-ref=""/>
      <title>01nightwatch</title>
      <docdata>
         <doc.id>81ddce02-6a45-11e2-baa1-9e8515cd26f3</doc.id>
         <doc.copyright holder="For The Boston Globe"/>
         <doc.rights owner="For The Boston Globe"/>
         <date.issue norm="20130130211837-05:00">2013-01-30T21:18:37</date.issue>
         <identified-content>
            <classifier type="tom">News</classifier>
            <classifier type="taxonomy">AE/Music</classifier>
            <classifier type="contentdesk">Lifestyle</classifier>
            <classifier type="subdesk"/>
            <location class="primary">Allston, MA</location>
            <location class="latitudelongitude">(42.3528972,-71.1325569)</location>
         </identified-content>
      </docdata>
   </head>
   <body>
      <body.head>
         <hedline>
            <hl1>Night Watch</hl1>
            <hl2 hl2class="subhead"/>
            <hl2 hl2class="overline">Night Watch</hl2>
            <hl2 hl2class="label"/>
         </hedline>
         <byline>
            <person>By Katy Rushlau</person>
            <byttl>Globe Correspondent</byttl>
         </byline>
         <abstract>Former ManRay clubgoers: the night is back and bigger than ever. Promoter and DJ Chris Ewen is bringing back the party that closed seven years ago, with an assortment of components from the club&#8217;s theme nights, drawing inspiration from Goth, alternative, fetish, and &#8217;80s concepts. The ManRay Reunion happens Friday at Brighton Music Hall.</abstract>
      </body.head>
      <body.content>
         <block class="txt">
            <p>
               <em class="b">ManRay Reunion</em>
            </p>
            <p>
               <em class="i">Friday, 8:00. Brighton Music Hall, 158 Brighton Ave., Allston.  Advance tickets $12. 617-779-0140, www.brightonmusichall.com </em>
            </p>
            <p>
               <em class="i"/>
            </p>
            <p>
               <em class="b">The deal:</em> Former ManRay clubgoers: The night is back and bigger than ever. Promoter and DJ Chris Ewen is bringing back the party that closed seven years ago, with an assortment of components from the club&#8217;s theme nights, drawing inspiration from Goth, alternative, fetish, and &#8217;80s concepts. The event will feature an array of surprises, from a Hubba Hubba fashion show to a performance by Mizery. The venue will project photos from the original club to showcase past partygoers, DJs, performers, and those who worked behind the scenes. &#8220;This is basically going to be an opportunity for lots of people who used to go, and those who never got to go, to get together and have fun,&#8217;&#8217; said Ewen. </p>
            <p/>
            <p>
               <em class="b">The DJs:</em> Ewen and special guest DJ Mothra</p>
            <p/>
            <p>
               <em class="b">What you&#8217;ll hear</em>: &#8220;The music is going to be a mix from all of the nights,&#8217;&#8217; said Ewen. He said you can expect to hear an infusion of classic Goth industrial beats, alternative and underground rock, a few &#8217;80s mixes, and an incorporation of darker elements and electronic dance. Songs include VNV Nation&#8217;s &#8220;Beloved,&#8217;&#8217; The Chameleons UK&#8217;s &#8220;Swamp Thing,&#8217;&#8217; Wolfsheim&#8217;s &#8220;Once in a Lifetime,&#8217;&#8217; and Electric Six&#8217;s &#8220;Gay Bar.&#8217;&#8217;</p>
            <p/>
            <p>
               <em class="b">The drink:</em> Former head &#8220;bartendrix extraordinaire&#8217;&#8217; and co-promoter Terri Niedzwiecki will be mixing up some of her &#8220;secret recipes,&#8217;&#8217; Ewen says, including The Vampire and The Red Death.</p>
            <p/>
            <p>
               <em class="b">The tip:</em> Ewen urges attendees to experience every surprise the evening has to offer. &#8220;There&#8217;s going to be a lot of stuff going on,&#8217;&#8217; he says. &#8220;Get there early so you don&#8217;t miss a thing.&#8217;&#8217;Katy Rushlau</p>
            <p>
               <em class="i">Katy Rushlau can be reached at katherine.rushlau@globe.com</em>
            </p>
         </block>
      </body.content>
   </body>
</nitf>