<?xml version="1.0" encoding="utf-8"?>
<nitf xmlns:xs="http://www.w3.org/2001/XMLSchema" version="//IPTC/DTD NITF 3.2/EN">
   <head>
      <story.date>02-01-2013</story.date>
      <pubdata name="Globe" position.section="Living Arts" position.subsection=" "
               position.sequence="B,14,999"
               type="print"
               date.publication="20130201000000-05:00"
               ex-ref="http://www.bostonglobe.com/lifestyle/names/2013/02/01/quote-day-paul-emsley/EJNMwua2SYhGMK1iEGOyxN/story.html"/>
      <title>01Quote</title>
      <docdata>
         <doc.id>1a26e10a-6be3-11e2-b0fe-25b534362601</doc.id>
         <doc.copyright holder=" "/>
         <doc.rights owner=" "/>
         <date.issue norm="20130201003606-05:00">2013-02-01T00:36:06</date.issue>
         <identified-content>
            <classifier type="tom">News</classifier>
            <classifier type="taxonomy">AE/Celebrities</classifier>
            <classifier type="contentdesk">Lifestyle</classifier>
            <classifier type="subdesk"/>
            <location class="primary">Boston, MA</location>
            <location class="latitudelongitude">(42.3584308,-71.0597732)</location>
         </identified-content>
      </docdata>
   </head>
   <body>
      <body.head>
         <hedline>
            <hl1>Quote of the Day: Paul Emsley</hl1>
            <hl2 hl2class="subhead"/>
            <hl2 hl2class="overline"/>
            <hl2 hl2class="label"/>
         </hedline>
         <byline>
            <person/>
            <byttl/>
         </byline>
         <abstract>&#8220;I&#8217;ve tried to record, in a polite way, what I regard as her natural beauty.&#8217;&#8217; <em class="i">Artist Paul Emsley to the Washington Post. His offical portrait of the Duchess of Cambridge, the former Kate Middleton, has been assailed by critics.</em>
         </abstract>
      </body.head>
      <body.content>
         <block class="txt">
            <media mediaid="1">
               <media-reference>98d79f04-6bf6-11e2-baa1-9e8515cd26f3.jpg</media-reference>
               <media-caption/>
               <media-producer/>
               <media-metadata name="pageNumber" value="14"/>
               <media-metadata name="wShape" value="60"/>
               <media-metadata name="hShape" value="63"/>
            </media>
            <p>Facing the music</p>
            <p>&#8216;I&#8217;ve tried to record, in a polite way, what I regard as her natural beauty.&#8217; <em class="b">Paul Emsley</em> to the Washington Post. His official portrait of the former Kate Middleton has been assailed by critics</p>
            <p>
               <em class="i">Hayley Kaufman can be reached at hkaufman@globe.com.</em>
            </p>
         </block>
      </body.content>
   </body>
</nitf>