<?xml version="1.0" encoding="utf-8"?>
<nitf xmlns:xs="http://www.w3.org/2001/XMLSchema" version="//IPTC/DTD NITF 3.2/EN">
   <head>
      <story.date>02-01-2013</story.date>
      <pubdata name="Globe" position.section="Sports" position.subsection=" "
               position.sequence="C,9,550"
               type="print"
               date.publication="20130201000000-05:00"
               ex-ref="http://www.bostonglobe.com/sports/2013/01/31/michigan-state-keith-appling-show-late-fight-against-illinois/qSSTjtmPYPaFGiiopHq5mN/story.html"/>
      <title>01colrdp</title>
      <docdata>
         <doc.id>34fd9a64-6bf7-11e2-baa1-9e8515cd26f3</doc.id>
         <doc.copyright holder=" "/>
         <doc.rights owner=" "/>
         <date.issue norm="20130201072425-05:00">2013-02-01T07:24:25</date.issue>
         <identified-content>
            <classifier type="tom">News</classifier>
            <classifier type="taxonomy">Sports/College/Basketball/Men;Sports/College/Basketball/Women</classifier>
            <classifier type="contentdesk">Sports</classifier>
            <classifier type="subdesk"/>
            <location class="primary">Boston, MA</location>
            <location class="latitudelongitude">(42.3584308,-71.0597732)</location>
         </identified-content>
      </docdata>
   </head>
   <body>
      <body.head>
         <hedline>
            <hl1>UConn outlasts Providence</hl1>
            <hl2 hl2class="subhead"/>
            <hl2 hl2class="overline">college roundup</hl2>
            <hl2 hl2class="label"/>
         </hedline>
         <byline>
            <person/>
            <byttl>From staff and wire reports</byttl>
         </byline>
         <abstract>Keith Appling led a pivotal run early in the second half and finished with 24 points and seven assists to help No. 13 Michigan State beat visiting Illinois, 80-75, on Thursday night.</abstract>
      </body.head>
      <body.content>
         <block class="txt">
            <p>Ryan Boatright scored 19 points and Shabazz Napier had 18, including 8 in overtime, to lead Connecticut to an 82-79 victory over host Providence on Thursday night.</p>
            <p>Napier and Omar Calhoun hit 3-pointers in overtime to give the Huskies (14-5, 4-3 Big East) a 79-76 edge with 42 seconds left. Napier hit 3 of 4 free throws in the final 30 seconds to secure the victory.</p>
            <p>Bryce Cotton&#8217;s 3-pointer with 1:30 left pulled Providence into a 66-66 tie, and LaDontae Henton&#8217;s layup with 18 seconds remaining for the Friars (10-11, 2-7) sent the game to overtime.</p>
            <p>
               <em class="b">Arizona 57, Washington 53 </em>&#8212; Nick Johnson had 15 points, and the No. 8 Wildcats (18-2, 6-2 Pac-12) rallied past the host Huskies (12-9, 4-4).</p>
            <p>
               <em class="b">Michigan St. 80, Illinois 75</em> &#8212; Keith Appling led a pivotal run early in the second half and finished with 24 points and seven assists to help the No. 13 Spartans (18-4, 7-2 Big Ten) beat the visiting Illini (15-7, 2-6).</p>
            <p>
               <em class="b">Saint Louis 75, Butler 58 </em>&#8212; Jordair Jett matched his career best with 19 points and the host Billikens (15-5, 4-2 A-10) pressured the No. 9 Bulldogs (17-4, 4-2) into a season-worst 23 turnovers, recording the program&#8217;s biggest upset in nine years.</p>
            <p>
               <em class="b">Wagner 84, Sacred Heart 78</em> &#8212; Kenneth Ortiz scored 17 points in an overtime victory for the Seahawks (12-8, 6-3) in an overtime victory over the Pioneers (8-12, 6-3) in New York. </p>
            <p>
               <em class="b">Central Conn. 78, Monmouth 58</em> &#8212; Kyle Vinales scored 24 points to help the Blue Devils (9-11, 5-4 NEC) blow out the host Hawks (8-14, 3-6).</p>
            <p>
               <em class="b">Mount St. Mary&#8217;s 77, Quinnipiac 73 </em>&#8212; Shivaughn Wiggins led the host Mountaineers (8-12, 3-6 NEC) with 17 points as they held on to beat the Bobcats (8-13, 4-5).</p>
            <p>
               <em class="b">Bryant 78, Fairleigh Dickinson 63 </em>&#8212; Alex Francis scored a season-high 27 points and had nine rebounds to help the Bulldogs (14-6, 7-2 NEC) pull away from the host Knights (7-15, 2-7).</p>
            <p>Women</p>
            <p>
               <em class="b">BC 81, N.C. State 69 </em>&#8212; Kerri Shields poured in a game-high and season-best 20 points to help the Eagles snap a four-game skid with a win over the Wolfpack (10-12, 2-8).</p>
            <p>&#8195;After relinquishing a 44-31 halftime lead, the Eagles (9-11, 3-6 ACC) scored 17 straight in the second half.</p>
            <p>
               <em class="b">Duke 82, Miami 43 </em>&#8212; Tricia Liston scored 17 points, and the No. 5 Blue Devils (19-1, 90 ACC) routed the visiting Hurricanes (14-7, 5-5).</p>
            <p>
               <em class="b">Wisconsin 63, Penn State 61 </em>&#8212; Morgan Paige scored a career-high 33 points and Tiera Stephens had a putback with five seconds left to help the host Badgers upset the No. 7 Lady Lions, who had a 12-game win streak snapped.</p>
            <p>Wisconsin (10-11, 2-6 Big Ten) had lost seven of its last eight games. The Lady Lions routed Wisconsin, 84-40, at home two weeks ago.</p>
            <p>
               <em class="b">Tennessee 88, Mississippi State 45 </em>&#8212; Kamiko Williams had 10 points and 13 boards in her first start as the No. 9 Lady Vols (17-4, 8-0 SEC) routed the Bulldogs (9-12, 1-7).</p>
         </block>
      </body.content>
   </body>
</nitf>