<?xml version="1.0" encoding="utf-8"?>
<nitf xmlns:xs="http://www.w3.org/2001/XMLSchema" version="//IPTC/DTD NITF 3.2/EN">
   <head>
      <story.date>02-01-2013</story.date>
      <pubdata name="Globe" position.section="Living Arts" position.subsection=" "
               position.sequence="G,13,8"
               type="print"
               date.publication="20130201000000-05:00"
               ex-ref="http://www.bostonglobe.com/arts/movies/2013/01/31/movie-review-stand-guys/yglEGeNXir4FCCEjAhlcZP/story.html"/>
      <title>01standup</title>
      <docdata>
         <doc.id>23788d20-6973-11e2-a242-50e79c56738a</doc.id>
         <doc.copyright holder="The Boston Globe"/>
         <doc.rights owner="The Boston Globe"/>
         <date.issue norm="20130131131358-05:00">2013-01-31T13:13:58</date.issue>
         <identified-content>
            <classifier type="tom">News</classifier>
            <classifier type="taxonomy">AE/Movies</classifier>
            <classifier type="contentdesk">Arts</classifier>
            <classifier type="subdesk">Movies</classifier>
            <location class="primary">Boston, MA</location>
            <location class="latitudelongitude">(42.3584308,-71.0597732)</location>
         </identified-content>
      </docdata>
   </head>
   <body>
      <body.head>
         <hedline>
            <hl1>Pacino, Walken can&#8217;t lift &#8216;Stand Up Guys&#8217;</hl1>
            <hl2 hl2class="subhead"/>
            <hl2 hl2class="overline">Movie Review</hl2>
            <hl2 hl2class="label"/>
         </hedline>
         <byline>
            <person>By Ty Burr</person>
            <byttl>Globe Staff</byttl>
         </byline>
         <abstract>1/2 * Stand Up Guys Al Pacino and Christopher Walken as a pair of aging criminals having a final night on the town. It&#8217;s not a bad idea: Let two acting lions just riff and to hell with a plot. Too bad Fisher Stevens&#8217;s tone-deaf direction and a creepily misogynistic script push the movie right over a cliff. With Alan Arkin. (100 min., R) (Ty Burr)</abstract>
      </body.head>
      <body.content>
         <block class="txt">
            <media mediaid="1">
               <media-reference>9894de8c-671c-11e2-ae34-9a7bc5b0f789.jpg</media-reference>
               <media-caption>From left: Christopher Walken, Alan Arkin, and Al Pacino in a scene from &#8220;Stand Up Guys.&#8217;&#8217;</media-caption>
               <media-producer>Roadside Attractions </media-producer>
               <media-metadata name="pageNumber" value="13"/>
               <media-metadata name="wShape" value="548.8"/>
               <media-metadata name="hShape" value="409.5"/>
            </media>
            <p>Movie Review</p>
            <p>
               <em class="b">&#xBD;</em>&#x2605;</p>
            <p>
               <em class="b"/>
            </p>
            <p>Directed by: </p>
            <p>Written by: </p>
            <p>Starring: , ,</p>
            <p/>
            <p>At: </p>
            <p>Running time: </p>
            <p>Rated:  </p>
            <p>Odd fact: Al Pacino and Christopher Walken, two of our most regally eccentric acting legends, have never starred in a movie together. &#8220;Stand Up Guys&#8217;&#8217; might remedy that, but it barely deserves to be called a movie. The pair did have smallish roles in the 2003 bomb &#8220;Gigli,&#8217;&#8217; and the new film does stand as an improvement, but only in the sense that mildew is preferable to toxic mold.</p>
            <p>Three decades ago, Pacino&#8217;s Val took the fall for a heist that went wrong; now he&#8217;s getting out of jail and his old partner in crime Doc (Walken) is there to bring him home. Val realizes early on that Doc is under orders from their rageaholic boss (Mark Margolis) to kill him, but, gentle soul that he is, Doc can&#8217;t bring himself to pull the trigger. So the two old friends spend a night and a morning wandering around bizarrely empty streets, visiting hookers and 24-hour diners, and breaking old friend Hirsch (Alan Arkin) out of assisted living for one last joyride.</p>
            <p>It&#8217;s not a bad idea: Let two acting lions just riff and spar, and the hell with a plot. It could turn left into Laurel and Hardy or right into Beckett. Unfortunately, Noah Haidle&#8217;s crude script and Fisher Stevens&#8217;s tone-deaf direction push &#8220;Stand Up Guys&#8217;&#8217; straight over a cliff. We can tell what we&#8217;re in for as soon as Doc breaks into a pharmacy so that Val can gulp down a bottle of Viagra; 20 minutes of Pacino making penis jokes. The star has been in enough swill by now that he knows what to do &#8212; amp up the volume and act like nothing&#8217;s wrong &#8212; but Walken lets the shame of it all throw off his unique rhythms.</p>
            <p>I don&#8217;t know what screenwriter Haidle&#8217;s problem is with women, but he needs a therapist, not a word processor. A visit to a cathouse ends with both a gorgeous Russian prostitute (Katheryn Winnick) and the madam (Lucy Punch) cooing orgasmically after two minutes of sex with Arkin&#8217;s decrepit Hirsch. Later, the three help a woman (Vanessa Ferlito) who has been gang-raped and thrown naked into a car trunk exact revenge against her tormenters; she seems more annoyed than traumatized. Similarly, a hospital nurse played by Julianna Margulies greets the death of a beloved relative with a quick tear and a shrug before coming along on a midnight burial.</p>
            <p>We get it: &#8220;Stand Up Guys&#8217;&#8217; is supposed to be cutesy criminal magic realism. But Stevens, an actor turned director, never finds the right vibe, and the movie&#8217;s genuinely creepy misogyny sours the attempts to go sentimental in the final act. The editing is slack, the camerawork graceless; you can sense the crew standing back in awe as the stars flounder without the support system any actor needs. About all that keeps a viewer from slipping into a coma is some meaty R&amp;B songs on the soundtrack.</p>
            <p>A lot of recent releases have let old movie stars try new tricks, from the violent (&#8220;Red,&#8217;&#8217; &#8220;The Expendables&#8217;&#8217;) to the comic (&#8220;The Guilt Trip&#8217;&#8217;) to the classy (&#8220;Quartet&#8217;&#8217;). &#8220;Stand Up Guys&#8217;&#8217; represents the genre&#8217;s new bottom of the barrel. It&#8217;s like watching your grandfather get naked on YouTube.</p>
            <p>
               <em class="i">Ty Burr can be reached at tburr@globe.com. Follow him on Twitter @tyburr.</em>
            </p>
         </block>
      </body.content>
   </body>
</nitf>