<?xml version="1.0" encoding="utf-8"?>
<nitf xmlns:xs="http://www.w3.org/2001/XMLSchema" version="//IPTC/DTD NITF 3.2/EN">
   <head>
      <story.date>02-01-2013</story.date>
      <pubdata name="Globe" position.section="Business" position.subsection=" "
               position.sequence="B,8,90"
               type="print"
               date.publication="20130201000000-05:00"
               ex-ref="http://www.bostonglobe.com/business/2013/02/01/dunkin-brands-stock-rises-after-profit-surges/YP7wqiN8Ea9951bMG8tpxN/story.html"/>
      <title>01massmover</title>
      <docdata>
         <doc.id>e765a384-6be0-11e2-b0fe-25b534362601</doc.id>
         <doc.copyright holder=" "/>
         <doc.rights owner=" "/>
         <date.issue norm="20130131225220-05:00">2013-01-31T22:52:20</date.issue>
         <identified-content>
            <classifier type="tom">News</classifier>
            <classifier type="taxonomy">Business/Markets</classifier>
            <classifier type="contentdesk">Business</classifier>
            <classifier type="subdesk"/>
            <location class="primary">Canton, MA</location>
            <location class="latitudelongitude">(42.1583333,-71.1452778)</location>
         </identified-content>
      </docdata>
   </head>
   <body>
      <body.head>
         <hedline>
            <hl1>Dunkin&#8217; profit rises even as revenue slips</hl1>
            <hl2 hl2class="subhead"/>
            <hl2 hl2class="overline"/>
            <hl2 hl2class="label"/>
         </hedline>
         <byline>
            <person/>
            <byttl/>
         </byline>
         <abstract>Dunkin&#8217; Brands Group, the parent of Dunkin&#8217; Donuts and Baskin-Robbins, said fourth-quarter profit rose 196.2 percent to $34.3 million, even as revenue declined 4 percent. But the profit surge is mostly attributed to the fact the company took a $19 million impairment charge in late 2011; exclude that and net income was $36.6 million in the fourth quarter of 2012, versus $36.2 million a year earlier. But partly because of a stock-buyback program, adjusted earnings per share were up about 21 percent to 34 cents, the company said.</abstract>
      </body.head>
      <body.content>
         <block class="txt">
            <media mediaid="1">
               <media-reference>52266528-5057-11e2-ae03-a1cd42f5615f.jpg</media-reference>
               <media-caption>Dunkin&#8217; Brands Group is based in Canton.</media-caption>
               <media-producer>Associated Press/File 2011</media-producer>
               <media-metadata name="pageNumber" value="8"/>
               <media-metadata name="wShape" value="117.6"/>
               <media-metadata name="hShape" value="136.5"/>
            </media>
            <p>The parent of Dunkin&#8217; Donuts and Baskin-Robbins said fourth-quarter profit rose 196.2 percent to $34.3 million, even as revenue declined 4 percent. But the profit surge is mostly attributed to the fact the company took a $19 million impairment charge in late 2011; exclude that, and net income was $36.6 million in the fourth quarter of 2012, versus $36.2 million a year earlier. But partly because of a stock-buyback program, adjusted earnings per share were up about 21 percent to 34 cents, the company said.</p>
         </block>
      </body.content>
   </body>
</nitf>