<?xml version="1.0" encoding="utf-8"?>
<nitf xmlns:xs="http://www.w3.org/2001/XMLSchema" version="//IPTC/DTD NITF 3.2/EN">
   <head>
      <story.date>02-01-2013</story.date>
      <pubdata name="Globe" position.section="News" position.subsection="Foreign"
               position.sequence="A,3,36"
               type="print"
               date.publication="20130201000000-05:00"
               ex-ref="http://www.bostonglobe.com/news/world/2013/02/01/somali-govt-government-charges-woman-who-says-she-was-raped/KUDLdNurVrHM7I5QUiflGI/story.html"/>
      <title>01somalia</title>
      <docdata>
         <doc.id>8b1d1758-6bc5-11e2-b0fe-25b534362601</doc.id>
         <doc.copyright holder="Associated Press"/>
         <doc.rights owner="Associated Press"/>
         <date.issue norm="20130201001549-05:00">2013-02-01T00:15:49</date.issue>
         <identified-content>
            <classifier type="tom">News</classifier>
            <classifier type="taxonomy">News/Africa</classifier>
            <classifier type="contentdesk">Foreign</classifier>
            <classifier type="subdesk"/>
            <location class="primary">Mogadishu, Banaadir</location>
            <location class="latitudelongitude">(2.0333333,45.35)</location>
         </identified-content>
      </docdata>
   </head>
   <body>
      <body.head>
         <hedline>
            <hl1>Somali rape accuser is arrested</hl1>
            <hl2 hl2class="subhead"/>
            <hl2 hl2class="overline"/>
            <hl2 hl2class="label"/>
         </hedline>
         <byline>
            <person>By ABDI GULED</person>
            <byttl>Associated Press</byttl>
         </byline>
         <abstract>The Somali government has charged a woman who has said she was raped by security forces, according to an international human rights group, which says the case is politically motivated.The group said a journalist who interviewed her was also charged.</abstract>
      </body.head>
      <body.content>
         <block class="txt">
            <p>MOGADISHU, Somalia &#8212; The Somali government has charged a woman who has said she was raped by security forces, according to an international human rights group, which says the case is politically motivated.</p>
            <p>The group said a journalist who interviewed her was also charged.</p>
            <p>Human Rights Watch said three other people including the woman&#8217;s husband were charged with assisting the alleged rape victim to evade investigators. The rights group said in a statement Wednesday that Somali government should drop the politically motivated charges.</p>
            <p>The woman was charged in Mogadishu court Tuesday of insulting a government body, inducing false evidence, simulating a criminal offense, and making a false accusation while journalist Abdiaziz Abdinur has been charged with insulting a government body and inducing the woman to give false evidence.</p>
            <p>Rights groups say the arrests are linked to an increase in media attention due to reports of the high prevalence of rape and other sexual violence in Somalia, including attacks allegedly committed by security forces.</p>
            <p>&#8216;&#8216;Bringing charges against a woman who alleges rape makes a mockery of the new Somali government&#8217;s priorities,&#8217;&#8217; said Daniel Bekele, Africa director at Human Rights Watch.</p>
            <p>Rape is rampant in Mogadishu, where tens of thousands of people who fled last year&#8217;s famine live in poorly protected camps. Government troops are often blamed.</p>
            <p>Attempts to contact officials from the Somali government for comment were unsuccessful. Most government officials evaded calls and questions.
</p>
            <p>Associated Press</p>
         </block>
      </body.content>
   </body>
</nitf>