<?xml version="1.0" encoding="utf-8"?>
<nitf xmlns:xs="http://www.w3.org/2001/XMLSchema" version="//IPTC/DTD NITF 3.2/EN">
   <head>
      <story.date>02-01-2013</story.date>
      <pubdata name="Globe" position.section="Living Arts" position.subsection=" "
               position.sequence="G,39,29"
               type="print"
               date.publication="20130201000000-05:00"
               ex-ref="http://www.bostonglobe.com/lifestyle/2013/01/31/reflection-for-day/SI5S3YsSQfvHhTzRfCeUyO/story.html"/>
      <title>01reflect</title>
      <docdata>
         <doc.id>1f83f00a-6a32-11e2-a242-50e79c56738a</doc.id>
         <doc.copyright holder=" "/>
         <doc.rights owner=" "/>
         <date.issue norm="20130130211959-05:00">2013-01-30T21:19:59</date.issue>
         <identified-content>
            <classifier type="tom">News</classifier>
            <classifier type="taxonomy">Lifestyle/Other</classifier>
            <classifier type="contentdesk">Lifestyle</classifier>
            <classifier type="subdesk"/>
            <location class="primary">Boston, MA</location>
            <location class="latitudelongitude">(42.3548561,-71.0661193)</location>
         </identified-content>
      </docdata>
   </head>
   <body>
      <body.head>
         <hedline>
            <hl1>Reflection for the Day</hl1>
            <hl2 hl2class="subhead"/>
            <hl2 hl2class="overline"/>
            <hl2 hl2class="label"/>
         </hedline>
         <byline>
            <person/>
            <byttl/>
         </byline>
         <abstract>A daily thought to amuse, enlighten, or inspire</abstract>
      </body.head>
      <body.content>
         <block class="txt">
            <p>The most serious charge which can be brought against New England is not Puritanism but February.</p>
            <p>Joseph Wood Krutch</p>
            <p>WWW.REFLECTIONFORTHEDAY.COM&#8195;© Tom Fitzpatrick</p>
         </block>
      </body.content>
   </body>
</nitf>