<?xml version="1.0" encoding="utf-8"?>
<nitf xmlns:xs="http://www.w3.org/2001/XMLSchema" version="//IPTC/DTD NITF 3.2/EN">
   <head>
      <story.date>02-01-2013</story.date>
      <pubdata name="Globe" position.section="News" position.subsection="Metro"
               position.sequence="B,2,999"
               type="print"
               date.publication="20130201000000-05:00"
               ex-ref=""/>
      <title>01Lottery</title>
      <docdata>
         <doc.id>8de60036-6c0f-11e2-a242-50e79c56738a</doc.id>
         <doc.copyright holder=" "/>
         <doc.rights owner=" "/>
         <date.issue norm="20130201003527-05:00">2013-02-01T00:35:27</date.issue>
         <identified-content>
            <classifier type="tom">News</classifier>
            <classifier type="taxonomy">News/US/Massachusetts</classifier>
            <classifier type="contentdesk">Metro</classifier>
            <classifier type="subdesk"/>
         </identified-content>
      </docdata>
   </head>
   <body>
      <body.head>
         <hedline>
            <hl1>Lottery</hl1>
            <hl2 hl2class="subhead"/>
            <hl2 hl2class="overline"/>
            <hl2 hl2class="label"/>
         </hedline>
         <byline>
            <person/>
            <byttl/>
         </byline>
         <abstract>Lottery results from Thursday drawings</abstract>
      </body.head>
      <body.content>
         <block class="txt">
            <p>THURSDAY MIDDAY<em class="b">7654</em>
            </p>
            <p>Payoffs <em class="i">(based on a $1 bet)</em>
            </p>
            <p>EXACT ORDER</p>
            <p>All 4 digits$5,508</p>
            <p>First or last 3$771</p>
            <p>Any 2 digits$66</p>
            <p>Any 1 digit$7</p>
            <p>ANY ORDER</p>
            <p>All 4 digits$229</p>
            <p>First 3$128</p>
            <p>Last 3$128</p>
            <p>THURSDAY NIGHT<em class="b">7290</em>
            </p>
            <p>Payoffs <em class="i">(based on a $1 bet)</em>
            </p>
            <p>EXACT ORDER</p>
            <p>All 4 digits$4,697</p>
            <p>First or last 3$658</p>
            <p>Any 2 digits$56</p>
            <p>Any 1 digit$6</p>
            <p>ANY ORDER</p>
            <p>All 4 digits$196</p>
            <p>First 3$110</p>
            <p>Last 3$110</p>
            <p>MASS CASH</p>
            <p>Jan. 31 <em class="b">5 6 8 22 27 </em>
            </p>
            <p>
               <em class="i">Jackpot: $100,000; one winner.</em>
            </p>
            <p>LUCKY FOR LIFE</p>
            <p>Jan. 31 <em class="b">2 5 13 19 24 </em>
            </p>
            <p>Lucky Ball <em class="b">13</em>
            </p>
            <p>
               <em class="i">Jackpot: $1,000 a day for life;  no winner.</em>
            </p>
            <p>MEGABUCKS</p>
            <p>Jan. 30<em class="b">1 21 24 41 43 45</em>
            </p>
            <p>
               <em class="i">Jackpot: $1,806,446; no winner.</em>
            </p>
            <p>PREVIOUS DRAWINGS</p>
            <p/>
            <p> 
               <em class="b">Midday</em> 
               <em class="b">Night</em> 
            </p>
            <p>Wednesday <em class="b">5815</em> 
               <em class="b">8611</em> 
            </p>
            <p>Tuesday <em class="b">0689</em> 
               <em class="b">6634</em> 
            </p>
            <p>Monday <em class="b">7050</em> 
               <em class="b">1520</em> 
            </p>
            <p/>
            <p>THURSDAY NUMBERS AROUND NEW ENGLAND</p>
            <p>Maine, N.H., Vermont</p>
            <p>Day: 3-digit 4044-digit <em class="b">9507</em>
            </p>
            <p>Eve: 3-digit <em class="b">116</em>4-digit <em class="b">9965</em>
            </p>
            <p>Wed. Tri-State Megabucks</p>
            <p>
               <em class="b">6 16 33 37 40 (5)</em>
            </p>
            <p>Rhode Island<em class="b">6438</em>
            </p>
            <p>Wednesday's Powerball</p>
            <p>
               <em class="b">14 16 32 47 52</em>
            </p>
            <p>Powerball <em class="b">16</em>
            </p>
         </block>
      </body.content>
   </body>
</nitf>