<?xml version="1.0" encoding="utf-8"?>
<nitf xmlns:xs="http://www.w3.org/2001/XMLSchema" version="//IPTC/DTD NITF 3.2/EN">
   <head>
      <story.date>02-01-2013</story.date>
      <pubdata name="Globe" position.section="Sports" position.subsection=" "
               position.sequence="C,4,800"
               type="print"
               date.publication="20130201000000-05:00"
               ex-ref="http://www.bostonglobe.com/sports/2013/01/31/pittsburgh-penguins-shut-out-new-york-rangers/Qf9UgVe8ECB3ZauwLgx3fP/story.html"/>
      <title>01nhlrdp</title>
      <docdata>
         <doc.id>bbfd77e8-6c04-11e2-a242-50e79c56738a</doc.id>
         <doc.copyright holder="Associated Press"/>
         <doc.rights owner="Associated Press"/>
         <date.issue norm="20130201015944-05:00">2013-02-01T01:59:44</date.issue>
         <identified-content>
            <classifier type="tom">News</classifier>
            <classifier type="taxonomy">Sports/Hockey/NHL</classifier>
            <classifier type="contentdesk">Sports</classifier>
            <classifier type="subdesk"/>
            <location class="primary">Boston, MA</location>
            <location class="latitudelongitude">(42.3584308,-71.0597732)</location>
         </identified-content>
      </docdata>
   </head>
   <body>
      <body.head>
         <hedline>
            <hl1>Vokoun, Penguins shut out Rangers</hl1>
            <hl2 hl2class="subhead"/>
            <hl2 hl2class="overline">nhl roundup</hl2>
            <hl2 hl2class="label"/>
         </hedline>
         <byline>
            <person/>
            <byttl>Associated press</byttl>
         </byline>
         <abstract>Tomas Vokoun stopped 28 shots for his 49th NHL shutout, and the Pittsburgh Penguins scored on the first shot of the first and third periods in a 3-0 victory over the Rangers on Thursday night in New York.</abstract>
      </body.head>
      <body.content>
         <block class="txt">
            <media mediaid="1">
               <media-reference>3ae0dd26-6c1d-11e2-a242-50e79c56738a.jpg</media-reference>
               <media-caption>Rangers center Brad Richards can&#8217;t get his shot past Penguins goalie Tomas Vokoun.</media-caption>
               <media-producer>kathy willens/associated press</media-producer>
               <media-metadata name="pageNumber" value=""/>
               <media-metadata name="wShape" value="370.4"/>
               <media-metadata name="hShape" value="336"/>
            </media>
            <p> Tomas Vokoun stopped 28 shots for his 49th NHL shutout, and the Pittsburgh Penguins scored on the first shot of the first and third periods in a 3-0 victory over the Rangers Thursday night in New York.</p>
            <p>Evgeni Malkin gave the Penguins the lead just 1:24 in, James Neal added a power-play goal 28 seconds into the third &#8212; after another costly penalty for too many men on the ice for the Rangers &#8212; and Simon Despres netted his second NHL goal to give Pittsburgh its second win in five games.</p>
            <p>Malkin added an assist, as did captain Sidney Crosby, on Neal&#8217;s goal. Despres came out of the penalty box to score at 10:23 of the third right after Rangers defenseman Anton Stralman hit the post at the other end.</p>
            <p>Vokoun was steady throughout in earning his 289th NHL victory, but wasn&#8217;t challenged much by the Rangers, who have scored two goals or fewer in four games. He was bailed out twice in the third by drives that struck posts behind him.</p>
            <p>New York struggled to generate offense in its first game without captain Ryan Callahan, expected to be sidelined 10-14 games by a shoulder injury sustained Tuesday in a win against Philadelphia.</p>
            <p>Vokoun, who relieved goalie Marc-Andre Fleury in Pittsburgh&#8217;s 4-1 loss to the New York Islanders on Tuesday, got another start against the Rangers. Vokoun has split time with Fleury and has played in four games. His only wins this season have come at Madison Square Garden.</p>
            <p>
               <em class="b">Sharks 3, Oilers 2</em> &#8212; Michal Handzus and Dan Boyle scored in the shootout to help host San Jose extend the best start in franchise history with its seventh straight win.</p>
            <p>Logan Couture and Joe Pavelski scored unassisted goals off turnovers 39 seconds apart in the second period against Devan Dubnyk to break open a scoreless game. Antti Niemi made 26 saves as the Sharks remained the only unbeaten team in the NHL.</p>
            <p>
               <em class="b">Islanders 5, Devils 4</em> &#8212; Brad Boyes scored a power-play goal on a rebound at 2:01 of overtime as New York handed host New Jersey its third straight OT loss.</p>
            <p>John Tavaras scored twice and Keith Aucoin and Mark Streit once for the Islanders, who avenged an opening-night loss to the Devils. Evgeni Nabokov made 28 saves for New York, including a big one on an early Devils power play in overtime.</p>
            <p>
               <em class="b">Maple Leafs 3, Capitals 2</em> &#8212; Nikolai Kulemin and Matt Frattin scored third-period goals to give Toronto its first home win of the season, a comeback victory over Washington.</p>
            <p>
               <em class="b"/>
               <em class="b">Avalanche 6, Flames 3</em> &#8212; Paul Stastny scored twice, including the go-ahead goal in the third period, to lead visiting Colorado over Calgary.</p>
            <p>
               <em class="b">Blues 4, Blue Jackets </em>1 &#8212; Barret Jackman, Patrik Berglund, and Vladimir Tarasenko scored in the opening 14 minutes, Brian Elliott made 24 saves, and visiting St. Louis won its fourth straight  over Columbus.</p>
            <p>
               <em class="b">Predators 2, Kings 1</em> &#8212; Sergei Kostitsyn scored in the eighth shootout round, and Nashville snapped its three-game skid with a victory in Los Angeles.</p>
            <p>
               <em class="b">Panthers 6, Jets 3 </em>&#8212;  Alex Kovalev scored the go-ahead goal during Florida&#8217;s five-goal outburst in the third period, helping the Panthers rally over Winnipeg in Sunrise, Fla.</p>
         </block>
      </body.content>
   </body>
</nitf>