<?xml version="1.0" encoding="utf-8"?>
<nitf xmlns:xs="http://www.w3.org/2001/XMLSchema" version="//IPTC/DTD NITF 3.2/EN">
   <head>
      <story.date>02-01-2013</story.date>
      <pubdata name="Globe" position.section="Sports" position.subsection=" "
               position.sequence="C,7,999"
               type="print"
               date.publication="20130201000000-05:00"
               ex-ref=""/>
      <title>01sfros</title>
      <docdata>
         <doc.id>47682f86-6bfa-11e2-b0fe-25b534362601</doc.id>
         <doc.copyright holder=" "/>
         <doc.rights owner=" "/>
         <date.issue norm="20130201005252-05:00">2013-02-01T00:52:52</date.issue>
         <identified-content>
            <classifier type="tom">News</classifier>
            <classifier type="contentdesk">Sports</classifier>
            <classifier type="subdesk"/>
            <location class="primary">Boston, MA</location>
            <location class="latitudelongitude">(42.339904,-71.0898892)</location>
         </identified-content>
      </docdata>
   </head>
   <body>
      <body.head>
         <hedline>
            <hl1>San Francisco 49ers roster</hl1>
            <hl2 hl2class="subhead"/>
            <hl2 hl2class="overline"/>
            <hl2 hl2class="label"/>
         </hedline>
         <byline>
            <person/>
            <byttl/>
         </byline>
         <abstract>This is sports agate content</abstract>
      </body.head>
      <body.content>
         <block class="txt">
            <p>SAN FRANCISCO ROSTER</p>
            <p>Coach: Jim Harbaugh</p>
            <p/>
            <p>
               <em class="b">No.</em> 
               <em class="b">Pos.</em> 
               <em class="b">Ht.</em> 
               <em class="b">Wt.</em> 
            </p>
            <p>&#8199;2. David Akers K 5-10 200 </p>
            <p>&#8199;3. Scott Tolzien QB 6-3 208 </p>
            <p>&#8199;4. Andy Lee P 6-2 180 </p>
            <p>&#8199;7. Colin Kaepernick QB 6-4 230 </p>
            <p>11. Alex Smith QB 6-4 217 </p>
            <p>14. Chad Hall WR 5-8 187 </p>
            <p>15. Michael Crabtree WR 6-1 214 </p>
            <p>17. A.J. Jenkins WR 6-0 192 </p>
            <p>19. Ted Ginn Jr. WR 5-11 180 </p>
            <p>20. Perrish Cox CB 6-0 190 </p>
            <p>21. Frank Gore RB 5-9 217 </p>
            <p>22. Carlos Rogers CB 6-0 192 </p>
            <p>23. LaMichael James RB 5-9 195 </p>
            <p>24. Anthony Dixon RB 6-1 233 </p>
            <p>25. Tarell Brown CB 5-10 193 </p>
            <p>26. Tramaine Brock CB 5-10 197 </p>
            <p>27. C.J. Spillman S 6-0 199 </p>
            <p>28. Darcel McBath S 6-1 198 </p>
            <p>29. Chris Culliver CB 6-0 199 </p>
            <p>30. Trenton Robinson S 5-9 193 </p>
            <p>31. Donte Whitner S 5-10 208 </p>
            <p>33. Jewel Hampton RB 5-9 210 </p>
            <p>38. Dashon Goldson S 6-2 200 </p>
            <p>46. Delanie Walker TE 6-0 242 </p>
            <p>48. Will Tukuafu DT 6-4 293 </p>
            <p>49. Bruce Miller RB 6-2 248 </p>
            <p>50. Cam Johnson LB 6-3 268 </p>
            <p>51. Clark Haggans LB 6-4 243 </p>
            <p>52. Patrick Willis LB 6-1 240 </p>
            <p>53. NaVorro Bowman LB 6-0 242 </p>
            <p>54. Larry Grant LB 6-1 251 </p>
            <p>55. Ahmad Brooks LB 6-3 259 </p>
            <p>56. Tavares Gooden LB 6-1 242 </p>
            <p>57. Michael Wilhoite LB 6-0 240 </p>
            <p>59. Jonathan Goodwin C 6-3 318 </p>
            <p>63. Tony Jerod-Eddie DT 6-5 301 </p>
            <p>66. Joe Looney G 6-3 309 </p>
            <p>67. Daniel Kilgore G 6-3 308 </p>
            <p>68. Leonard Davis G 6-6 355 </p>
            <p>74. Joe Staley T 6-5 315 </p>
            <p>75. Alex Boone G 6-8 300 </p>
            <p>76. Anthony Davis T 6-5 323 </p>
            <p>77. Mike Iupati G 6-5 331 </p>
            <p>81. Garrett Celek TE 6-5 252 </p>
            <p>84. Randy Moss WR 6-4 210 </p>
            <p>85. Vernon Davis TE 6-3 250 </p>
            <p>86. Brian Jennings TE 6-5 242 </p>
            <p>90. Isaac Sopoaga NT 6-2 330 </p>
            <p>91. Ray McDonald DT 6-3 290 </p>
            <p>93. Ian Williams NT 6-1 305 </p>
            <p>94. Justin Smith DT 6-4 285 </p>
            <p>95. Ricky Jean Francois DT 6-3 295 </p>
            <p>99. Aldon Smith LB 6-4 258 </p>
            <p/>
         </block>
      </body.content>
   </body>
</nitf>