<?xml version="1.0" encoding="utf-8"?>
<nitf xmlns:xs="http://www.w3.org/2001/XMLSchema" version="//IPTC/DTD NITF 3.2/EN">
   <head>
      <story.date>02-01-2013</story.date>
      <pubdata name="Globe" position.section="Living Arts" position.subsection=" "
               position.sequence="G,31,25"
               type="print"
               date.publication="20130201000000-05:00"
               ex-ref="http://www.bostonglobe.com/arts/television/2013/01/31/demand-movie-highlights/IXrO1nUzX9uPjGJx0DrV5M/story.html"/>
      <title>01demands</title>
      <docdata>
         <doc.id>55f002da-6a57-11e2-baa1-9e8515cd26f3</doc.id>
         <doc.copyright holder=" "/>
         <doc.rights owner=" "/>
         <date.issue norm="20130130211944-05:00">2013-01-30T21:19:44</date.issue>
         <identified-content>
            <classifier type="tom">News</classifier>
            <classifier type="taxonomy">AE/TV and radio</classifier>
            <classifier type="contentdesk">Arts</classifier>
            <classifier type="subdesk"/>
            <location class="primary">Boston, MA</location>
            <location class="latitudelongitude">(42.3548561,-71.0661193)</location>
         </identified-content>
      </docdata>
   </head>
   <body>
      <body.head>
         <hedline>
            <hl1>On Demand picks</hl1>
            <hl2 hl2class="subhead"/>
            <hl2 hl2class="overline"/>
            <hl2 hl2class="label"/>
         </hedline>
         <byline>
            <person/>
            <byttl/>
         </byline>
         <abstract> A sampling of movies available on cable television</abstract>
      </body.head>
      <body.content>
         <block class="txt">
            <p>BEETHOVEN&#8217;S 2ND &#x2605;&#x2605;</p>
            <p>(Comcast Free Movies) Although it&#8217;s equally as silly as the original, this continuation of the saga of a St. Bernard and the suburban family who love him is somehow more fun. Never mind the plot; enjoy the puppies and the Cruella de Vil character played to malevolent perfection by Debi Mazar. (PG; runs through April 12)</p>
            <p>MARRIED TO IT &#x2605;&#x2605;</p>
            <p>(Comcast Free Movies) A prefab comedy about three couples &#8212; 20, 30-, and 40-somethings &#8212; who tackle problems with convenient solutions, while deepening a tri-generational friendship we never believe would exist if the plot didn&#8217;t require it to. (R; runs through April 19)</p>
            <p>SAFE MEN &#x2605;&#x2605;</p>
            <p>(Comcast Free Movies) This eager-to-please comedy about two going-nowhere musicians drafted into safecracking duty by the Jewish mafia of Providence plays like Coen brothers lite. It&#8217;s too mild to be as eccentric as it wants, although Christina Kirk, as a kingpin&#8217;s daughter with a mind of her own, makes a delightfully scatty debut. (R; runs through April 19)</p>
         </block>
      </body.content>
   </body>
</nitf>