<xml>
<PubDate>Fri, 1 Feb 2013 09:18:12 GMT</PubDate>
<Title>With hit singles and Grammy nods, Fun. is having a ball</Title>
<Author>By Sarah Rodman</Author>
<AuthorByTTL>Globe Staff</AuthorByTTL>
<Description>In the year since the release of their sophomore album, &#8220;Some Nights,&#8217;&#8217; the members of the New York pop-rock trio Fun.</Description>
<ArticleId>02012013_b61c04a2-6a38-11e2-a242-50e79c56738a</ArticleId>
<Kicker></Kicker>
<PrintPubDate>Fri, 1 Feb 2013 09:18:12 GMT</PrintPubDate>
<ArticleUrl>http://www.bostonglobe.com/arts/music/2013/01/31/with-hit-singles-and-grammy-nods-fun-having-ball/8dL1kodJ6shu40fRmd9SbJ/story.html</ArticleUrl>
<ShortUrl>http://b.globe.com/WF4pUL</ShortUrl>
<FirstParagraph>In the year since the release of their sophomore album, &#8220;Some Nights,&#8217;&#8217; the members of the New York pop-rock trio Fun.</FirstParagraph>
<SectionId>150001300</SectionId>
<SectionName>Arts</SectionName>
<LockedContent>0</LockedContent>
<DisplayAd>0</DisplayAd>
<Location primary="" latitudelongitude=""/>
<ImageGroup>
<ImageReference>
<ImageCredit>Lindsey Byrnes</ImageCredit>
<ImageCaption></ImageCaption>
<ImageOrientation>Portrait</ImageOrientation>
<Images>
<Image width="480" height="640" type="iphone4" url="http://www.boston.com/partners/greader/images/bbe1b17e-6a4d-11e2-bf18-4fb9427cef87__480x640.jpg"/>
</Images>
</ImageReference>
</ImageGroup>
</xml>
