<xml>
<PubDate>Fri, 1 Feb 2013 09:18:12 GMT</PubDate>
<Title>On Demand picks</Title>
<Author></Author>
<AuthorByTTL></AuthorByTTL>
<Description> A sampling of movies available on cable television.</Description>
<ArticleId>02012013_55f002da-6a57-11e2-baa1-9e8515cd26f3</ArticleId>
<Kicker></Kicker>
<PrintPubDate>Fri, 1 Feb 2013 09:18:12 GMT</PrintPubDate>
<ArticleUrl>http://www.bostonglobe.com/arts/television/2013/01/31/demand-movie-highlights/IXrO1nUzX9uPjGJx0DrV5M/story.html</ArticleUrl>
<ShortUrl>http://b.globe.com/WF4sjE</ShortUrl>
<FirstParagraph> A sampling of movies available on cable television.</FirstParagraph>
<SectionId>150001300</SectionId>
<SectionName>Arts</SectionName>
<LockedContent>0</LockedContent>
<DisplayAd>0</DisplayAd>
<Location primary="" latitudelongitude=""/>
</xml>
