<xml>
<PubDate>Fri, 1 Feb 2013 09:18:09 GMT</PubDate>
<Title>Max Kampelman, 92; led arms negotiations with USSR</Title>
<Author>By William Yardley</Author>
<AuthorByTTL>New York Times</AuthorByTTL>
<Description>Max Kampelman, a US diplomat enlisted by Democratic and Republican presidents to negotiate Cold War treaties with the Soviet Union on nuclear weapons and human rights, died Friday at his home in Washington.</Description>
<ArticleId>02012013_a8695ae0-69d8-11e2-baa1-9e8515cd26f3</ArticleId>
<Kicker></Kicker>
<PrintPubDate>Fri, 1 Feb 2013 09:18:09 GMT</PrintPubDate>
<ArticleUrl>http://www.bostonglobe.com/metro/obituaries/2013/02/01/max-kampelman-led-arms-negotiations-with-ussr/wp2KSmTqtiIEKVqjTFvQ8I/story.html</ArticleUrl>
<ShortUrl>http://b.globe.com/WF4oAm</ShortUrl>
<FirstParagraph>Max Kampelman, a US diplomat enlisted by Democratic and Republican presidents to negotiate Cold War treaties with the Soviet Union on nuclear weapons and human rights, died Friday at his home in Washington.</FirstParagraph>
<SectionId>150001700</SectionId>
<SectionName>News</SectionName>
<LockedContent>0</LockedContent>
<DisplayAd>0</DisplayAd>
<Location primary="" latitudelongitude=""/>
<ImageGroup>
<ImageReference>
<ImageCredit>George Tames/New York Times/file 1985</ImageCredit>
<ImageCaption>Mr. Kampelman with President Reagan, en route to Geneva.</ImageCaption>
<ImageOrientation>Portrait</ImageOrientation>
<Images>
<Image width="480" height="640" type="iphone4" url="http://www.boston.com/partners/greader/images/51d4fa1c-69d9-11e2-baa1-9e8515cd26f3__480x640.jpg"/>
</Images>
</ImageReference>
</ImageGroup>
</xml>
