<xml>
<PubDate>Fri, 1 Feb 2013 09:18:11 GMT</PubDate>
<Title>GOP prods a hesitant Brown</Title>
<Author>By Frank Phillips and Michael Levenson</Author>
<AuthorByTTL>Globe Staff</AuthorByTTL>
<Description>With time running short, Washington Republicans have begun a &#8220;full court press&#8217;&#8217; to persuade an increasingly reluctant Scott Brown to run in the special election to replace John F.</Description>
<ArticleId>02012013_d4791f02-6baf-11e2-b0fe-25b534362601</ArticleId>
<Kicker></Kicker>
<PrintPubDate>Fri, 1 Feb 2013 09:18:11 GMT</PrintPubDate>
<ArticleUrl>http://www.bostonglobe.com/metro/2013/01/31/congressman-lynch-launches-campaign-for-senate-seat/0jIlwDE5YtSJirYrmCec7N/story.html</ArticleUrl>
<ShortUrl>http://b.globe.com/WF4mbH</ShortUrl>
<FirstParagraph>With time running short, Washington Republicans have begun a &#8220;full court press&#8217;&#8217; to persuade an increasingly reluctant Scott Brown to run in the special election to replace John F.</FirstParagraph>
<SectionId>150001000</SectionId>
<SectionName>Metro</SectionName>
<LockedContent>0</LockedContent>
<DisplayAd>0</DisplayAd>
<Location primary="" latitudelongitude=""/>
</xml>
