<xml>
<PubDate>Fri, 1 Feb 2013 09:18:12 GMT</PubDate>
<Title>Beyond the concert hall</Title>
<Author>By Geoff Edgers</Author>
<AuthorByTTL>Globe Staff</AuthorByTTL>
<Description>Yes, they are professional musicians, members of the Boston Symphony Orchestra, but the Boston Cello Quartet is as likely to play dance hall jams as it is to present Mahler and Mozart &#8212; it&#8217;s all in the group&#8217;s bag of musical tricks.</Description>
<ArticleId>02012013_7b1aba02-6a2d-11e2-baa1-9e8515cd26f3</ArticleId>
<Kicker></Kicker>
<PrintPubDate>Fri, 1 Feb 2013 09:18:12 GMT</PrintPubDate>
<ArticleUrl>http://www.bostonglobe.com/arts/music/2013/01/31/cello-dudes/CETsENNYfJwdP4QOb34yoN/story.html</ArticleUrl>
<ShortUrl>http://b.globe.com/WF4s2U</ShortUrl>
<FirstParagraph>Yes, they are professional musicians, members of the Boston Symphony Orchestra, but the Boston Cello Quartet is as likely to play dance hall jams as it is to present Mahler and Mozart &#8212; it&#8217;s all in the group&#8217;s bag of musical tricks.</FirstParagraph>
<SectionId>150001300</SectionId>
<SectionName>Arts</SectionName>
<LockedContent>0</LockedContent>
<DisplayAd>0</DisplayAd>
<Location primary="" latitudelongitude=""/>
<ImageGroup>
<ImageReference>
<ImageCredit>Jesse Weiner</ImageCredit>
<ImageCaption>The Boston Cello Quartet, whose members also play in the Boston Symphony Orchestra, has a repertoire that ranges from Bach and Dvorak to Chick Corea and Astor Piazzolla. The group is celebrating the release of its first CD, &#8220;Pictures,&#8217;&#8217;</ImageCaption>
<ImageOrientation>Landscape</ImageOrientation>
<Images>
<Image width="1136" height="640" type="iphone5" url="http://www.boston.com/partners/greader/images/077a09b4-69aa-11e2-bf18-4fb9427cef87__1136x640.jpg"/>
<Image width="960" height="640" type="iphone4" url="http://www.boston.com/partners/greader/images/077a09b4-69aa-11e2-bf18-4fb9427cef87__960x640.jpg"/>
</Images>
</ImageReference>
<ImageReference>
<ImageCredit>Essdras M Suarez/Globe Staff</ImageCredit>
<ImageCaption>From left: Mihail Jojatu, Alexandre Lecarme, Adam Esbensen, and Blaise Dejardin.</ImageCaption>
<ImageOrientation>Landscape</ImageOrientation>
<Images>
<Image width="1136" height="640" type="iphone5" url="http://www.boston.com/partners/greader/images/895d5012-6748-11e2-8ba5-406ecaa0f04a__1136x640.jpg"/>
<Image width="960" height="640" type="iphone4" url="http://www.boston.com/partners/greader/images/895d5012-6748-11e2-8ba5-406ecaa0f04a__960x640.jpg"/>
</Images>
</ImageReference>
</ImageGroup>
</xml>
