<xml>
<PubDate>Fri, 1 Feb 2013 09:18:11 GMT</PubDate>
<Title>Defendant in bogus check ring sentenced</Title>
<Author>By Lynne Tuohy</Author>
<AuthorByTTL>Associated Press</AuthorByTTL>
<Description>The first of three men who pleaded guilty to being involved in a nationwide identity theft and counterfeit check ring apologized for &#8216;&#8216;criminal debauchery&#8217;&#8217; before a judge in New Hampshire sentenced him Thursday to 3 1/2 years in prison.</Description>
<ArticleId>02012013_15df197a-6be1-11e2-a242-50e79c56738a</ArticleId>
<Kicker></Kicker>
<PrintPubDate>Fri, 1 Feb 2013 09:18:11 GMT</PrintPubDate>
<ArticleUrl>http://www.bostonglobe.com/metro/2013/02/01/convict-gets-over-three-years-counterfeit-check-plot/28MlcA1IgOO1YyZfs40ZJJ/story.html</ArticleUrl>
<ShortUrl>http://b.globe.com/WF4oQV</ShortUrl>
<FirstParagraph>The first of three men who pleaded guilty to being involved in a nationwide identity theft and counterfeit check ring apologized for &#8216;&#8216;criminal debauchery&#8217;&#8217; before a judge in New Hampshire sentenced him Thursday to 3 1/2 years in prison.</FirstParagraph>
<SectionId>150001000</SectionId>
<SectionName>Metro</SectionName>
<LockedContent>0</LockedContent>
<DisplayAd>0</DisplayAd>
<Location primary="" latitudelongitude=""/>
</xml>
