<xml>
<PubDate>Fri, 1 Feb 2013 09:18:16 GMT</PubDate>
<Title>For Vanek, it adds up to dominance</Title>
<Author>By Michael Vega</Author>
<AuthorByTTL>Globe Staff</AuthorByTTL>
<Description>Buffalo&#8217;s Thomas Vanek continued his mastery of the Bruins by recording the eighth hat trick of his career &#8212; and second vs.</Description>
<ArticleId>02012013_0339b0aa-6c22-11e2-baa1-9e8515cd26f3</ArticleId>
<Kicker></Kicker>
<PrintPubDate>Fri, 1 Feb 2013 09:18:16 GMT</PrintPubDate>
<ArticleUrl>http://www.bostonglobe.com/sports/2013/02/01/thomas-vanek-hat-trick-fuels-sabres-win-over-bruins/uYGUBWKVzCiN69HGD6vlZK/story.html</ArticleUrl>
<ShortUrl>http://b.globe.com/WF4t76</ShortUrl>
<FirstParagraph>Buffalo&#8217;s Thomas Vanek continued his mastery of the Bruins by recording the eighth hat trick of his career &#8212; and second vs.</FirstParagraph>
<SectionId>150001400</SectionId>
<SectionName>Sports</SectionName>
<LockedContent>0</LockedContent>
<DisplayAd>0</DisplayAd>
<Location primary="" latitudelongitude=""/>
</xml>
