<xml>
<PubDate>Fri, 1 Feb 2013 09:18:12 GMT</PubDate>
<Title>Record obsession</Title>
<Author>By Matt Parish</Author>
<AuthorByTTL>Globe Correspondent</AuthorByTTL>
<Description>Stepping through the door into Weirdo Records can drop an unprepared visitor right into the middle of conversation about obscure synthesizers, upcoming noise shows, or &#8217;70s pop from Cambodia.</Description>
<ArticleId>02012013_d5492a72-6aeb-11e2-bf18-4fb9427cef87</ArticleId>
<Kicker>Scene &amp; Heard</Kicker>
<PrintPubDate>Fri, 1 Feb 2013 09:18:12 GMT</PrintPubDate>
<ArticleUrl>http://www.bostonglobe.com/arts/2013/01/31/music-obsessed-find-trove-wonders-and-helpful-owner-weirdo-records/2KrJyPSKCFCOLCQuKgZyXM/story.html</ArticleUrl>
<ShortUrl>http://b.globe.com/WF4sjw</ShortUrl>
<FirstParagraph>Stepping through the door into Weirdo Records can drop an unprepared visitor right into the middle of conversation about obscure synthesizers, upcoming noise shows, or &#8217;70s pop from Cambodia.</FirstParagraph>
<SectionId>150001300</SectionId>
<SectionName>Arts</SectionName>
<LockedContent>0</LockedContent>
<DisplayAd>0</DisplayAd>
<Location primary="" latitudelongitude=""/>
<ImageGroup>
<ImageReference>
<ImageCredit>PHOTOS BY JOHN TLUMACKI/GLOBE STAFF</ImageCredit>
<ImageCaption>Angela Sawyer (below) worked as a record clerk in various stores for years before starting Weirdo Records online, and then opening the Central Square storefront business.</ImageCaption>
<ImageOrientation>Portrait</ImageOrientation>
<Images>
<Image width="480" height="640" type="iphone4" url="http://www.boston.com/partners/greader/images/280483b4-67f0-11e2-8ba5-406ecaa0f04a__480x640.jpg"/>
</Images>
</ImageReference>
<ImageReference>
<ImageCredit></ImageCredit>
<ImageCaption></ImageCaption>
<ImageOrientation>Landscape</ImageOrientation>
<Images>
<Image width="1136" height="640" type="iphone5" url="http://www.boston.com/partners/greader/images/2dba8a10-67f0-11e2-8ba5-406ecaa0f04a__1136x640.jpg"/>
<Image width="960" height="640" type="iphone4" url="http://www.boston.com/partners/greader/images/2dba8a10-67f0-11e2-8ba5-406ecaa0f04a__960x640.jpg"/>
</Images>
</ImageReference>
<ImageReference>
<ImageCredit></ImageCredit>
<ImageCaption></ImageCaption>
<ImageOrientation>Portrait</ImageOrientation>
<Images>
<Image width="480" height="640" type="iphone4" url="http://www.boston.com/partners/greader/images/339e1c44-67f0-11e2-8ba5-406ecaa0f04a__480x640.jpg"/>
</Images>
</ImageReference>
</ImageGroup>
</xml>
