<xml>
<PubDate>Fri, 1 Feb 2013 09:18:11 GMT</PubDate>
<Title>The virtues of inexperience</Title>
<Author>By Kevin Cullen</Author>
<AuthorByTTL>Globe Columnist</AuthorByTTL>
<Description>I&#8217;m sitting here, scratching my head, trying to figure out why so many people have their noses out of joint because Governor Deval Patrick appointed as interim US senator a guy who lacks political experience.</Description>
<ArticleId>02012013_428e5a64-6c02-11e2-baa1-9e8515cd26f3</ArticleId>
<Kicker>Kevin Cullen</Kicker>
<PrintPubDate>Fri, 1 Feb 2013 09:18:11 GMT</PrintPubDate>
<ArticleUrl>http://www.bostonglobe.com/metro/2013/02/01/experience-isn-everything/ARuKyn2ndhZhDMesc0U6sO/story.html</ArticleUrl>
<ShortUrl>http://b.globe.com/WF4p7a</ShortUrl>
<FirstParagraph>I&#8217;m sitting here, scratching my head, trying to figure out why so many people have their noses out of joint because Governor Deval Patrick appointed as interim US senator a guy who lacks political experience.</FirstParagraph>
<SectionId>150001000</SectionId>
<SectionName>Metro</SectionName>
<LockedContent>0</LockedContent>
<DisplayAd>0</DisplayAd>
<Location primary="" latitudelongitude=""/>
</xml>
