<xml>
<PubDate>Fri, 1 Feb 2013 09:18:12 GMT</PubDate>
<Title>For Taj Mahal, blues were just the beginning</Title>
<Author>By Scott McLennan</Author>
<AuthorByTTL>Globe Correspondent</AuthorByTTL>
<Description>Even as a young man in the 1960s, Taj Mahal sounded like a seasoned blues veteran.</Description>
<ArticleId>02012013_d1366824-6b2b-11e2-baa1-9e8515cd26f3</ArticleId>
<Kicker></Kicker>
<PrintPubDate>Fri, 1 Feb 2013 09:18:12 GMT</PrintPubDate>
<ArticleUrl>http://www.bostonglobe.com/arts/music/2013/01/31/for-taj-mahal-blues-were-just-beginning/6K2xZcjQQdRuibNPN6MM7O/story.html</ArticleUrl>
<ShortUrl>http://b.globe.com/WF4pUJ</ShortUrl>
<FirstParagraph>Even as a young man in the 1960s, Taj Mahal sounded like a seasoned blues veteran.</FirstParagraph>
<SectionId>150001300</SectionId>
<SectionName>Arts</SectionName>
<LockedContent>0</LockedContent>
<DisplayAd>0</DisplayAd>
<Location primary="" latitudelongitude=""/>
<ImageGroup>
<ImageReference>
<ImageCredit>Jay Blakesberg</ImageCredit>
<ImageCaption>&#8220;Guitar was at the center of the culture at that time,&#8217;&#8217; says Taj Mahal about his youth. &#8220;It didn&#8217;t matter if you were listening to Duane Eddy and Bo Diddley or to boogie-woogie, it was all about guitar.&#8217;&#8217;</ImageCaption>
<ImageOrientation>Landscape</ImageOrientation>
<Images>
<Image width="1136" height="640" type="iphone5" url="http://www.boston.com/partners/greader/images/3f47eb4c-69a8-11e2-bf18-4fb9427cef87__1136x640.jpg"/>
<Image width="960" height="640" type="iphone4" url="http://www.boston.com/partners/greader/images/3f47eb4c-69a8-11e2-bf18-4fb9427cef87__960x640.jpg"/>
</Images>
</ImageReference>
</ImageGroup>
</xml>
