<xml>
<PubDate>Fri, 1 Feb 2013 09:18:11 GMT</PubDate>
<Title>Businesses, labor brace for fight to raise Conn.&#8217;s minimum wage</Title>
<Author>By Stephen Singer</Author>
<AuthorByTTL>Associated Press</AuthorByTTL>
<Description>For the second year in a row, Connecticut&#8217;s largest business group and labor advocates are digging in for a fight in the legislature over raising the minimum wage.</Description>
<ArticleId>02012013_31c5efa6-6be1-11e2-a242-50e79c56738a</ArticleId>
<Kicker></Kicker>
<PrintPubDate>Fri, 1 Feb 2013 09:18:11 GMT</PrintPubDate>
<ArticleUrl>http://www.bostonglobe.com/metro/2013/02/01/minimum-wage-rise-back-conn-legislative-agenda/6M3Zr3viGmJCPqQJpKWC1O/story.html</ArticleUrl>
<ShortUrl>http://b.globe.com/WF4rMr</ShortUrl>
<FirstParagraph>For the second year in a row, Connecticut&#8217;s largest business group and labor advocates are digging in for a fight in the legislature over raising the minimum wage.</FirstParagraph>
<SectionId>150001000</SectionId>
<SectionName>Metro</SectionName>
<LockedContent>0</LockedContent>
<DisplayAd>0</DisplayAd>
<Location primary="" latitudelongitude=""/>
</xml>
