<xml>
<PubDate>Fri, 1 Feb 2013 09:18:17 GMT</PubDate>
<Title>Adelson&#8217;s latest losing bet</Title>
<Author></Author>
<AuthorByTTL></AuthorByTTL>
<Description>If Chuck Hagel, President Obama&#8217;s nominee to lead the Pentagon, ever harbored any doubts that he&#8217;d be confirmed, he can rest easy now that billionaire Republican donor Sheldon Adelson is lobbying against him.</Description>
<ArticleId>02012013_dc6bc5e6-6a30-11e2-a242-50e79c56738a</ArticleId>
<Kicker>ad campaign against hagel</Kicker>
<PrintPubDate>Fri, 1 Feb 2013 09:18:17 GMT</PrintPubDate>
<ArticleUrl></ArticleUrl>
<ShortUrl></ShortUrl>
<FirstParagraph>If Chuck Hagel, President Obama&#8217;s nominee to lead the Pentagon, ever harbored any doubts that he&#8217;d be confirmed, he can rest easy now that billionaire Republican donor Sheldon Adelson is lobbying against him.</FirstParagraph>
<SectionId>150000000</SectionId>
<SectionName>Opinion</SectionName>
<LockedContent>0</LockedContent>
<DisplayAd>0</DisplayAd>
<Location primary="" latitudelongitude=""/>
</xml>
