<xml>
<PubDate>Fri, 1 Feb 2013 09:18:12 GMT</PubDate>
<Title>Programs need sound choices</Title>
<Author>By Matthew Gilbert</Author>
<AuthorByTTL>Globe Staff</AuthorByTTL>
<Description>TV history is littered with blown attempts at musical drama and comedy.</Description>
<ArticleId>02012013_3e036f34-6aea-11e2-b0fe-25b534362601</ArticleId>
<Kicker>Critic&#8217;s Notebook</Kicker>
<PrintPubDate>Fri, 1 Feb 2013 09:18:12 GMT</PrintPubDate>
<ArticleUrl>http://www.bostonglobe.com/arts/music/2013/01/31/smash-glee-treme-and-nashville-shine-spotlight-musical-series-but-they-really-work/QD1pDcFLtisSPevcm8BP0L/story.html</ArticleUrl>
<ShortUrl>http://b.globe.com/WF4sju</ShortUrl>
<FirstParagraph>TV history is littered with blown attempts at musical drama and comedy.</FirstParagraph>
<SectionId>150001300</SectionId>
<SectionName>Arts</SectionName>
<LockedContent>0</LockedContent>
<DisplayAd>0</DisplayAd>
<Location primary="" latitudelongitude=""/>
<ImageGroup>
<ImageReference>
<ImageCredit>Chris Hollo</ImageCredit>
<ImageCaption>Connie Britton (left) and Hayden PANETTIERE sing a duet in the ABC musical series &#8220;Nashville.&#8217;&#8217;</ImageCaption>
<ImageOrientation>Portrait</ImageOrientation>
<Images>
<Image width="480" height="640" type="iphone4" url="http://www.boston.com/partners/greader/images/9b499690-6735-11e2-8ba5-406ecaa0f04a__480x640.jpg"/>
</Images>
</ImageReference>
<ImageReference>
<ImageCredit>Paul Schiraldi/HBO</ImageCredit>
<ImageCaption>Christian Scott (left) and Rob Brown in one of the many music scenes from HBO&#8217;s &#8220;Treme.&#8217;&#8217;</ImageCaption>
<ImageOrientation>Landscape</ImageOrientation>
<Images>
<Image width="1136" height="640" type="iphone5" url="http://www.boston.com/partners/greader/images/8a75bccc-6735-11e2-8ba5-406ecaa0f04a__1136x640.jpg"/>
<Image width="960" height="640" type="iphone4" url="http://www.boston.com/partners/greader/images/8a75bccc-6735-11e2-8ba5-406ecaa0f04a__960x640.jpg"/>
</Images>
</ImageReference>
<ImageReference>
<ImageCredit>Adam Rose/FOX</ImageCredit>
<ImageCaption>Santana (Naya Rivera, center) in a musical number from &#8220;Glee.&#8217;&#8217;</ImageCaption>
<ImageOrientation>Landscape</ImageOrientation>
<Images>
<Image width="1136" height="640" type="iphone5" url="http://www.boston.com/partners/greader/images/af2db614-6735-11e2-8ba5-406ecaa0f04a__1136x640.jpg"/>
<Image width="960" height="640" type="iphone4" url="http://www.boston.com/partners/greader/images/af2db614-6735-11e2-8ba5-406ecaa0f04a__960x640.jpg"/>
</Images>
</ImageReference>
</ImageGroup>
</xml>
