<xml>
<PubDate>Fri, 1 Feb 2013 09:18:12 GMT</PubDate>
<Title>High Five</Title>
<Author>By Sarah Rodman</Author>
<AuthorByTTL>Globe Staff</AuthorByTTL>
<Description>Jackie Evancho may not be old enough for an American Express card, but there are still several things the 12-year-old singing phenom won&#8217;t leave home without.</Description>
<ArticleId>02012013_55185e38-699a-11e2-a242-50e79c56738a</ArticleId>
<Kicker>High Five</Kicker>
<PrintPubDate>Fri, 1 Feb 2013 09:18:12 GMT</PrintPubDate>
<ArticleUrl>http://www.bostonglobe.com/arts/music/2013/01/31/high-five-jackie-evancho/SeulOSvJYDmcn0TzJV2mmK/story.html</ArticleUrl>
<ShortUrl>http://b.globe.com/WF4sjA</ShortUrl>
<FirstParagraph>Jackie Evancho may not be old enough for an American Express card, but there are still several things the 12-year-old singing phenom won&#8217;t leave home without.</FirstParagraph>
<SectionId>150001300</SectionId>
<SectionName>Arts</SectionName>
<LockedContent>0</LockedContent>
<DisplayAd>0</DisplayAd>
<Location primary="" latitudelongitude=""/>
<ImageGroup>
<ImageReference>
<ImageCredit></ImageCredit>
<ImageCaption></ImageCaption>
<ImageOrientation>Landscape</ImageOrientation>
<Images>
<Image width="1136" height="640" type="iphone5" url="http://www.boston.com/partners/greader/images/78f73e7a-69a2-11e2-bf18-4fb9427cef87__1136x640.jpg"/>
<Image width="960" height="640" type="iphone4" url="http://www.boston.com/partners/greader/images/78f73e7a-69a2-11e2-bf18-4fb9427cef87__960x640.jpg"/>
</Images>
</ImageReference>
</ImageGroup>
</xml>
