<xml>
<PubDate>Fri, 1 Feb 2013 09:18:12 GMT</PubDate>
<Title>Reflection for the Day</Title>
<Author></Author>
<AuthorByTTL></AuthorByTTL>
<Description>A daily thought to amuse, enlighten, or inspire.</Description>
<ArticleId>02012013_1f83f00a-6a32-11e2-a242-50e79c56738a</ArticleId>
<Kicker></Kicker>
<PrintPubDate>Fri, 1 Feb 2013 09:18:12 GMT</PrintPubDate>
<ArticleUrl>http://www.bostonglobe.com/lifestyle/2013/01/31/reflection-for-day/SI5S3YsSQfvHhTzRfCeUyO/story.html</ArticleUrl>
<ShortUrl>http://b.globe.com/WF4szY</ShortUrl>
<FirstParagraph>A daily thought to amuse, enlighten, or inspire.</FirstParagraph>
<SectionId>150001300</SectionId>
<SectionName>Arts</SectionName>
<LockedContent>0</LockedContent>
<DisplayAd>0</DisplayAd>
<Location primary="" latitudelongitude=""/>
</xml>
