<xml>
<PubDate>Fri, 1 Feb 2013 09:18:12 GMT</PubDate>
<Title>Reflections from &#8216;the sidelines&#8217;</Title>
<Author>By Sarah Rodman</Author>
<AuthorByTTL>Globe Staff</AuthorByTTL>
<Description>There is something disarming about the no-nonsense approach that Cissy Houston takes in recounting life with her daughter, pop superstar Whitney, who passed away nearly a year ago at 48.</Description>
<ArticleId>02012013_35625af8-69a4-11e2-a242-50e79c56738a</ArticleId>
<Kicker>Book Review</Kicker>
<PrintPubDate>Fri, 1 Feb 2013 09:18:12 GMT</PrintPubDate>
<ArticleUrl>http://www.bostonglobe.com/arts/2013/01/31/book-review-remembering-whitney-story-love-loss-and-night-music-stopped-cissy-houston-with-lisa-dickey/au6ului8yQb0NenyQdeToI/story.html</ArticleUrl>
<ShortUrl>http://b.globe.com/WF4pnS</ShortUrl>
<FirstParagraph>There is something disarming about the no-nonsense approach that Cissy Houston takes in recounting life with her daughter, pop superstar Whitney, who passed away nearly a year ago at 48.</FirstParagraph>
<SectionId>150001300</SectionId>
<SectionName>Arts</SectionName>
<LockedContent>0</LockedContent>
<DisplayAd>0</DisplayAd>
<Location primary="" latitudelongitude=""/>
<ImageGroup>
<ImageReference>
<ImageCredit>Dan Hallman/Invision via AP (left); ABDELHAK SENNA/AFP/Getty Images/file 2008</ImageCredit>
<ImageCaption>Cissy Houston (left) recalls daughter Whitney (right) as funny and smart, but also stubborn and emotionally remote.</ImageCaption>
<ImageOrientation>Landscape</ImageOrientation>
<Images>
<Image width="1136" height="640" type="iphone5" url="http://www.boston.com/partners/greader/images/715e5eda-5537-11e1-baa0-8957a7430158__1136x640.jpg"/>
<Image width="960" height="640" type="iphone4" url="http://www.boston.com/partners/greader/images/715e5eda-5537-11e1-baa0-8957a7430158__960x640.jpg"/>
</Images>
</ImageReference>
<ImageReference>
<ImageCredit></ImageCredit>
<ImageCaption></ImageCaption>
<ImageOrientation>Portrait</ImageOrientation>
<Images>
<Image width="480" height="640" type="iphone4" url="http://www.boston.com/partners/greader/images/95a1a6b0-6a28-11e2-bf18-4fb9427cef87__480x640.jpg"/>
</Images>
</ImageReference>
</ImageGroup>
</xml>
