<xml>
<PubDate>Fri, 1 Feb 2013 09:18:12 GMT</PubDate>
<Title>When your boyfriend&#8217;s a zombie</Title>
<Author>By Ty Burr</Author>
<AuthorByTTL>Globe Staff</AuthorByTTL>
<Description>*** Warm Bodies A zombie date flick that has its &#8220;Twilight&#8217;&#8217; and makes fun of it too, thanks to a cheeky screenplay and tart direction by Jonathan Levine (&#8220;50/50&#8217;&#8217;).</Description>
<ArticleId>02012013_502423a4-6a2a-11e2-b0fe-25b534362601</ArticleId>
<Kicker>Movie Review</Kicker>
<PrintPubDate>Fri, 1 Feb 2013 09:18:12 GMT</PrintPubDate>
<ArticleUrl>http://www.bostonglobe.com/arts/movies/2013/01/31/movie-review-warm-bodies/EZVkW5PFq1JumINFTH64CP/story.html</ArticleUrl>
<ShortUrl>http://b.globe.com/WF4pnZ</ShortUrl>
<FirstParagraph>*** Warm Bodies A zombie date flick that has its &#8220;Twilight&#8217;&#8217; and makes fun of it too, thanks to a cheeky screenplay and tart direction by Jonathan Levine (&#8220;50/50&#8217;&#8217;).</FirstParagraph>
<SectionId>150001300</SectionId>
<SectionName>Arts</SectionName>
<LockedContent>0</LockedContent>
<DisplayAd>0</DisplayAd>
<Location primary="" latitudelongitude=""/>
<ImageGroup>
<ImageReference>
<ImageCredit>Jan Thijs/Summit Entertainment</ImageCredit>
<ImageCaption>Teresa Palmer and Nicholas Hoult star in the zombie love story &#8220;Warm Bodies.&#8217;&#8217;</ImageCaption>
<ImageOrientation>Landscape</ImageOrientation>
<Images>
<Image width="1136" height="640" type="iphone5" url="http://www.boston.com/partners/greader/images/03b86704-6661-11e2-8168-3fe0aff0fa46__1136x640.jpg"/>
<Image width="960" height="640" type="iphone4" url="http://www.boston.com/partners/greader/images/03b86704-6661-11e2-8168-3fe0aff0fa46__960x640.jpg"/>
</Images>
</ImageReference>
</ImageGroup>
</xml>
