<xml>
<PubDate>Fri, 1 Feb 2013 09:18:12 GMT</PubDate>
<Title>He gets grief for skipping funeral</Title>
<Author></Author>
<AuthorByTTL></AuthorByTTL>
<Description> Advice from Margo Howard.</Description>
<ArticleId>02012013_aaf96534-6690-11e2-a41c-48b12b8dd7a4</ArticleId>
<Kicker>Dear Margo</Kicker>
<PrintPubDate>Fri, 1 Feb 2013 09:18:12 GMT</PrintPubDate>
<ArticleUrl>http://www.bostonglobe.com/lifestyle/2013/01/31/dear-margo-column/28QnSDRuZ5POz5smMxv7GJ/story.html</ArticleUrl>
<ShortUrl>http://b.globe.com/WF4pUV</ShortUrl>
<FirstParagraph> Advice from Margo Howard.</FirstParagraph>
<SectionId>150001300</SectionId>
<SectionName>Arts</SectionName>
<LockedContent>0</LockedContent>
<DisplayAd>0</DisplayAd>
<Location primary="" latitudelongitude=""/>
</xml>
