<xml>
<PubDate>Fri, 1 Feb 2013 09:18:17 GMT</PubDate>
<Title>Off the grid in Boston</Title>
<Author> By Carlo Rotella</Author>
<AuthorByTTL>Globe Columnist</AuthorByTTL>
<Description>.</Description>
<ArticleId>02012013_aed44930-6b04-11e2-a242-50e79c56738a</ArticleId>
<Kicker>CARLO ROTELLA</Kicker>
<PrintPubDate>Fri, 1 Feb 2013 09:18:17 GMT</PrintPubDate>
<ArticleUrl></ArticleUrl>
<ShortUrl></ShortUrl>
<FirstParagraph>.</FirstParagraph>
<SectionId>150000000</SectionId>
<SectionName>Opinion</SectionName>
<LockedContent>0</LockedContent>
<DisplayAd>0</DisplayAd>
<Location primary="" latitudelongitude=""/>
<ImageGroup>
<ImageReference>
<ImageCredit>istockphoto/the boston globe; globe staff illustration</ImageCredit>
<ImageCaption></ImageCaption>
<ImageOrientation>Portrait</ImageOrientation>
<Images>
<Image width="480" height="640" type="iphone4" url="http://www.boston.com/partners/greader/images/b7be9eca-6bd5-11e2-baa1-9e8515cd26f3__480x640.jpg"/>
</Images>
</ImageReference>
</ImageGroup>
</xml>
