<xml>
<PubDate>Fri, 1 Feb 2013 09:18:15 GMT</PubDate>
<Title>snapshot</Title>
<Author></Author>
<AuthorByTTL></AuthorByTTL>
<Description>.</Description>
<ArticleId>02012013_6d13373e-6be2-11e2-b0fe-25b534362601</ArticleId>
<Kicker></Kicker>
<PrintPubDate>Fri, 1 Feb 2013 09:18:15 GMT</PrintPubDate>
<ArticleUrl></ArticleUrl>
<ShortUrl></ShortUrl>
<FirstParagraph>.</FirstParagraph>
<SectionId>150001200</SectionId>
<SectionName>Business</SectionName>
<LockedContent>0</LockedContent>
<DisplayAd>0</DisplayAd>
<Location primary="" latitudelongitude=""/>
</xml>
