<xml>
<PubDate>Fri, 1 Feb 2013 09:18:11 GMT</PubDate>
<Title>Two men are arrested in Brookline armed robbery</Title>
<Author>By Brock Parker</Author>
<AuthorByTTL>Globe Correspondent</AuthorByTTL>
<Description>Brookline Police arrested two men Thursday on armed robbery charges after they allegedly used a credit card stolen from a Boston University researcher Tuesday to buy an MBTA Charlie Card.Police arrested Wallace Vick, 19, of Dorchester, and Shaqone Cazeau, 20, of Boston, at their apartments on charges of armed robbery while masked and armed robbery with the intent to murder.</Description>
<ArticleId>02012013_018659d4-6bfa-11e2-baa1-9e8515cd26f3</ArticleId>
<Kicker></Kicker>
<PrintPubDate>Fri, 1 Feb 2013 09:18:11 GMT</PrintPubDate>
<ArticleUrl>http://www.bostonglobe.com/metro/2013/02/01/two-arrested-armed-robbery-and-stabbing-near-boston-university/o1KmbxvVJ78uIXYKQ7B05J/story.html</ArticleUrl>
<ShortUrl>http://b.globe.com/WF4oQL</ShortUrl>
<FirstParagraph>Brookline Police arrested two men Thursday on armed robbery charges after they allegedly used a credit card stolen from a Boston University researcher Tuesday to buy an MBTA Charlie Card.Police arrested Wallace Vick, 19, of Dorchester, and Shaqone Cazeau, 20, of Boston, at their apartments on charges of armed robbery while masked and armed robbery with the intent to murder.</FirstParagraph>
<SectionId>150001000</SectionId>
<SectionName>Metro</SectionName>
<LockedContent>0</LockedContent>
<DisplayAd>0</DisplayAd>
<Location primary="" latitudelongitude=""/>
</xml>
