<xml>
<PubDate>Fri, 1 Feb 2013 09:18:15 GMT</PubDate>
<Title>Dunkin&#8217; profit rises even as revenue slips</Title>
<Author></Author>
<AuthorByTTL></AuthorByTTL>
<Description>Dunkin&#8217; Brands Group, the parent of Dunkin&#8217; Donuts and Baskin-Robbins, said fourth-quarter profit rose 196.2 percent to $34.3 million, even as revenue declined 4 percent.</Description>
<ArticleId>02012013_e765a384-6be0-11e2-b0fe-25b534362601</ArticleId>
<Kicker></Kicker>
<PrintPubDate>Fri, 1 Feb 2013 09:18:15 GMT</PrintPubDate>
<ArticleUrl>http://www.bostonglobe.com/business/2013/02/01/dunkin-brands-stock-rises-after-profit-surges/YP7wqiN8Ea9951bMG8tpxN/story.html</ArticleUrl>
<ShortUrl>http://b.globe.com/WF4qbt</ShortUrl>
<FirstParagraph>Dunkin&#8217; Brands Group, the parent of Dunkin&#8217; Donuts and Baskin-Robbins, said fourth-quarter profit rose 196.2 percent to $34.3 million, even as revenue declined 4 percent.</FirstParagraph>
<SectionId>150001200</SectionId>
<SectionName>Business</SectionName>
<LockedContent>0</LockedContent>
<DisplayAd>0</DisplayAd>
<Location primary="" latitudelongitude=""/>
<ImageGroup>
<ImageReference>
<ImageCredit>Associated Press/File 2011</ImageCredit>
<ImageCaption>Dunkin&#8217; Brands Group is based in Canton.</ImageCaption>
<ImageOrientation>Landscape</ImageOrientation>
<Images>
<Image width="1136" height="640" type="iphone5" url="http://www.boston.com/partners/greader/images/52266528-5057-11e2-ae03-a1cd42f5615f__1136x640.jpg"/>
<Image width="960" height="640" type="iphone4" url="http://www.boston.com/partners/greader/images/52266528-5057-11e2-ae03-a1cd42f5615f__960x640.jpg"/>
</Images>
</ImageReference>
</ImageGroup>
</xml>
