<xml>
<PubDate>Fri, 1 Feb 2013 09:18:11 GMT</PubDate>
<Title>Sox season-ticket renewals drop</Title>
<Author>By Nick Cafardo</Author>
<AuthorByTTL>Globe Staff</AuthorByTTL>
<Description>The announcement would always come around the seventh inning, when a Red Sox publicist would tell fans in attendance that Fenway Park was again sold out, a streak that stands at 793 games and dates to May 15, 2003.</Description>
<ArticleId>02012013_fdd4fd12-6bb4-11e2-a242-50e79c56738a</ArticleId>
<Kicker></Kicker>
<PrintPubDate>Fri, 1 Feb 2013 09:18:11 GMT</PrintPubDate>
<ArticleUrl>http://www.bostonglobe.com/sports/2013/02/01/red-sox-season-ticket-renewals-are-down-percent/UxpgHW6cbuahlKHd96D2DL/story.html</ArticleUrl>
<ShortUrl>http://b.globe.com/WF4oQE</ShortUrl>
<FirstParagraph>The announcement would always come around the seventh inning, when a Red Sox publicist would tell fans in attendance that Fenway Park was again sold out, a streak that stands at 793 games and dates to May 15, 2003.</FirstParagraph>
<SectionId>150001000</SectionId>
<SectionName>Metro</SectionName>
<LockedContent>0</LockedContent>
<DisplayAd>0</DisplayAd>
<Location primary="" latitudelongitude=""/>
<ImageGroup>
<ImageReference>
<ImageCredit>Yoon S. Byun/Globe Staff/file 2012</ImageCredit>
<ImageCaption>The sellout streak is the second-longest in pro sports.</ImageCaption>
<ImageOrientation>Landscape</ImageOrientation>
<Images>
<Image width="1136" height="640" type="iphone5" url="http://www.boston.com/partners/greader/images/c6376256-9553-11e1-9792-d8a6508ba7da__1136x640.jpg"/>
<Image width="960" height="640" type="iphone4" url="http://www.boston.com/partners/greader/images/c6376256-9553-11e1-9792-d8a6508ba7da__960x640.jpg"/>
</Images>
</ImageReference>
</ImageGroup>
</xml>
