<xml>
<PubDate>Fri, 1 Feb 2013 09:18:11 GMT</PubDate>
<Title>Hughes narrowly wins top GOP post</Title>
<Author>By Stephanie Ebbert</Author>
<AuthorByTTL>Globe Staff</AuthorByTTL>
<Description>Kirsten Hughes, a campaign aide to former US Senator Scott Brown whom he backed to lead the Massachusetts Republican Party through the upcoming election cycle, was voted state party chairman Thursday night in a contest so narrow that it briefly appeared to be a tie.</Description>
<ArticleId>02012013_560f469c-6be5-11e2-a242-50e79c56738a</ArticleId>
<Kicker></Kicker>
<PrintPubDate>Fri, 1 Feb 2013 09:18:11 GMT</PrintPubDate>
<ArticleUrl>http://www.bostonglobe.com/metro/2013/02/01/kirsten-hughes-former-scott-brown-aide-elected-chairman-state-gop/0b6SrGpnuDbQ5N0zSKcyfM/story.html</ArticleUrl>
<ShortUrl>http://b.globe.com/WF4oQN</ShortUrl>
<FirstParagraph>Kirsten Hughes, a campaign aide to former US Senator Scott Brown whom he backed to lead the Massachusetts Republican Party through the upcoming election cycle, was voted state party chairman Thursday night in a contest so narrow that it briefly appeared to be a tie.</FirstParagraph>
<SectionId>150001000</SectionId>
<SectionName>Metro</SectionName>
<LockedContent>0</LockedContent>
<DisplayAd>0</DisplayAd>
<Location primary="" latitudelongitude=""/>
</xml>
