<xml>
<PubDate>Fri, 1 Feb 2013 09:18:11 GMT</PubDate>
<Title>Man held, is called suspect in 24 fires</Title>
<Author>By Brian Ballou</Author>
<AuthorByTTL>Globe Staff</AuthorByTTL>
<Description>A Middleborough man and his stepson were arrested near the site of a blaze in West Bridgewater on Wednesday night and charged with arson &#8212; an arrest that authorities believe will solve a string of mysterious fires across the region that have dogged authorities for months.</Description>
<ArticleId>02012013_9b35efca-6bb1-11e2-b0fe-25b534362601</ArticleId>
<Kicker></Kicker>
<PrintPubDate>Fri, 1 Feb 2013 09:18:11 GMT</PrintPubDate>
<ArticleUrl>http://www.bostonglobe.com/metro/2013/01/31/two-men-charged-with-arson-west-bridgewater-fire-and-officials-search-for-link-arson-spree/acvVl4QPdCQMkYUAVJokkM/story.html</ArticleUrl>
<ShortUrl>http://b.globe.com/WF4mbL</ShortUrl>
<FirstParagraph>A Middleborough man and his stepson were arrested near the site of a blaze in West Bridgewater on Wednesday night and charged with arson &#8212; an arrest that authorities believe will solve a string of mysterious fires across the region that have dogged authorities for months.</FirstParagraph>
<SectionId>150001000</SectionId>
<SectionName>Metro</SectionName>
<LockedContent>0</LockedContent>
<DisplayAd>0</DisplayAd>
<Location primary="" latitudelongitude=""/>
<ImageGroup>
<ImageReference>
<ImageCredit>George Rizer for the Boston GLobeGeorge Rizer for the Boston Globe</ImageCredit>
<ImageCaption>Mark Sargent (right) and Jeanmarie Louis in court Thursday.Robert Iafrate inspected the damage a fire caused to his building Thursday in West Bridgewater.</ImageCaption>
<ImageOrientation>Landscape</ImageOrientation>
<Images>
<Image width="1136" height="640" type="iphone5" url="http://www.boston.com/partners/greader/images/44322c90-6bdc-11e2-86f0-9a1ce78484a2__1136x640.jpg"/>
<Image width="960" height="640" type="iphone4" url="http://www.boston.com/partners/greader/images/44322c90-6bdc-11e2-86f0-9a1ce78484a2__960x640.jpg"/>
</Images>
</ImageReference>
</ImageGroup>
</xml>
