<xml>
<PubDate>Fri, 1 Feb 2013 09:18:11 GMT</PubDate>
<Title>N.H. bill seeks higher fees from hikers who are rescued</Title>
<Author>By Norma Love</Author>
<AuthorByTTL>Associated Press</AuthorByTTL>
<Description>Hikers and others rescued in New Hampshire&#8217;s backwoods could pay several hundred dollars in fees to help dig the state&#8217;s search and rescue fund out of the red.</Description>
<ArticleId>02012013_548a702a-6be1-11e2-a242-50e79c56738a</ArticleId>
<Kicker></Kicker>
<PrintPubDate>Fri, 1 Feb 2013 09:18:11 GMT</PrintPubDate>
<ArticleUrl>http://www.bostonglobe.com/metro/2013/02/01/hikers-rescued-could-pay-fee-under-bill/E1pbw7Mhp8OTRN0tpujkcJ/story.html</ArticleUrl>
<ShortUrl>http://b.globe.com/WF4p7l</ShortUrl>
<FirstParagraph>Hikers and others rescued in New Hampshire&#8217;s backwoods could pay several hundred dollars in fees to help dig the state&#8217;s search and rescue fund out of the red.</FirstParagraph>
<SectionId>150001000</SectionId>
<SectionName>Metro</SectionName>
<LockedContent>0</LockedContent>
<DisplayAd>0</DisplayAd>
<Location primary="" latitudelongitude=""/>
</xml>
