<xml>
<PubDate>Fri, 1 Feb 2013 09:18:09 GMT</PubDate>
<Title>Replacement bells to restore harmony to Paris&#8217;s Notre Dame Cathedral</Title>
<Author>By JEFFREY SCHAEFFER</Author>
<AuthorByTTL>Associated Press</AuthorByTTL>
<Description>Nine enormous bronze bells have made their way on flatbed trucks from a Normandy foundry to what is hoped will be their home for centuries to come, Notre Dame Cathedral, helping the medieval edifice to rediscover its historical harmony..</Description>
<ArticleId>02012013_c850a40a-6be8-11e2-b0fe-25b534362601</ArticleId>
<Kicker></Kicker>
<PrintPubDate>Fri, 1 Feb 2013 09:18:09 GMT</PrintPubDate>
<ArticleUrl></ArticleUrl>
<ShortUrl></ShortUrl>
<FirstParagraph>Nine enormous bronze bells have made their way on flatbed trucks from a Normandy foundry to what is hoped will be their home for centuries to come, Notre Dame Cathedral, helping the medieval edifice to rediscover its historical harmony..</FirstParagraph>
<SectionId>150001700</SectionId>
<SectionName>News</SectionName>
<LockedContent>0</LockedContent>
<DisplayAd>0</DisplayAd>
<Location primary="" latitudelongitude=""/>
<ImageGroup>
<ImageReference>
<ImageCredit>CHARLES PLATIAU/REUTERS</ImageCredit>
<ImageCaption>The nine bells will be displayed outside Notre Dame until Feb. 25, and then will be hoisted into the cathedral&#8217;s towers.</ImageCaption>
<ImageOrientation>Landscape</ImageOrientation>
<Images>
<Image width="1136" height="640" type="iphone5" url="http://www.boston.com/partners/greader/images/a36f9c9e-6bd0-11e2-b0fe-25b534362601__1136x640.jpg"/>
<Image width="960" height="640" type="iphone4" url="http://www.boston.com/partners/greader/images/a36f9c9e-6bd0-11e2-b0fe-25b534362601__960x640.jpg"/>
</Images>
</ImageReference>
</ImageGroup>
</xml>
