<xml>
<PubDate>Fri, 1 Feb 2013 09:18:12 GMT</PubDate>
<Title>Amanda, reexamined</Title>
<Author>By Patti Hartigan</Author>
<AuthorByTTL>Globe Correspondent</AuthorByTTL>
<Description>A couple of years ago, over lunch with Tony Award-winning actress Cherry Jones, British director John Tiffany was struck with an image: He saw her as Amanda Wingfield, the domineering matriarch in Tennessee Williams&#8217;s &#8220;The Glass Menagerie.&#8217;&#8217; But when he suggested that he direct her in the legendary role, her answer was clear and immediate: &#8220;No, never, not that play.&#8217;&#8217; She has since come around.</Description>
<ArticleId>02012013_5e2eb154-6a51-11e2-b0fe-25b534362601</ArticleId>
<Kicker></Kicker>
<PrintPubDate>Fri, 1 Feb 2013 09:18:12 GMT</PrintPubDate>
<ArticleUrl>http://www.bostonglobe.com/arts/2013/01/31/cherry-jones-looks-homeward-play-williams-heroine-john-tiffany-glass-menagerie/y4XNxGPyjPIu5qNCXCjJDK/story.html</ArticleUrl>
<ShortUrl>http://b.globe.com/WF4s2R</ShortUrl>
<FirstParagraph>A couple of years ago, over lunch with Tony Award-winning actress Cherry Jones, British director John Tiffany was struck with an image: He saw her as Amanda Wingfield, the domineering matriarch in Tennessee Williams&#8217;s &#8220;The Glass Menagerie.&#8217;&#8217; But when he suggested that he direct her in the legendary role, her answer was clear and immediate: &#8220;No, never, not that play.&#8217;&#8217; She has since come around.</FirstParagraph>
<SectionId>150001300</SectionId>
<SectionName>Arts</SectionName>
<LockedContent>0</LockedContent>
<DisplayAd>0</DisplayAd>
<Location primary="" latitudelongitude=""/>
<ImageGroup>
<ImageReference>
<ImageCredit>ARAM BOGHOSIAN FOR THE BOSTON GLOBE</ImageCredit>
<ImageCaption>Cherry Jones and John Tiffany at American Repertory Theater&#8217;s Church Street rehearsal space, where they have been working on &#8220;The Glass Menagerie.&#8217;&#8217;</ImageCaption>
<ImageOrientation>Landscape</ImageOrientation>
<Images>
<Image width="1136" height="640" type="iphone5" url="http://www.boston.com/partners/greader/images/b0426236-5f4f-11e2-a342-38ca8b91ff3a__1136x640.jpg"/>
<Image width="960" height="640" type="iphone4" url="http://www.boston.com/partners/greader/images/b0426236-5f4f-11e2-a342-38ca8b91ff3a__960x640.jpg"/>
</Images>
</ImageReference>
<ImageReference>
<ImageCredit>YOON S. BYUN/GLOBE STAFF</ImageCredit>
<ImageCaption>Celia Keenan-Bolger plays Laura, a young woman as delicate and unworldly as the symbolic glass unicorn at the center of Tennessee Williams&#8217;s play.</ImageCaption>
<ImageOrientation>Landscape</ImageOrientation>
<Images>
<Image width="1136" height="640" type="iphone5" url="http://www.boston.com/partners/greader/images/842962d0-64fe-11e2-8168-3fe0aff0fa46__1136x640.jpg"/>
<Image width="960" height="640" type="iphone4" url="http://www.boston.com/partners/greader/images/842962d0-64fe-11e2-8168-3fe0aff0fa46__960x640.jpg"/>
</Images>
</ImageReference>
</ImageGroup>
</xml>
