<xml>
<PubDate>Fri, 1 Feb 2013 09:18:09 GMT</PubDate>
<Title>City resurrects old name Stalingrad</Title>
<Author>By Vladimir Isachenkov</Author>
<AuthorByTTL>Associated Pres</AuthorByTTL>
<Description>The southern Russian city where the Red Army decisively turned back Nazi forces in a key World War II battle will once again be known as Stalingrad, at least on the days commemorating the victory, the regional legislature declared Thursday..</Description>
<ArticleId>02012013_56ed93f8-6be9-11e2-b0fe-25b534362601</ArticleId>
<Kicker></Kicker>
<PrintPubDate>Fri, 1 Feb 2013 09:18:09 GMT</PrintPubDate>
<ArticleUrl>http://www.bostonglobe.com/news/world/2013/02/01/stalingrad-gets-name-back-days-marking-battle/Kot9OLD6Q9QzKvLJgKsVeM/story.html</ArticleUrl>
<ShortUrl>http://b.globe.com/WF4lVh</ShortUrl>
<FirstParagraph>The southern Russian city where the Red Army decisively turned back Nazi forces in a key World War II battle will once again be known as Stalingrad, at least on the days commemorating the victory, the regional legislature declared Thursday..</FirstParagraph>
<SectionId>150001700</SectionId>
<SectionName>News</SectionName>
<LockedContent>0</LockedContent>
<DisplayAd>0</DisplayAd>
<Location primary="" latitudelongitude=""/>
</xml>
