<xml>
<PubDate>Fri, 1 Feb 2013 09:18:16 GMT</PubDate>
<Title>Sabres score the KO, outmuscle the Bruins</Title>
<Author>By Fluto Shinzawa</Author>
<AuthorByTTL>Globe Staff</AuthorByTTL>
<Description>Buffalo&#8217;s Thomas Vanek scores a hat trick as the Bruins lose their first regulation game of the season, 7-4..</Description>
<ArticleId>02012013_89ec8ba4-6bff-11e2-baa1-9e8515cd26f3</ArticleId>
<Kicker>Sabres 7, Bruins 4</Kicker>
<PrintPubDate>Fri, 1 Feb 2013 09:18:16 GMT</PrintPubDate>
<ArticleUrl>http://www.bostonglobe.com/sports/2013/01/31/bruins-lose-sabres/6emuqocZDPams8qh1UynHM/story.html</ArticleUrl>
<ShortUrl>http://b.globe.com/WF4qrN</ShortUrl>
<FirstParagraph>Buffalo&#8217;s Thomas Vanek scores a hat trick as the Bruins lose their first regulation game of the season, 7-4..</FirstParagraph>
<SectionId>150001400</SectionId>
<SectionName>Sports</SectionName>
<LockedContent>0</LockedContent>
<DisplayAd>0</DisplayAd>
<Location primary="" latitudelongitude=""/>
</xml>
