<xml>
<PubDate>Fri, 1 Feb 2013 09:18:16 GMT</PubDate>
<Title>Fan&#8217;s Guide</Title>
<Author></Author>
<AuthorByTTL></AuthorByTTL>
<Description>A daily listing of sports on television and radio.</Description>
<ArticleId>02012013_748e44ce-6bf4-11e2-baa1-9e8515cd26f3</ArticleId>
<Kicker></Kicker>
<PrintPubDate>Fri, 1 Feb 2013 09:18:16 GMT</PrintPubDate>
<ArticleUrl></ArticleUrl>
<ShortUrl></ShortUrl>
<FirstParagraph>A daily listing of sports on television and radio.</FirstParagraph>
<SectionId>150001400</SectionId>
<SectionName>Sports</SectionName>
<LockedContent>0</LockedContent>
<DisplayAd>0</DisplayAd>
<Location primary="" latitudelongitude=""/>
</xml>
