<xml>
<PubDate>Fri, 1 Feb 2013 09:18:11 GMT</PubDate>
<Title>New trial ordered in $14m suit</Title>
<Author>By Milton J. Valencia</Author>
<AuthorByTTL>Globe Staff</AuthorByTTL>
<Description>Nearly four years after a Boston man won a $14 million judgment against the city for his wrongful murder conviction, a federal appeals court has ordered a new trial in the lawsuit, citing a legal technicality that will require a jury to decide whether a police detective and the city were at fault in the man&#8217;s original conviction.</Description>
<ArticleId>02012013_589e33a6-6c07-11e2-a242-50e79c56738a</ArticleId>
<Kicker></Kicker>
<PrintPubDate>Fri, 1 Feb 2013 09:18:11 GMT</PrintPubDate>
<ArticleUrl>http://www.bostonglobe.com/metro/2013/02/01/court-appeals-orders-new-trial-shawn-drumgold-lawsuit-man-wrongfully-convicted-boston-murder/QPbt1OADjByty0X7q3xZFO/story.html</ArticleUrl>
<ShortUrl>http://b.globe.com/WF4p7c</ShortUrl>
<FirstParagraph>Nearly four years after a Boston man won a $14 million judgment against the city for his wrongful murder conviction, a federal appeals court has ordered a new trial in the lawsuit, citing a legal technicality that will require a jury to decide whether a police detective and the city were at fault in the man&#8217;s original conviction.</FirstParagraph>
<SectionId>150001000</SectionId>
<SectionName>Metro</SectionName>
<LockedContent>0</LockedContent>
<DisplayAd>0</DisplayAd>
<Location primary="" latitudelongitude=""/>
<ImageGroup>
<ImageReference>
<ImageCredit></ImageCredit>
<ImageCaption>Shawn Drumgold served 14 years on a wrongful conviction.</ImageCaption>
<ImageOrientation>Portrait</ImageOrientation>
<Images>
<Image width="480" height="640" type="iphone4" url="http://www.boston.com/partners/greader/images/0d814708-148e-11e2-90cb-0eb83a2ff777__480x640.jpg"/>
</Images>
</ImageReference>
</ImageGroup>
</xml>
