<xml>
<PubDate>Fri, 1 Feb 2013 09:18:16 GMT</PubDate>
<Title>Tuned into the sports world</Title>
<Author>By Christopher L. Gasper</Author>
<AuthorByTTL>Globe Staff</AuthorByTTL>
<Description>Forget the iPhone,  iPod, or iPad, it&#8217;s time for a new (literary) device, the iThink.</Description>
<ArticleId>02012013_3fcc8822-6c03-11e2-baa1-9e8515cd26f3</ArticleId>
<Kicker>Christopher L. Gasper</Kicker>
<PrintPubDate>Fri, 1 Feb 2013 09:18:16 GMT</PrintPubDate>
<ArticleUrl>http://www.bostonglobe.com/sports/2013/02/01/thoughts-ray-lewis-red-sox-sellout-streak-and-super-bowl-xlvii/E1llEGsYVXXQ8anAtkSyDK/story.html</ArticleUrl>
<ShortUrl>http://b.globe.com/WF4qrS</ShortUrl>
<FirstParagraph>Forget the iPhone,  iPod, or iPad, it&#8217;s time for a new (literary) device, the iThink.</FirstParagraph>
<SectionId>150001400</SectionId>
<SectionName>Sports</SectionName>
<LockedContent>0</LockedContent>
<DisplayAd>0</DisplayAd>
<Location primary="" latitudelongitude=""/>
</xml>
