<xml>
<PubDate>Fri, 1 Feb 2013 09:18:12 GMT</PubDate>
<Title>Hunter Hayes follows his own path to Grammy nominations</Title>
<Author>By Chris Talbott</Author>
<AuthorByTTL>Associated Press</AuthorByTTL>
<Description>Being nominated for two Grammy Awards has only emboldened Hunter Hayes to take chances.Hayes played every instrument on his self-titled debut album, something he called an &#8216;&#8216;intimidating experiment&#8217;&#8217; in a town full of legendary hired hands.</Description>
<ArticleId>02012013_e16adf82-6bde-11e2-baa1-9e8515cd26f3</ArticleId>
<Kicker></Kicker>
<PrintPubDate>Fri, 1 Feb 2013 09:18:12 GMT</PrintPubDate>
<ArticleUrl>http://www.bostonglobe.com/lifestyle/names/2013/02/01/hunter-hayes-follows-own-path-grammy-noms/Ga1mjd9kPzbYGD3KUW0MAM/story.html</ArticleUrl>
<ShortUrl>http://b.globe.com/WF4rMt</ShortUrl>
<FirstParagraph>Being nominated for two Grammy Awards has only emboldened Hunter Hayes to take chances.Hayes played every instrument on his self-titled debut album, something he called an &#8216;&#8216;intimidating experiment&#8217;&#8217; in a town full of legendary hired hands.</FirstParagraph>
<SectionId>150001300</SectionId>
<SectionName>Arts</SectionName>
<LockedContent>0</LockedContent>
<DisplayAd>0</DisplayAd>
<Location primary="" latitudelongitude=""/>
<ImageGroup>
<ImageReference>
<ImageCredit>CHRISTOPHER BERKEY/AFP/Getty Images</ImageCredit>
<ImageCaption>Country star Hunter Hayes, 21, is nominated for three Grammys.</ImageCaption>
<ImageOrientation>Portrait</ImageOrientation>
<Images>
<Image width="480" height="640" type="iphone4" url="http://www.boston.com/partners/greader/images/e7c6c1fe-3fae-11e2-9e36-27d09c43c991__480x640.jpg"/>
</Images>
</ImageReference>
</ImageGroup>
</xml>
