<xml>
<PubDate>Fri, 1 Feb 2013 09:18:12 GMT</PubDate>
<Title>Pacino, Walken can&#8217;t lift &#8216;Stand Up Guys&#8217;</Title>
<Author>By Ty Burr</Author>
<AuthorByTTL>Globe Staff</AuthorByTTL>
<Description>1/2 * Stand Up Guys Al Pacino and Christopher Walken as a pair of aging criminals having a final night on the town.</Description>
<ArticleId>02012013_23788d20-6973-11e2-a242-50e79c56738a</ArticleId>
<Kicker>Movie Review</Kicker>
<PrintPubDate>Fri, 1 Feb 2013 09:18:12 GMT</PrintPubDate>
<ArticleUrl>http://www.bostonglobe.com/arts/movies/2013/01/31/movie-review-stand-guys/yglEGeNXir4FCCEjAhlcZP/story.html</ArticleUrl>
<ShortUrl>http://b.globe.com/WF4s32</ShortUrl>
<FirstParagraph>1/2 * Stand Up Guys Al Pacino and Christopher Walken as a pair of aging criminals having a final night on the town.</FirstParagraph>
<SectionId>150001300</SectionId>
<SectionName>Arts</SectionName>
<LockedContent>0</LockedContent>
<DisplayAd>0</DisplayAd>
<Location primary="" latitudelongitude=""/>
<ImageGroup>
<ImageReference>
<ImageCredit>Roadside Attractions</ImageCredit>
<ImageCaption>From left: Christopher Walken, Alan Arkin, and Al Pacino in a scene from &#8220;Stand Up Guys.&#8217;&#8217;</ImageCaption>
<ImageOrientation>Landscape</ImageOrientation>
<Images>
<Image width="1136" height="640" type="iphone5" url="http://www.boston.com/partners/greader/images/9894de8c-671c-11e2-ae34-9a7bc5b0f789__1136x640.jpg"/>
<Image width="960" height="640" type="iphone4" url="http://www.boston.com/partners/greader/images/9894de8c-671c-11e2-ae34-9a7bc5b0f789__960x640.jpg"/>
</Images>
</ImageReference>
</ImageGroup>
</xml>
