<xml>
<PubDate>Fri, 1 Feb 2013 09:18:09 GMT</PubDate>
<Title>Negotiators try to free boy held in bunker by gunman</Title>
<Author>By Philip Rawls</Author>
<AuthorByTTL>Associated Pres</AuthorByTTL>
<Description>Speaking into a 4-inch-wide ventilation pipe, hostage negotiators tried Thursday to talk a man into releasing a kindergartener and ending a standoff in an underground bunker that stretched into its third day..</Description>
<ArticleId>02012013_c353735c-6c00-11e2-b0fe-25b534362601</ArticleId>
<Kicker></Kicker>
<PrintPubDate>Fri, 1 Feb 2013 09:18:09 GMT</PrintPubDate>
<ArticleUrl>http://www.bostonglobe.com/news/nation/2013/02/01/negotiators-talking-ala-captor-through-pipe/GurWiCtlBZfCMSNlR47b7O/story.html</ArticleUrl>
<ShortUrl>http://b.globe.com/WF4mbz</ShortUrl>
<FirstParagraph>Speaking into a 4-inch-wide ventilation pipe, hostage negotiators tried Thursday to talk a man into releasing a kindergartener and ending a standoff in an underground bunker that stretched into its third day..</FirstParagraph>
<SectionId>150001700</SectionId>
<SectionName>News</SectionName>
<LockedContent>0</LockedContent>
<DisplayAd>0</DisplayAd>
<Location primary="" latitudelongitude=""/>
</xml>
