<xml>
<PubDate>Fri, 1 Feb 2013 09:18:15 GMT</PubDate>
<Title>As baby boomers age, the need for long-term care will grow</Title>
<Author>By Matthew Perrone</Author>
<AuthorByTTL>Associated Press</AuthorByTTL>
<Description>Millions of families are beginning to grapple with the one major health expense for which most Americans are not insured: long-term care.</Description>
<ArticleId>02012013_9c3f38fc-6b4a-11e2-baa1-9e8515cd26f3</ArticleId>
<Kicker></Kicker>
<PrintPubDate>Fri, 1 Feb 2013 09:18:15 GMT</PrintPubDate>
<ArticleUrl>http://www.bostonglobe.com/business/2013/02/01/america-ages-senior-care-options-flourish/I9GOh2Qmn5zQhgTLrAnGGN/story.html</ArticleUrl>
<ShortUrl>http://b.globe.com/WF4qrL</ShortUrl>
<FirstParagraph>Millions of families are beginning to grapple with the one major health expense for which most Americans are not insured: long-term care.</FirstParagraph>
<SectionId>150001200</SectionId>
<SectionName>Business</SectionName>
<LockedContent>0</LockedContent>
<DisplayAd>0</DisplayAd>
<Location primary="" latitudelongitude=""/>
</xml>
