<xml>
<PubDate>Fri, 1 Feb 2013 09:18:16 GMT</PubDate>
<Title>UConn outlasts Providence</Title>
<Author></Author>
<AuthorByTTL>From staff and wire reports</AuthorByTTL>
<Description>Keith Appling led a pivotal run early in the second half and finished with 24 points and seven assists to help No.</Description>
<ArticleId>02012013_34fd9a64-6bf7-11e2-baa1-9e8515cd26f3</ArticleId>
<Kicker>college roundup</Kicker>
<PrintPubDate>Fri, 1 Feb 2013 09:18:16 GMT</PrintPubDate>
<ArticleUrl>http://www.bostonglobe.com/sports/2013/01/31/michigan-state-keith-appling-show-late-fight-against-illinois/qSSTjtmPYPaFGiiopHq5mN/story.html</ArticleUrl>
<ShortUrl>http://b.globe.com/WF4qIn</ShortUrl>
<FirstParagraph>Keith Appling led a pivotal run early in the second half and finished with 24 points and seven assists to help No.</FirstParagraph>
<SectionId>150001400</SectionId>
<SectionName>Sports</SectionName>
<LockedContent>0</LockedContent>
<DisplayAd>0</DisplayAd>
<Location primary="" latitudelongitude=""/>
</xml>
