<xml>
<PubDate>Fri, 1 Feb 2013 09:18:15 GMT</PubDate>
<Title>Lower corporate taxes will aid growth, Boston Chamber says</Title>
<Author>By Beth Healy</Author>
<AuthorByTTL>Globe Staff</AuthorByTTL>
<Description>Corporate taxes in Massachusetts are the fifth-highest in the country, and should be changed to make the state more competitive, the Greater Boston Chamber of Commerce said in a report Thursday.</Description>
<ArticleId>02012013_682ff5d4-6bc6-11e2-a242-50e79c56738a</ArticleId>
<Kicker></Kicker>
<PrintPubDate>Fri, 1 Feb 2013 09:18:15 GMT</PrintPubDate>
<ArticleUrl>http://www.bostonglobe.com/business/2013/02/01/boston-chamber-urges-changes-corporate-taxes-make-massachusetts-more-competitive/wHTbBR8DpqBGa3EC0M6HMI/story.html</ArticleUrl>
<ShortUrl>http://b.globe.com/WF4sA6</ShortUrl>
<FirstParagraph>Corporate taxes in Massachusetts are the fifth-highest in the country, and should be changed to make the state more competitive, the Greater Boston Chamber of Commerce said in a report Thursday.</FirstParagraph>
<SectionId>150001200</SectionId>
<SectionName>Business</SectionName>
<LockedContent>0</LockedContent>
<DisplayAd>0</DisplayAd>
<Location primary="" latitudelongitude=""/>
</xml>
