<xml>
<PubDate>Fri, 1 Feb 2013 09:18:09 GMT</PubDate>
<Title>Butch Morris, 65; created eccentric ensemble music</Title>
<Author>By Ben Ratliff</Author>
<AuthorByTTL>New York Times</AuthorByTTL>
<Description>Butch Morris, who created a distinctive form of large-ensemble music built on collective improvisation that he single-handedly directed and shaped, died Tuesday in New York.</Description>
<ArticleId>02012013_ed0aa866-6aa0-11e2-baa1-9e8515cd26f3</ArticleId>
<Kicker></Kicker>
<PrintPubDate>Fri, 1 Feb 2013 09:18:09 GMT</PrintPubDate>
<ArticleUrl>http://www.bostonglobe.com/metro/obituaries/2013/02/01/obit-morris-nyt/ITxaP6oLqTba13WFMXi2oJ/story.html</ArticleUrl>
<ShortUrl>http://b.globe.com/WF4mbB</ShortUrl>
<FirstParagraph>Butch Morris, who created a distinctive form of large-ensemble music built on collective improvisation that he single-handedly directed and shaped, died Tuesday in New York.</FirstParagraph>
<SectionId>150001700</SectionId>
<SectionName>News</SectionName>
<LockedContent>0</LockedContent>
<DisplayAd>0</DisplayAd>
<Location primary="" latitudelongitude=""/>
<ImageGroup>
<ImageReference>
<ImageCredit>Chad Batka/New York Times/file 2011</ImageCredit>
<ImageCaption>Butch Morris conducting at a New York City jazz festival.</ImageCaption>
<ImageOrientation>Landscape</ImageOrientation>
<Images>
<Image width="1136" height="640" type="iphone5" url="http://www.boston.com/partners/greader/images/1f43bc7a-6b44-11e2-a242-50e79c56738a__1136x640.jpg"/>
<Image width="960" height="640" type="iphone4" url="http://www.boston.com/partners/greader/images/1f43bc7a-6b44-11e2-a242-50e79c56738a__960x640.jpg"/>
</Images>
</ImageReference>
</ImageGroup>
</xml>
