<xml>
<PubDate>Fri, 1 Feb 2013 09:18:12 GMT</PubDate>
<Title>Singer has an &#8216;A Team&#8217; at Hingham school</Title>
<Author></Author>
<AuthorByTTL></AuthorByTTL>
<Description>&#8220;Give me an E!&#8217;&#8217; a kilt-wearing Notre Dame Academy student screamed to her fellow students, who shrieked back in unison.</Description>
<ArticleId>02012013_c1f62416-6bef-11e2-baa1-9e8515cd26f3</ArticleId>
<Kicker></Kicker>
<PrintPubDate>Fri, 1 Feb 2013 09:18:12 GMT</PrintPubDate>
<ArticleUrl>http://www.bostonglobe.com/lifestyle/names/2013/02/01/sheeran-performs-notre-dame-academy-hingham/SQFMwJjdb5dWL2LNRPFRqI/story.html</ArticleUrl>
<ShortUrl>http://b.globe.com/WF4p7t</ShortUrl>
<FirstParagraph>&#8220;Give me an E!&#8217;&#8217; a kilt-wearing Notre Dame Academy student screamed to her fellow students, who shrieked back in unison.</FirstParagraph>
<SectionId>150001300</SectionId>
<SectionName>Arts</SectionName>
<LockedContent>0</LockedContent>
<DisplayAd>0</DisplayAd>
<Location primary="" latitudelongitude=""/>
<ImageGroup>
<ImageReference>
<ImageCredit>Photos by Jonathan Wiggs/Globe Staff</ImageCredit>
<ImageCaption>Abby Rouleau (center), Hannah Paradise (pink phone), and Mar&#173;&#173;-issa Gildea (second from right).</ImageCaption>
<ImageOrientation>Landscape</ImageOrientation>
<Images>
<Image width="1136" height="640" type="iphone5" url="http://www.boston.com/partners/greader/images/9740f822-6bf4-11e2-822d-5680187169b0__1136x640.jpg"/>
<Image width="960" height="640" type="iphone4" url="http://www.boston.com/partners/greader/images/9740f822-6bf4-11e2-822d-5680187169b0__960x640.jpg"/>
</Images>
</ImageReference>
<ImageReference>
<ImageCredit></ImageCredit>
<ImageCaption></ImageCaption>
<ImageOrientation>Landscape</ImageOrientation>
<Images>
<Image width="1136" height="640" type="iphone5" url="http://www.boston.com/partners/greader/images/6e8199ba-6bf3-11e2-822d-5680187169b0__1136x640.jpg"/>
<Image width="960" height="640" type="iphone4" url="http://www.boston.com/partners/greader/images/6e8199ba-6bf3-11e2-822d-5680187169b0__960x640.jpg"/>
</Images>
</ImageReference>
</ImageGroup>
</xml>
