<xml>
<PubDate>Fri, 1 Feb 2013 09:18:16 GMT</PubDate>
<Title>Winds of change in the air</Title>
<Author>By Dan Shaughnessy</Author>
<AuthorByTTL>Globe staff</AuthorByTTL>
<Description>A Boston sports columnist reflects on being in New Orleans for the Super Bowl 11 years after the Patriots were here and won the first championship in franchise history.</Description>
<ArticleId>02012013_3ea19068-6bd7-11e2-b0fe-25b534362601</ArticleId>
<Kicker>Dan Shaughnessy</Kicker>
<PrintPubDate>Fri, 1 Feb 2013 09:18:16 GMT</PrintPubDate>
<ArticleUrl>http://www.bostonglobe.com/sports/2013/02/01/reflections-new-orleans-years-later/S87mriO5JWiUGSW9nAuTTJ/story.html</ArticleUrl>
<ShortUrl>http://b.globe.com/WF4sQG</ShortUrl>
<FirstParagraph>A Boston sports columnist reflects on being in New Orleans for the Super Bowl 11 years after the Patriots were here and won the first championship in franchise history.</FirstParagraph>
<SectionId>150001400</SectionId>
<SectionName>Sports</SectionName>
<LockedContent>0</LockedContent>
<DisplayAd>0</DisplayAd>
<Location primary="" latitudelongitude=""/>
<ImageGroup>
<ImageReference>
<ImageCredit>charlie riedel/associated press</ImageCredit>
<ImageCaption>The damage to the Superdome has been repaired, and a new name attached.</ImageCaption>
<ImageOrientation>Portrait</ImageOrientation>
<Images>
<Image width="480" height="640" type="iphone4" url="http://www.boston.com/partners/greader/images/c1d11a3e-6c0a-11e2-a242-50e79c56738a__480x640.jpg"/>
</Images>
</ImageReference>
</ImageGroup>
</xml>
