<xml>
<PubDate>Fri, 1 Feb 2013 09:18:12 GMT</PubDate>
<Title>Scared by websites visited by friend</Title>
<Author></Author>
<AuthorByTTL></AuthorByTTL>
<Description> Advice from Amy Dickinson.</Description>
<ArticleId>02012013_69d728b8-668e-11e2-a41c-48b12b8dd7a4</ArticleId>
<Kicker>ask amy</Kicker>
<PrintPubDate>Fri, 1 Feb 2013 09:18:12 GMT</PrintPubDate>
<ArticleUrl>http://www.bostonglobe.com/lifestyle/2013/01/31/ask-amy-column/YjrpBstAquDeBEMuky9fmK/story.html</ArticleUrl>
<ShortUrl>http://b.globe.com/WF4szU</ShortUrl>
<FirstParagraph> Advice from Amy Dickinson.</FirstParagraph>
<SectionId>150001300</SectionId>
<SectionName>Arts</SectionName>
<LockedContent>0</LockedContent>
<DisplayAd>0</DisplayAd>
<Location primary="" latitudelongitude=""/>
</xml>
