<xml>
<PubDate>Fri, 1 Feb 2013 09:18:16 GMT</PubDate>
<Title>Mickelson can&#8217;t turn 59</Title>
<Author></Author>
<AuthorByTTL>Associated Press</AuthorByTTL>
<Description>Phil Mickelson had 25-foot birdie putt on his 18th hole lip out, denying him a 59 Thursday in the first round of the PGA Tour&#8217;s Phoenix Open in Scottsdale, Ariz..</Description>
<ArticleId>02012013_94cd17bc-6c01-11e2-a242-50e79c56738a</ArticleId>
<Kicker>golf roundup</Kicker>
<PrintPubDate>Fri, 1 Feb 2013 09:18:16 GMT</PrintPubDate>
<ArticleUrl>http://www.bostonglobe.com/sports/2013/01/31/pga-tour-phil-mickelson-just-misses-shooting-phoenix-open/qSQYMaJatMDVOcVfj6f7gJ/story.html</ArticleUrl>
<ShortUrl>http://b.globe.com/WF4t72</ShortUrl>
<FirstParagraph>Phil Mickelson had 25-foot birdie putt on his 18th hole lip out, denying him a 59 Thursday in the first round of the PGA Tour&#8217;s Phoenix Open in Scottsdale, Ariz..</FirstParagraph>
<SectionId>150001400</SectionId>
<SectionName>Sports</SectionName>
<LockedContent>0</LockedContent>
<DisplayAd>0</DisplayAd>
<Location primary="" latitudelongitude=""/>
</xml>
