<xml>
<PubDate>Fri, 1 Feb 2013 09:18:17 GMT</PubDate>
<Title>Protecting patients&#8217; privacy while stemming homicide rates</Title>
<Author></Author>
<AuthorByTTL></AuthorByTTL>
<Description>Leonard H.</Description>
<ArticleId>02012013_6b0e7928-699c-11e2-bf18-4fb9427cef87</ArticleId>
<Kicker></Kicker>
<PrintPubDate>Fri, 1 Feb 2013 09:18:17 GMT</PrintPubDate>
<ArticleUrl>http://www.bostonglobe.com/opinion/letters/2013/02/01/protecting-patients-privacy-while-holding-homicide-rates-down/YHRP9JgtonKiDQNnHn4KPM/story.html</ArticleUrl>
<ShortUrl>http://b.globe.com/WF4t7c</ShortUrl>
<FirstParagraph>Leonard H.</FirstParagraph>
<SectionId>150000000</SectionId>
<SectionName>Opinion</SectionName>
<LockedContent>0</LockedContent>
<DisplayAd>0</DisplayAd>
<Location primary="" latitudelongitude=""/>
</xml>
