<xml>
<PubDate>Fri, 1 Feb 2013 09:18:12 GMT</PubDate>
<Title>Stallone is a one-man show</Title>
<Author>By Tom Russo</Author>
<AuthorByTTL>Globe Correspondent</AuthorByTTL>
<Description>** Bullet to the Head Hardly a noted cutup, Sylvester Stallone is surprisingly funny playing an irascible New Orleans hit man paired with a cop (Sung Kang, &#8220;Fast Five&#8217;&#8217;).</Description>
<ArticleId>02012013_ae3cd70e-6b03-11e2-a242-50e79c56738a</ArticleId>
<Kicker>Movie Review</Kicker>
<PrintPubDate>Fri, 1 Feb 2013 09:18:12 GMT</PrintPubDate>
<ArticleUrl>http://www.bostonglobe.com/arts/movies/2013/01/31/movie-review-bullet-head/AXT3CmfxJL1QexZdAu4vSJ/story.html</ArticleUrl>
<ShortUrl>http://b.globe.com/WF4s38</ShortUrl>
<FirstParagraph>** Bullet to the Head Hardly a noted cutup, Sylvester Stallone is surprisingly funny playing an irascible New Orleans hit man paired with a cop (Sung Kang, &#8220;Fast Five&#8217;&#8217;).</FirstParagraph>
<SectionId>150001300</SectionId>
<SectionName>Arts</SectionName>
<LockedContent>0</LockedContent>
<DisplayAd>0</DisplayAd>
<Location primary="" latitudelongitude=""/>
<ImageGroup>
<ImageReference>
<ImageCredit>Frank Masi</ImageCredit>
<ImageCaption>Sylvester Stallone is out for revenge &#8212; and laughs &#8212; playing a hit man named Jimmy Bobo in &#8220;Bullet to the Head.&#8217;&#8217;</ImageCaption>
<ImageOrientation>Landscape</ImageOrientation>
<Images>
<Image width="1136" height="640" type="iphone5" url="http://www.boston.com/partners/greader/images/56fecf04-6722-11e2-ae34-9a7bc5b0f789__1136x640.jpg"/>
<Image width="960" height="640" type="iphone4" url="http://www.boston.com/partners/greader/images/56fecf04-6722-11e2-ae34-9a7bc5b0f789__960x640.jpg"/>
</Images>
</ImageReference>
</ImageGroup>
</xml>
