<xml>
<PubDate>Fri, 1 Feb 2013 09:18:15 GMT</PubDate>
<Title>US sues to block brewery takeover</Title>
<Author>By Pete Yost</Author>
<AuthorByTTL>Associated Press</AuthorByTTL>
<Description>The Justice Department sued Thursday to block Anheuser-Busch InBev&#8217;s proposed $20.1 billion deal to buy control of Grupo Modelo of Mexico, arguing that the merger would significantly reduce competition in the US beer market.</Description>
<ArticleId>02012013_b683c64e-6bed-11e2-baa1-9e8515cd26f3</ArticleId>
<Kicker></Kicker>
<PrintPubDate>Fri, 1 Feb 2013 09:18:15 GMT</PrintPubDate>
<ArticleUrl>http://www.bostonglobe.com/business/2013/02/01/sues-block-merger-anheuser-busch-inbev-maker-corona/YD1qlBBQqXxAX30CvixK5L/story.html</ArticleUrl>
<ShortUrl>http://b.globe.com/WF4qbn</ShortUrl>
<FirstParagraph>The Justice Department sued Thursday to block Anheuser-Busch InBev&#8217;s proposed $20.1 billion deal to buy control of Grupo Modelo of Mexico, arguing that the merger would significantly reduce competition in the US beer market.</FirstParagraph>
<SectionId>150001200</SectionId>
<SectionName>Business</SectionName>
<LockedContent>0</LockedContent>
<DisplayAd>0</DisplayAd>
<Location primary="" latitudelongitude=""/>
<ImageGroup>
<ImageReference>
<ImageCredit>Joe Raedle/Getty Images</ImageCredit>
<ImageCaption>Anheuser-Busch InBev&#8217;s Bud Light is the best-selling beer in the United states, and Grupo Modelo&#8217;s Corona Extra is the best-selling import.</ImageCaption>
<ImageOrientation>Landscape</ImageOrientation>
<Images>
<Image width="1136" height="640" type="iphone5" url="http://www.boston.com/partners/greader/images/bc3db8d0-6bf5-11e2-b0fe-25b534362601__1136x640.jpg"/>
<Image width="960" height="640" type="iphone4" url="http://www.boston.com/partners/greader/images/bc3db8d0-6bf5-11e2-b0fe-25b534362601__960x640.jpg"/>
</Images>
</ImageReference>
</ImageGroup>
</xml>
