<xml>
<PubDate>Fri, 1 Feb 2013 09:18:12 GMT</PubDate>
<Title>In Shostakovich&#8217;s vast night, with Nelsons and Skride</Title>
<Author>By Jeremy Eichler</Author>
<AuthorByTTL>Globe Staff</AuthorByTTL>
<Description>The closely watched Andris Nelsons is on the podium with the BSO this week, and the young Latvian violinist Baiba Skride is this week&#8217;s soloist.</Description>
<ArticleId>02012013_8cea370e-6bee-11e2-baa1-9e8515cd26f3</ArticleId>
<Kicker>Music Review</Kicker>
<PrintPubDate>Fri, 1 Feb 2013 09:18:12 GMT</PrintPubDate>
<ArticleUrl>http://www.bostonglobe.com/arts/music/2013/03/01/review-boston-symphony-orchestra-andris-nelsons-conducting-thursday-symphony-hall/eGHZELeDimN6cDDZZp2TeO/story.html</ArticleUrl>
<ShortUrl>http://b.globe.com/WF4p7p</ShortUrl>
<FirstParagraph>The closely watched Andris Nelsons is on the podium with the BSO this week, and the young Latvian violinist Baiba Skride is this week&#8217;s soloist.</FirstParagraph>
<SectionId>150001300</SectionId>
<SectionName>Arts</SectionName>
<LockedContent>0</LockedContent>
<DisplayAd>0</DisplayAd>
<Location primary="" latitudelongitude=""/>
<ImageGroup>
<ImageReference>
<ImageCredit>Stu Rosner</ImageCredit>
<ImageCaption>Conductor Andris Nelsons leads the BSO Thursday night.</ImageCaption>
<ImageOrientation>Landscape</ImageOrientation>
<Images>
<Image width="1136" height="640" type="iphone5" url="http://www.boston.com/partners/greader/images/babe9676-6c24-11e2-baa1-9e8515cd26f3__1136x640.jpg"/>
<Image width="960" height="640" type="iphone4" url="http://www.boston.com/partners/greader/images/babe9676-6c24-11e2-baa1-9e8515cd26f3__960x640.jpg"/>
</Images>
</ImageReference>
</ImageGroup>
</xml>
