<xml>
<PubDate>Fri, 1 Feb 2013 09:18:16 GMT</PubDate>
<Title>49ers have solid backing</Title>
<Author>By Shalise Manza Young</Author>
<AuthorByTTL>Globe Staff</AuthorByTTL>
<Description>San Francisco defensive coordinator Vic Fangio coached the Saints&#8217; famed &#8220;Dome Patrol&#8217;&#8217; 20 years ago, and his current 49ers linebackers could prove to be just as good..</Description>
<ArticleId>02012013_e83c5938-6c17-11e2-a242-50e79c56738a</ArticleId>
<Kicker></Kicker>
<PrintPubDate>Fri, 1 Feb 2013 09:18:16 GMT</PrintPubDate>
<ArticleUrl>http://www.bostonglobe.com/sports/2013/02/01/ers-quartet-all-pro-linebackers-can-all/kBnZx8EUTNyOguyGgQy3mK/story.html</ArticleUrl>
<ShortUrl>http://b.globe.com/WF4qrU</ShortUrl>
<FirstParagraph>San Francisco defensive coordinator Vic Fangio coached the Saints&#8217; famed &#8220;Dome Patrol&#8217;&#8217; 20 years ago, and his current 49ers linebackers could prove to be just as good..</FirstParagraph>
<SectionId>150001400</SectionId>
<SectionName>Sports</SectionName>
<LockedContent>0</LockedContent>
<DisplayAd>0</DisplayAd>
<Location primary="" latitudelongitude=""/>
</xml>
