<xml>
<PubDate>Fri, 1 Feb 2013 09:18:12 GMT</PubDate>
<Title>Early numbers are in for &#8216;Southie Rules&#8217;</Title>
<Author></Author>
<AuthorByTTL></AuthorByTTL>
<Description>The Nielsen ratings for &#8220;Southie Rules&#8217;&#8217; are in.</Description>
<ArticleId>02012013_70446a58-6bcf-11e2-baa1-9e8515cd26f3</ArticleId>
<Kicker></Kicker>
<PrintPubDate>Fri, 1 Feb 2013 09:18:12 GMT</PrintPubDate>
<ArticleUrl>http://www.bostonglobe.com/lifestyle/names/2013/02/01/did-southie-rules-rule-ratings/uwmGtMFCcfGHLTVSXZuxgP/story.html</ArticleUrl>
<ShortUrl>http://b.globe.com/WF4pnJ</ShortUrl>
<FirstParagraph>The Nielsen ratings for &#8220;Southie Rules&#8217;&#8217; are in.</FirstParagraph>
<SectionId>150001300</SectionId>
<SectionName>Arts</SectionName>
<LockedContent>0</LockedContent>
<DisplayAd>0</DisplayAd>
<Location primary="" latitudelongitude=""/>
</xml>
