<xml>
<PubDate>Fri, 1 Feb 2013 09:18:12 GMT</PubDate>
<Title>This day in history</Title>
<Author></Author>
<AuthorByTTL></AuthorByTTL>
<Description>Friday, Feb.</Description>
<ArticleId>02012013_cfcf3d14-64b2-11e2-a5bc-91458792f473</ArticleId>
<Kicker></Kicker>
<PrintPubDate>Fri, 1 Feb 2013 09:18:12 GMT</PrintPubDate>
<ArticleUrl>http://www.bostonglobe.com/lifestyle/2013/01/31/this-day-history/eqfgYwaMFGM2bHbqZJdtuM/story.html</ArticleUrl>
<ShortUrl>http://b.globe.com/WF4pUX</ShortUrl>
<FirstParagraph>Friday, Feb.</FirstParagraph>
<SectionId>150001300</SectionId>
<SectionName>Arts</SectionName>
<LockedContent>0</LockedContent>
<DisplayAd>0</DisplayAd>
<Location primary="" latitudelongitude=""/>
</xml>
