<xml>
<PubDate>Fri, 1 Feb 2013 09:18:11 GMT</PubDate>
<Title>Wind flares up, knocks a lot down</Title>
<Author>By Lauren Dezenski and John R. Ellement</Author>
<AuthorByTTL>Globe Correspondent and Globe Staff</AuthorByTTL>
<Description>High winds raked the Bay State on Thursday, pummeling buildings and tearing down trees and power lines, and leaving thousands without power.</Description>
<ArticleId>02012013_29ce7e0a-6b9e-11e2-b0fe-25b534362601</ArticleId>
<Kicker></Kicker>
<PrintPubDate>Fri, 1 Feb 2013 09:18:11 GMT</PrintPubDate>
<ArticleUrl>http://www.bostonglobe.com/metro/2013/01/31/high-winds-knocks-down-trees-causes-power-outages-and-traffic-problems-for-commuters/s11Ed0PU4bNll8XDIhce6J/story.html</ArticleUrl>
<ShortUrl>http://b.globe.com/WF4p7e</ShortUrl>
<FirstParagraph>High winds raked the Bay State on Thursday, pummeling buildings and tearing down trees and power lines, and leaving thousands without power.</FirstParagraph>
<SectionId>150001000</SectionId>
<SectionName>Metro</SectionName>
<LockedContent>0</LockedContent>
<DisplayAd>0</DisplayAd>
<Location primary="" latitudelongitude=""/>
<ImageGroup>
<ImageReference>
<ImageCredit>George Rizer for The Boston Globe</ImageCredit>
<ImageCaption>A massive stump with deep roots was all that remained of a tree on Blue Hill Avenue and Seaver Street in Dorchester that was uprooted by the wind. Traffic slowed while workers removed the upper part of the tree. In Raynham, the roof of the Merrill School</ImageCaption>
<ImageOrientation>Landscape</ImageOrientation>
<Images>
<Image width="1136" height="640" type="iphone5" url="http://www.boston.com/partners/greader/images/7ccf81ba-6be6-11e2-86f0-9a1ce78484a2__1136x640.jpg"/>
<Image width="960" height="640" type="iphone4" url="http://www.boston.com/partners/greader/images/7ccf81ba-6be6-11e2-86f0-9a1ce78484a2__960x640.jpg"/>
</Images>
</ImageReference>
<ImageReference>
<ImageCredit>David L. Ryan/Globe Staff</ImageCredit>
<ImageCaption></ImageCaption>
<ImageOrientation>Landscape</ImageOrientation>
<Images>
<Image width="1136" height="640" type="iphone5" url="http://www.boston.com/partners/greader/images/b09afe3a-6bc7-11e2-86f0-9a1ce78484a2__1136x640.jpg"/>
<Image width="960" height="640" type="iphone4" url="http://www.boston.com/partners/greader/images/b09afe3a-6bc7-11e2-86f0-9a1ce78484a2__960x640.jpg"/>
</Images>
</ImageReference>
<ImageReference>
<ImageCredit>David L. Ryan/Globe Staff</ImageCredit>
<ImageCaption>Heavy winds felled a billboard at Roxbury Motors on Columbus Avenue, damaging some of the used cars for sale on the lot.</ImageCaption>
<ImageOrientation>Landscape</ImageOrientation>
<Images>
<Image width="1136" height="640" type="iphone5" url="http://www.boston.com/partners/greader/images/be329c7e-6bc7-11e2-86f0-9a1ce78484a2__1136x640.jpg"/>
<Image width="960" height="640" type="iphone4" url="http://www.boston.com/partners/greader/images/be329c7e-6bc7-11e2-86f0-9a1ce78484a2__960x640.jpg"/>
</Images>
</ImageReference>
<ImageReference>
<ImageCredit>Suzanne Kreiter/Globe Staff</ImageCredit>
<ImageCaption>Downed power lines on Andover Street in Danvers forced businesses to close Thursday. This utility pole came down during the extremely high winds.</ImageCaption>
<ImageOrientation>Landscape</ImageOrientation>
<Images>
<Image width="1136" height="640" type="iphone5" url="http://www.boston.com/partners/greader/images/bf9a223a-6bdb-11e2-86f0-9a1ce78484a2__1136x640.jpg"/>
<Image width="960" height="640" type="iphone4" url="http://www.boston.com/partners/greader/images/bf9a223a-6bdb-11e2-86f0-9a1ce78484a2__960x640.jpg"/>
</Images>
</ImageReference>
</ImageGroup>
</xml>
