<xml>
<PubDate>Fri, 1 Feb 2013 09:18:12 GMT</PubDate>
<Title>Animated, action shorts feature a wide variety</Title>
<Author>By Ty Burr</Author>
<AuthorByTTL>Globe Staff</AuthorByTTL>
<Description>*** The Oscar Nominated Short Films 2013: Animated and Live Action As advertised, the 10 films vying for Academy Awards in the animated and live-action shorts categories.</Description>
<ArticleId>02012013_fb8f92c2-6b11-11e2-b0fe-25b534362601</ArticleId>
<Kicker>Movie Review</Kicker>
<PrintPubDate>Fri, 1 Feb 2013 09:18:12 GMT</PrintPubDate>
<ArticleUrl>http://www.bostonglobe.com/arts/movies/2013/01/31/movie-review-oscar-nominated-short-films-animated-and-live-action/gXXP3gTqtkGe4HqML5nd3N/story.html</ArticleUrl>
<ShortUrl>http://b.globe.com/WF4s34</ShortUrl>
<FirstParagraph>*** The Oscar Nominated Short Films 2013: Animated and Live Action As advertised, the 10 films vying for Academy Awards in the animated and live-action shorts categories.</FirstParagraph>
<SectionId>150001300</SectionId>
<SectionName>Arts</SectionName>
<LockedContent>0</LockedContent>
<DisplayAd>0</DisplayAd>
<Location primary="" latitudelongitude=""/>
<ImageGroup>
<ImageReference>
<ImageCredit>kho (top left); B. CALMEAU (below right)</ImageCredit>
<ImageCaption>Among the Oscar-nominated animated shorts are &#8220;Paperman&#8217;&#8217; (top left), &#8220;Head Over Heels&#8217;&#8217; (top right), and &#8220;Adam and Dog&#8217;&#8217; (above). The nominated live-action shorts include &#8220;Death of a Shadow&#821</ImageCaption>
<ImageOrientation>Landscape</ImageOrientation>
<Images>
<Image width="1136" height="640" type="iphone5" url="http://www.boston.com/partners/greader/images/30585b96-673a-11e2-8ba5-406ecaa0f04a__1136x640.jpg"/>
<Image width="960" height="640" type="iphone4" url="http://www.boston.com/partners/greader/images/30585b96-673a-11e2-8ba5-406ecaa0f04a__960x640.jpg"/>
</Images>
</ImageReference>
<ImageReference>
<ImageCredit></ImageCredit>
<ImageCaption></ImageCaption>
<ImageOrientation>Landscape</ImageOrientation>
<Images>
<Image width="1136" height="640" type="iphone5" url="http://www.boston.com/partners/greader/images/245cab76-673a-11e2-8ba5-406ecaa0f04a__1136x640.jpg"/>
<Image width="960" height="640" type="iphone4" url="http://www.boston.com/partners/greader/images/245cab76-673a-11e2-8ba5-406ecaa0f04a__960x640.jpg"/>
</Images>
</ImageReference>
<ImageReference>
<ImageCredit></ImageCredit>
<ImageCaption></ImageCaption>
<ImageOrientation>Landscape</ImageOrientation>
<Images>
<Image width="1136" height="640" type="iphone5" url="http://www.boston.com/partners/greader/images/1c5a52c0-673a-11e2-8ba5-406ecaa0f04a__1136x640.jpg"/>
<Image width="960" height="640" type="iphone4" url="http://www.boston.com/partners/greader/images/1c5a52c0-673a-11e2-8ba5-406ecaa0f04a__960x640.jpg"/>
</Images>
</ImageReference>
<ImageReference>
<ImageCredit></ImageCredit>
<ImageCaption></ImageCaption>
<ImageOrientation>Landscape</ImageOrientation>
<Images>
<Image width="1136" height="640" type="iphone5" url="http://www.boston.com/partners/greader/images/21116042-673a-11e2-8ba5-406ecaa0f04a__1136x640.jpg"/>
<Image width="960" height="640" type="iphone4" url="http://www.boston.com/partners/greader/images/21116042-673a-11e2-8ba5-406ecaa0f04a__960x640.jpg"/>
</Images>
</ImageReference>
<ImageReference>
<ImageCredit></ImageCredit>
<ImageCaption></ImageCaption>
<ImageOrientation>Landscape</ImageOrientation>
<Images>
<Image width="1136" height="640" type="iphone5" url="http://www.boston.com/partners/greader/images/2e46d116-673a-11e2-8ba5-406ecaa0f04a__1136x640.jpg"/>
<Image width="960" height="640" type="iphone4" url="http://www.boston.com/partners/greader/images/2e46d116-673a-11e2-8ba5-406ecaa0f04a__960x640.jpg"/>
</Images>
</ImageReference>
</ImageGroup>
</xml>
