<xml>
<PubDate>Fri, 1 Feb 2013 09:18:16 GMT</PubDate>
<Title>Thunder thrash Grizzlies</Title>
<Author></Author>
<AuthorByTTL>Associated Press</AuthorByTTL>
<Description>Kevin Durant scored 27 points, Russell Westbrook added 21 points and nine assists and the Thunder beat Memphis, 106-89, Thursday night in Oklahoma City in the Grizzlies&#8217; first game since trading away leading-scorer Rudy Gay..</Description>
<ArticleId>02012013_bec70378-6c08-11e2-a242-50e79c56738a</ArticleId>
<Kicker>NBA Roundup</Kicker>
<PrintPubDate>Fri, 1 Feb 2013 09:18:16 GMT</PrintPubDate>
<ArticleUrl>http://www.bostonglobe.com/sports/2013/02/01/suns-rally-beat-lakers-nash-return-for/kXqf0RB4OUUHYiXC1oAdGO/story.html</ArticleUrl>
<ShortUrl>http://b.globe.com/WF4t74</ShortUrl>
<FirstParagraph>Kevin Durant scored 27 points, Russell Westbrook added 21 points and nine assists and the Thunder beat Memphis, 106-89, Thursday night in Oklahoma City in the Grizzlies&#8217; first game since trading away leading-scorer Rudy Gay..</FirstParagraph>
<SectionId>150001400</SectionId>
<SectionName>Sports</SectionName>
<LockedContent>0</LockedContent>
<DisplayAd>0</DisplayAd>
<Location primary="" latitudelongitude=""/>
<ImageGroup>
<ImageReference>
<ImageCredit>Sue Ogrocki/Associated Press</ImageCredit>
<ImageCaption>Thunder forward Kevin Durant (27 points) shoots over Grizzlies forward Darrell Arthur.</ImageCaption>
<ImageOrientation>Portrait</ImageOrientation>
<Images>
<Image width="480" height="640" type="iphone4" url="http://www.boston.com/partners/greader/images/24ce14c8-6c26-11e2-b0fe-25b534362601__480x640.jpg"/>
</Images>
</ImageReference>
</ImageGroup>
</xml>
