<xml>
<PubDate>Fri, 1 Feb 2013 09:18:15 GMT</PubDate>
<Title>Dow logs best start to the year since &#8217;94</Title>
<Author></Author>
<AuthorByTTL></AuthorByTTL>
<Description>The Dow logged its best start to the year since 1994, ending the month up 5.8%, &#173;according to S&amp;P Capital IQ data.</Description>
<ArticleId>02012013_2c44d574-6bf5-11e2-b0fe-25b534362601</ArticleId>
<Kicker></Kicker>
<PrintPubDate>Fri, 1 Feb 2013 09:18:15 GMT</PrintPubDate>
<ArticleUrl>http://www.bostonglobe.com/business/2013/02/01/stocks-drift-lower-paring-january-gains/mUK8Y63d3JnC0aJmYoiG7H/story.html</ArticleUrl>
<ShortUrl>http://b.globe.com/WF4qbv</ShortUrl>
<FirstParagraph>The Dow logged its best start to the year since 1994, ending the month up 5.8%, &#173;according to S&amp;P Capital IQ data.</FirstParagraph>
<SectionId>150001200</SectionId>
<SectionName>Business</SectionName>
<LockedContent>0</LockedContent>
<DisplayAd>0</DisplayAd>
<Location primary="" latitudelongitude=""/>
</xml>
