<xml>
<PubDate>Fri, 1 Feb 2013 09:18:12 GMT</PubDate>
<Title>&#8216;Smash&#8217; gets back to making a musical</Title>
<Author>By Sarah Rodman</Author>
<AuthorByTTL>Globe Staff</AuthorByTTL>
<Description>A woman dressed like Marilyn Monroe, lit by a lone spotlight, is onstage at the United Palace Theater singing her heart out.</Description>
<ArticleId>02012013_06abe36c-6afa-11e2-a242-50e79c56738a</ArticleId>
<Kicker></Kicker>
<PrintPubDate>Fri, 1 Feb 2013 09:18:12 GMT</PrintPubDate>
<ArticleUrl>http://www.bostonglobe.com/arts/2013/01/31/smash-rreturns/IZws3JytOOgG8ajlQvmZFL/story.html</ArticleUrl>
<ShortUrl>http://b.globe.com/WF4pEi</ShortUrl>
<FirstParagraph>A woman dressed like Marilyn Monroe, lit by a lone spotlight, is onstage at the United Palace Theater singing her heart out.</FirstParagraph>
<SectionId>150001300</SectionId>
<SectionName>Arts</SectionName>
<LockedContent>0</LockedContent>
<DisplayAd>0</DisplayAd>
<Location primary="" latitudelongitude=""/>
<ImageGroup>
<ImageReference>
<ImageCredit>PHOTOS BY Will Hart/NBC</ImageCredit>
<ImageCaption>Some &#8220;Smash&#8217;&#8217; cast members have been written out, but Christian Borle (as Tom Levitt) and Debra Messing (Julia Houston) are back for the second season, as are Megan Hilty (below left, as Ivy Lynn) and Katharine McPhee (Karen Cartwright).</ImageCaption>
<ImageOrientation>Landscape</ImageOrientation>
<Images>
<Image width="1136" height="640" type="iphone5" url="http://www.boston.com/partners/greader/images/f91d92c6-6b31-11e2-b0fe-25b534362601__1136x640.jpg"/>
<Image width="960" height="640" type="iphone4" url="http://www.boston.com/partners/greader/images/f91d92c6-6b31-11e2-b0fe-25b534362601__960x640.jpg"/>
</Images>
</ImageReference>
<ImageReference>
<ImageCredit></ImageCredit>
<ImageCaption></ImageCaption>
<ImageOrientation>Landscape</ImageOrientation>
<Images>
<Image width="1136" height="640" type="iphone5" url="http://www.boston.com/partners/greader/images/fe611f8c-6b31-11e2-b0fe-25b534362601__1136x640.jpg"/>
<Image width="960" height="640" type="iphone4" url="http://www.boston.com/partners/greader/images/fe611f8c-6b31-11e2-b0fe-25b534362601__960x640.jpg"/>
</Images>
</ImageReference>
</ImageGroup>
</xml>
