<xml>
<PubDate>Fri, 1 Feb 2013 09:18:15 GMT</PubDate>
<Title>Pitney Bowes surges despite profit drop</Title>
<Author></Author>
<AuthorByTTL></AuthorByTTL>
<Description>Pitney Bowes Inc.</Description>
<ArticleId>02012013_51d18990-6be1-11e2-b0fe-25b534362601</ArticleId>
<Kicker></Kicker>
<PrintPubDate>Fri, 1 Feb 2013 09:18:15 GMT</PrintPubDate>
<ArticleUrl>http://www.bostonglobe.com/business/2013/02/01/pitney-bowes-posts-lower-net-income-but-stock-surges/0fC5DfGgDgrw2SOpDEGn1K/story.html</ArticleUrl>
<ShortUrl>http://b.globe.com/WF4sQE</ShortUrl>
<FirstParagraph>Pitney Bowes Inc.</FirstParagraph>
<SectionId>150001200</SectionId>
<SectionName>Business</SectionName>
<LockedContent>0</LockedContent>
<DisplayAd>0</DisplayAd>
<Location primary="" latitudelongitude=""/>
<ImageGroup>
<ImageReference>
<ImageCredit>Scott Olson/Getty Images/File 2012</ImageCredit>
<ImageCaption>Pitney Bowes, known for postage meters, also provides shipping and weighing systems, software, online postage services, and document management services.</ImageCaption>
<ImageOrientation>Landscape</ImageOrientation>
<Images>
<Image width="1136" height="640" type="iphone5" url="http://www.boston.com/partners/greader/images/b83fd48a-6be5-11e2-b0fe-25b534362601__1136x640.jpg"/>
<Image width="960" height="640" type="iphone4" url="http://www.boston.com/partners/greader/images/b83fd48a-6be5-11e2-b0fe-25b534362601__960x640.jpg"/>
</Images>
</ImageReference>
</ImageGroup>
</xml>
