<xml>
<PubDate>Fri, 1 Feb 2013 09:18:16 GMT</PubDate>
<Title>Julien seeks answer for Bourque</Title>
<Author>By Fluto Shinzawa</Author>
<AuthorByTTL>Globe Staff</AuthorByTTL>
<Description>Chris Bourque had been the No.</Description>
<ArticleId>02012013_42c2f72c-6bfa-11e2-baa1-9e8515cd26f3</ArticleId>
<Kicker>BRUINS NOTEBOOK</Kicker>
<PrintPubDate>Fri, 1 Feb 2013 09:18:16 GMT</PrintPubDate>
<ArticleUrl>http://www.bostonglobe.com/sports/2013/02/01/bruins-chris-bourque-scratched-against-sabres/ATxJVxsNPlws6bbWKQukiO/story.html</ArticleUrl>
<ShortUrl>http://b.globe.com/WF4qIj</ShortUrl>
<FirstParagraph>Chris Bourque had been the No.</FirstParagraph>
<SectionId>150001400</SectionId>
<SectionName>Sports</SectionName>
<LockedContent>0</LockedContent>
<DisplayAd>0</DisplayAd>
<Location primary="" latitudelongitude=""/>
<ImageGroup>
<ImageReference>
<ImageCredit>john tlumacki/globe staff</ImageCredit>
<ImageCaption>Patrice Bergeron was down and out in the third period after crashing into the boards, one of four Bruins skaters forced off the ice in pain.</ImageCaption>
<ImageOrientation>Landscape</ImageOrientation>
<Images>
<Image width="1136" height="640" type="iphone5" url="http://www.boston.com/partners/greader/images/233d0bea-6c13-11e2-822d-5680187169b0__1136x640.jpg"/>
<Image width="960" height="640" type="iphone4" url="http://www.boston.com/partners/greader/images/233d0bea-6c13-11e2-822d-5680187169b0__960x640.jpg"/>
</Images>
</ImageReference>
</ImageGroup>
</xml>
