<xml>
<PubDate>Fri, 1 Feb 2013 09:18:12 GMT</PubDate>
<Title>Mumford &amp; Sons lead the way. But to where?</Title>
<Author>By James Reed</Author>
<AuthorByTTL>Globe Staff</AuthorByTTL>
<Description>They may be the leaders of a new movement in Americana, but Mumford &amp; Sons are also the most overrated and monochromatic act in a scene blossoming with bands bending the genre&#8217;s boundaries.</Description>
<ArticleId>02012013_49c434ca-6b03-11e2-b0fe-25b534362601</ArticleId>
<Kicker>Critic&#8217;s Notebook</Kicker>
<PrintPubDate>Fri, 1 Feb 2013 09:18:12 GMT</PrintPubDate>
<ArticleUrl>http://www.bostonglobe.com/arts/music/2013/01/31/mumford-sons-slated-for-garden-tuesday/uK59vigNYCRNM3NWZkICWM/story.html</ArticleUrl>
<ShortUrl>http://b.globe.com/WF4pEt</ShortUrl>
<FirstParagraph>They may be the leaders of a new movement in Americana, but Mumford &amp; Sons are also the most overrated and monochromatic act in a scene blossoming with bands bending the genre&#8217;s boundaries.</FirstParagraph>
<SectionId>150001300</SectionId>
<SectionName>Arts</SectionName>
<LockedContent>0</LockedContent>
<DisplayAd>0</DisplayAd>
<Location primary="" latitudelongitude=""/>
<ImageGroup>
<ImageReference>
<ImageCredit>Simone Joyner/Getty Images</ImageCredit>
<ImageCaption>Marcus Mumford and Winston Marshall of Mumford &amp; Sons performing in London last year.</ImageCaption>
<ImageOrientation>Landscape</ImageOrientation>
<Images>
<Image width="1136" height="640" type="iphone5" url="http://www.boston.com/partners/greader/images/e8318646-697b-11e2-a242-50e79c56738a__1136x640.jpg"/>
<Image width="960" height="640" type="iphone4" url="http://www.boston.com/partners/greader/images/e8318646-697b-11e2-a242-50e79c56738a__960x640.jpg"/>
</Images>
</ImageReference>
</ImageGroup>
</xml>
