<xml>
<PubDate>Fri, 1 Feb 2013 09:18:16 GMT</PubDate>
<Title>Brighton fills it up in rematch</Title>
<Author>By Justin A. Rice</Author>
<AuthorByTTL>Globe Correspondent</AuthorByTTL>
<Description>In front of a mostly empty gymnasium after a fight-marred December meeting, Brighton staged a fierce rally to upend New Mission in boys&#8217; basketball..</Description>
<ArticleId>02012013_41202fc0-6c09-11e2-baa1-9e8515cd26f3</ArticleId>
<Kicker>school roundup</Kicker>
<PrintPubDate>Fri, 1 Feb 2013 09:18:16 GMT</PrintPubDate>
<ArticleUrl>http://www.bostonglobe.com/sports/2013/01/31/brighton-rallies-new-mission-nearly-empty-gym/A1SFRiE291YifjOEMe9veO/story.html</ArticleUrl>
<ShortUrl>http://b.globe.com/WF4qIp</ShortUrl>
<FirstParagraph>In front of a mostly empty gymnasium after a fight-marred December meeting, Brighton staged a fierce rally to upend New Mission in boys&#8217; basketball..</FirstParagraph>
<SectionId>150001400</SectionId>
<SectionName>Sports</SectionName>
<LockedContent>0</LockedContent>
<DisplayAd>0</DisplayAd>
<Location primary="" latitudelongitude=""/>
</xml>
