<xml>
<PubDate>Fri, 1 Feb 2013 09:18:12 GMT</PubDate>
<Title>Celebs news</Title>
<Author></Author>
<AuthorByTTL></AuthorByTTL>
<Description>Beyonce answered critics of her Inauguration Day performance the best way she could &#8212; with another sterling performance of the national anthem.</Description>
<ArticleId>02012013_972a12e8-6bfd-11e2-b0fe-25b534362601</ArticleId>
<Kicker></Kicker>
<PrintPubDate>Fri, 1 Feb 2013 09:18:12 GMT</PrintPubDate>
<ArticleUrl>http://www.bostonglobe.com/lifestyle/style/2013/02/01/celebs-news/WCLlx7wlbStLAxqSzSRbGI/story.html</ArticleUrl>
<ShortUrl>http://b.globe.com/WF4rMy</ShortUrl>
<FirstParagraph>Beyonce answered critics of her Inauguration Day performance the best way she could &#8212; with another sterling performance of the national anthem.</FirstParagraph>
<SectionId>150001300</SectionId>
<SectionName>Arts</SectionName>
<LockedContent>0</LockedContent>
<DisplayAd>0</DisplayAd>
<Location primary="" latitudelongitude=""/>
</xml>
