<xml>
<PubDate>Fri, 1 Feb 2013 09:18:12 GMT</PubDate>
<Title>BSO&#8217;s Carnegie dates cut back to 2 next year</Title>
<Author>By Jeremy Eichler</Author>
<AuthorByTTL>Globe Staff</AuthorByTTL>
<Description>In a small but tangible sign of the impact of its podium vacancy on its national profile, the Boston Symphony Orchestra will be reducing its number of concerts next season at Carnegie Hall..</Description>
<ArticleId>02012013_5590f49c-6b2a-11e2-bf18-4fb9427cef87</ArticleId>
<Kicker></Kicker>
<PrintPubDate>Fri, 1 Feb 2013 09:18:12 GMT</PrintPubDate>
<ArticleUrl>http://www.bostonglobe.com/arts/music/2013/01/31/bso-carnegie-hall-appearances-reduced/09JNXd7Zzu2zc02snIVQhL/story.html</ArticleUrl>
<ShortUrl>http://b.globe.com/WF4s2Y</ShortUrl>
<FirstParagraph>In a small but tangible sign of the impact of its podium vacancy on its national profile, the Boston Symphony Orchestra will be reducing its number of concerts next season at Carnegie Hall..</FirstParagraph>
<SectionId>150001300</SectionId>
<SectionName>Arts</SectionName>
<LockedContent>0</LockedContent>
<DisplayAd>0</DisplayAd>
<Location primary="" latitudelongitude=""/>
</xml>
