<xml>
<PubDate>Fri, 1 Feb 2013 09:18:15 GMT</PubDate>
<Title>US weighing China response</Title>
<Author>By Lolita C. Baldor</Author>
<AuthorByTTL>Associated Press</AuthorByTTL>
<Description>The Obama administration is considering more assertive action against Beijing to combat a persistent cyber-espionage campaign it believes Chinese hackers are waging against U.S.</Description>
<ArticleId>02012013_aab19ff4-6c05-11e2-a242-50e79c56738a</ArticleId>
<Kicker></Kicker>
<PrintPubDate>Fri, 1 Feb 2013 09:18:15 GMT</PrintPubDate>
<ArticleUrl>http://www.bostonglobe.com/business/2013/02/01/looking-action-against-china-cyberattacks/iUl3vW1VpyTHV8zMbfBt2I/story.html</ArticleUrl>
<ShortUrl>http://b.globe.com/WF4sA8</ShortUrl>
<FirstParagraph>The Obama administration is considering more assertive action against Beijing to combat a persistent cyber-espionage campaign it believes Chinese hackers are waging against U.S.</FirstParagraph>
<SectionId>150001200</SectionId>
<SectionName>Business</SectionName>
<LockedContent>0</LockedContent>
<DisplayAd>0</DisplayAd>
<Location primary="" latitudelongitude=""/>
</xml>
