<xml>
<PubDate>Fri, 1 Feb 2013 09:18:11 GMT</PubDate>
<Title>At home, huge screen can be a hard sell</Title>
<Author>By Beth Teitell</Author>
<AuthorByTTL>Globe Staff</AuthorByTTL>
<Description>Indeed, when it comes to buying a monster-screen television, as many a married person has learned, there may be one thing more important than a credit card: an angle.</Description>
<ArticleId>02012013_c2575b20-6742-11e2-ad39-f0a3bf203399</ArticleId>
<Kicker></Kicker>
<PrintPubDate>Fri, 1 Feb 2013 09:18:11 GMT</PrintPubDate>
<ArticleUrl>http://www.bostonglobe.com/metro/2013/02/01/want-monster-prepare-for-spouse-spouse/wHjfLFxoQKLdCHuW7GaGuI/story.html</ArticleUrl>
<ShortUrl>http://b.globe.com/WF4oQG</ShortUrl>
<FirstParagraph>Indeed, when it comes to buying a monster-screen television, as many a married person has learned, there may be one thing more important than a credit card: an angle.</FirstParagraph>
<SectionId>150001000</SectionId>
<SectionName>Metro</SectionName>
<LockedContent>0</LockedContent>
<DisplayAd>0</DisplayAd>
<Location primary="" latitudelongitude=""/>
<ImageGroup>
<ImageReference>
<ImageCredit>Debee Tlumacki  for the Boston Globe</ImageCredit>
<ImageCaption>As the size the of average television is growing, the prices are plummeting.</ImageCaption>
<ImageOrientation>Landscape</ImageOrientation>
<Images>
<Image width="1136" height="640" type="iphone5" url="http://www.boston.com/partners/greader/images/e7ab9cca-6b06-11e2-bf18-4fb9427cef87__1136x640.jpg"/>
<Image width="960" height="640" type="iphone4" url="http://www.boston.com/partners/greader/images/e7ab9cca-6b06-11e2-bf18-4fb9427cef87__960x640.jpg"/>
</Images>
</ImageReference>
<ImageReference>
<ImageCredit>Debee Tlumacki for the Boston Globe</ImageCredit>
<ImageCaption>At the George Washington Toma TV store, owner George Toma (left) and salesman Richard Shuman moved a 64-inch TV.</ImageCaption>
<ImageOrientation>Landscape</ImageOrientation>
<Images>
<Image width="1136" height="640" type="iphone5" url="http://www.boston.com/partners/greader/images/60bf0970-6b0d-11e2-bf18-4fb9427cef87__1136x640.jpg"/>
<Image width="960" height="640" type="iphone4" url="http://www.boston.com/partners/greader/images/60bf0970-6b0d-11e2-bf18-4fb9427cef87__960x640.jpg"/>
</Images>
</ImageReference>
</ImageGroup>
</xml>
