<xml>
<PubDate>Fri, 1 Feb 2013 09:18:12 GMT</PubDate>
<Title>Movie Stars</Title>
<Author></Author>
<AuthorByTTL></AuthorByTTL>
<Description>Capsule reviews of previously released movies.</Description>
<ArticleId>02012013_b4ff246e-6b14-11e2-baa1-9e8515cd26f3</ArticleId>
<Kicker>Movie Stars</Kicker>
<PrintPubDate>Fri, 1 Feb 2013 09:18:12 GMT</PrintPubDate>
<ArticleUrl>http://www.bostonglobe.com/arts/movies/2013/01/31/movie-stars/APnXw0FPUwhEfcG8YpbEqM/story.html</ArticleUrl>
<ShortUrl>http://b.globe.com/WF4pEe</ShortUrl>
<FirstParagraph>Capsule reviews of previously released movies.</FirstParagraph>
<SectionId>150001300</SectionId>
<SectionName>Arts</SectionName>
<LockedContent>0</LockedContent>
<DisplayAd>0</DisplayAd>
<Location primary="" latitudelongitude=""/>
<ImageGroup>
<ImageReference>
<ImageCredit>Jonathan Olley/Columbia Pictures</ImageCredit>
<ImageCaption>Jessica Chastain stars as a CIA agent in &#8220;Zero Dark Thirty.&#8217;&#8217;</ImageCaption>
<ImageOrientation>Landscape</ImageOrientation>
<Images>
<Image width="1136" height="640" type="iphone5" url="http://www.boston.com/partners/greader/images/9d25a01c-4bba-11e2-beb9-6b91558de34a__1136x640.jpg"/>
<Image width="960" height="640" type="iphone4" url="http://www.boston.com/partners/greader/images/9d25a01c-4bba-11e2-beb9-6b91558de34a__960x640.jpg"/>
</Images>
</ImageReference>
</ImageGroup>
</xml>
