<xml>
<PubDate>Fri, 1 Feb 2013 09:18:15 GMT</PubDate>
<Title>IRS seeks comment on simpler plan for home-office break</Title>
<Author>By Michelle Singletary</Author>
<AuthorByTTL>Washington Post</AuthorByTTL>
<Description>If you&#8217;re working on your 2012 tax return, you probably aren&#8217;t in the mood to consider changes that await you next year.</Description>
<ArticleId>02012013_bc535fe2-6b4a-11e2-baa1-9e8515cd26f3</ArticleId>
<Kicker></Kicker>
<PrintPubDate>Fri, 1 Feb 2013 09:18:15 GMT</PrintPubDate>
<ArticleUrl>http://www.bostonglobe.com/business/2013/02/01/irs-moves-simply-home-office-deduction/s95cXHHbR2g7TdPIN7BKgO/story.html</ArticleUrl>
<ShortUrl>http://b.globe.com/WF4qbx</ShortUrl>
<FirstParagraph>If you&#8217;re working on your 2012 tax return, you probably aren&#8217;t in the mood to consider changes that await you next year.</FirstParagraph>
<SectionId>150001200</SectionId>
<SectionName>Business</SectionName>
<LockedContent>0</LockedContent>
<DisplayAd>0</DisplayAd>
<Location primary="" latitudelongitude=""/>
<ImageGroup>
<ImageReference>
<ImageCredit>John Tlumacki /Globe Staff/File 2012</ImageCredit>
<ImageCaption>To claim a deduction, you must use your home office only for business &#8212; and nothing else.</ImageCaption>
<ImageOrientation>Landscape</ImageOrientation>
<Images>
<Image width="1136" height="640" type="iphone5" url="http://www.boston.com/partners/greader/images/1ea0a3ca-7db3-11e1-a577-ff4d56de633d__1136x640.jpg"/>
<Image width="960" height="640" type="iphone4" url="http://www.boston.com/partners/greader/images/1ea0a3ca-7db3-11e1-a577-ff4d56de633d__960x640.jpg"/>
</Images>
</ImageReference>
</ImageGroup>
</xml>
