<xml>
<PubDate>Fri, 1 Feb 2013 09:18:17 GMT</PubDate>
<Title>Cupcake has seal of approval</Title>
<Author></Author>
<AuthorByTTL></AuthorByTTL>
<Description>Jim Walsh writes: Too much attention has been paid to the Twinkie.</Description>
<ArticleId>02012013_4d27175a-6afd-11e2-bf18-4fb9427cef87</ArticleId>
<Kicker></Kicker>
<PrintPubDate>Fri, 1 Feb 2013 09:18:17 GMT</PrintPubDate>
<ArticleUrl>http://www.bostonglobe.com/opinion/letters/2013/02/01/cupcake-has-seal-approval/WwOJaOPHFZ5DuS2IcjHlMN/story.html</ArticleUrl>
<ShortUrl>http://b.globe.com/WF4qIy</ShortUrl>
<FirstParagraph>Jim Walsh writes: Too much attention has been paid to the Twinkie.</FirstParagraph>
<SectionId>150000000</SectionId>
<SectionName>Opinion</SectionName>
<LockedContent>0</LockedContent>
<DisplayAd>0</DisplayAd>
<Location primary="" latitudelongitude=""/>
<ImageGroup>
<ImageReference>
<ImageCredit>The White House</ImageCredit>
<ImageCaption></ImageCaption>
<ImageOrientation>Landscape</ImageOrientation>
<Images>
<Image width="1136" height="640" type="iphone5" url="http://www.boston.com/partners/greader/images/6409ee74-6b08-11e2-baa1-9e8515cd26f3__1136x640.jpg"/>
<Image width="960" height="640" type="iphone4" url="http://www.boston.com/partners/greader/images/6409ee74-6b08-11e2-baa1-9e8515cd26f3__960x640.jpg"/>
</Images>
</ImageReference>
<ImageReference>
<ImageCredit>Paul J. Richards/AFP/Getty Images/File</ImageCredit>
<ImageCaption></ImageCaption>
<ImageOrientation>Landscape</ImageOrientation>
<Images>
<Image width="1136" height="640" type="iphone5" url="http://www.boston.com/partners/greader/images/516a25f8-2ff4-11e2-a842-7f141b2392e5__1136x640.jpg"/>
<Image width="960" height="640" type="iphone4" url="http://www.boston.com/partners/greader/images/516a25f8-2ff4-11e2-a842-7f141b2392e5__960x640.jpg"/>
</Images>
</ImageReference>
</ImageGroup>
</xml>
