<xml>
<PubDate>Fri, 1 Feb 2013 09:18:12 GMT</PubDate>
<Title>Critic&#8217;s corner</Title>
<Author>By Matthew Gilbert</Author>
<AuthorByTTL>Globe Staff</AuthorByTTL>
<Description>Matthew Gilbert&#8217;s TV notes, including &#8220;The NAACP Image Awards&#8217;&#8217; and &#8220;Dexter.&#8217;&#8217;.</Description>
<ArticleId>02012013_c4039c3a-6ae5-11e2-b0fe-25b534362601</ArticleId>
<Kicker></Kicker>
<PrintPubDate>Fri, 1 Feb 2013 09:18:12 GMT</PrintPubDate>
<ArticleUrl>http://www.bostonglobe.com/arts/television/2013/01/31/critic-corner-for-friday-feb/OmXtx6j8dKQpIG78CiYrfP/story.html</ArticleUrl>
<ShortUrl>http://b.globe.com/WF4sjC</ShortUrl>
<FirstParagraph>Matthew Gilbert&#8217;s TV notes, including &#8220;The NAACP Image Awards&#8217;&#8217; and &#8220;Dexter.&#8217;&#8217;.</FirstParagraph>
<SectionId>150001300</SectionId>
<SectionName>Arts</SectionName>
<LockedContent>0</LockedContent>
<DisplayAd>0</DisplayAd>
<Location primary="" latitudelongitude=""/>
<ImageGroup>
<ImageReference>
<ImageCredit>Charles Sykes/AP/file</ImageCredit>
<ImageCaption></ImageCaption>
<ImageOrientation>Landscape</ImageOrientation>
<Images>
<Image width="1136" height="640" type="iphone5" url="http://www.boston.com/partners/greader/images/2f2eaa3c-6b3f-11e2-a242-50e79c56738a__1136x640.jpg"/>
<Image width="960" height="640" type="iphone4" url="http://www.boston.com/partners/greader/images/2f2eaa3c-6b3f-11e2-a242-50e79c56738a__960x640.jpg"/>
</Images>
</ImageReference>
<ImageReference>
<ImageCredit>Randy Tepper/Showtime via AP</ImageCredit>
<ImageCaption></ImageCaption>
<ImageOrientation>Landscape</ImageOrientation>
<Images>
<Image width="1136" height="640" type="iphone5" url="http://www.boston.com/partners/greader/images/931b51c6-6b3f-11e2-a242-50e79c56738a__1136x640.jpg"/>
<Image width="960" height="640" type="iphone4" url="http://www.boston.com/partners/greader/images/931b51c6-6b3f-11e2-a242-50e79c56738a__960x640.jpg"/>
</Images>
</ImageReference>
</ImageGroup>
</xml>
