<xml>
<PubDate>Fri, 1 Feb 2013 09:18:17 GMT</PubDate>
<Title>&#8216;Mental illness&#8217; is a broad term, not a divining rod to acts of violence</Title>
<Author></Author>
<AuthorByTTL></AuthorByTTL>
<Description>Dr.</Description>
<ArticleId>02012013_d7e04bc2-6a31-11e2-bf18-4fb9427cef87</ArticleId>
<Kicker></Kicker>
<PrintPubDate>Fri, 1 Feb 2013 09:18:17 GMT</PrintPubDate>
<ArticleUrl>http://www.bostonglobe.com/opinion/letters/2013/02/01/mental-illness-broad-term-not-divining-rod-violence/yEvUeHER4SuohonTHxQdDL/story.html</ArticleUrl>
<ShortUrl>http://b.globe.com/WF4t7a</ShortUrl>
<FirstParagraph>Dr.</FirstParagraph>
<SectionId>150000000</SectionId>
<SectionName>Opinion</SectionName>
<LockedContent>0</LockedContent>
<DisplayAd>0</DisplayAd>
<Location primary="" latitudelongitude=""/>
</xml>
