<xml>
<PubDate>Fri, 1 Feb 2013 09:18:15 GMT</PubDate>
<Title>Boston&#8217;s SEC chief moves onto national stage</Title>
<Author>By Beth Healy</Author>
<AuthorByTTL>Globe Staff</AuthorByTTL>
<Description>David Bergers, the head the Securities and Exchange Commission&#8217;s Boston office, was named acting deputy director of the regulator&#8217;s enforcement division in Washington.</Description>
<ArticleId>02012013_ef73e528-6be4-11e2-a242-50e79c56738a</ArticleId>
<Kicker></Kicker>
<PrintPubDate>Fri, 1 Feb 2013 09:18:15 GMT</PrintPubDate>
<ArticleUrl>http://www.bostonglobe.com/business/2013/01/31/david-bergers-head-sec-boston-named-acting-deputy-director-enforcement-washington/gL3u3jeiBwIOhabkcSHrKJ/story.html</ArticleUrl>
<ShortUrl>http://b.globe.com/WF4qbf</ShortUrl>
<FirstParagraph>David Bergers, the head the Securities and Exchange Commission&#8217;s Boston office, was named acting deputy director of the regulator&#8217;s enforcement division in Washington.</FirstParagraph>
<SectionId>150001200</SectionId>
<SectionName>Business</SectionName>
<LockedContent>0</LockedContent>
<DisplayAd>0</DisplayAd>
<Location primary="" latitudelongitude=""/>
</xml>
