<xml>
<PubDate>Fri, 1 Feb 2013 09:18:09 GMT</PubDate>
<Title>Chuck Hinton, Senator; coached at Howard University</Title>
<Author>By Matt Schudel</Author>
<AuthorByTTL>Washington Post</AuthorByTTL>
<Description>Chuck Hinton, the last player for the Washington Senators to hit .300, and who later became the head baseball coach at Howard University and the founder of the Major League Baseball Players Alumni Association, died Jan.</Description>
<ArticleId>02012013_1857569e-6b29-11e2-b0fe-25b534362601</ArticleId>
<Kicker></Kicker>
<PrintPubDate>Fri, 1 Feb 2013 09:18:09 GMT</PrintPubDate>
<ArticleUrl>http://www.bostonglobe.com/metro/obituaries/2013/02/01/chuck-hinton-last-washington-senator-hit-dies/6g9zRf9qfLamedm8KJku9K/story.html</ArticleUrl>
<ShortUrl>http://b.globe.com/WF4oAo</ShortUrl>
<FirstParagraph>Chuck Hinton, the last player for the Washington Senators to hit .300, and who later became the head baseball coach at Howard University and the founder of the Major League Baseball Players Alumni Association, died Jan.</FirstParagraph>
<SectionId>150001700</SectionId>
<SectionName>News</SectionName>
<LockedContent>0</LockedContent>
<DisplayAd>0</DisplayAd>
<Location primary="" latitudelongitude=""/>
</xml>
