<xml>
<PubDate>Fri, 1 Feb 2013 09:18:09 GMT</PubDate>
<Title>Globally bound, Kerry first retraces, recalls roots</Title>
<Author>By Matt Viser</Author>
<AuthorByTTL>Globe Staff</AuthorByTTL>
<Description>The past few days have been a whirlwind for Kerry.</Description>
<ArticleId>02012013_24567afc-6bc8-11e2-a242-50e79c56738a</ArticleId>
<Kicker></Kicker>
<PrintPubDate>Fri, 1 Feb 2013 09:18:09 GMT</PrintPubDate>
<ArticleUrl>http://www.bostonglobe.com/news/nation/2013/02/01/john-kerry-now-known-secretary-reflects-his-political-journey/Q73YnFOiYAW4qrBl9cAIyO/story.html</ArticleUrl>
<ShortUrl>http://b.globe.com/WF4oAg</ShortUrl>
<FirstParagraph>The past few days have been a whirlwind for Kerry.</FirstParagraph>
<SectionId>150001700</SectionId>
<SectionName>News</SectionName>
<LockedContent>0</LockedContent>
<DisplayAd>0</DisplayAd>
<Location primary="" latitudelongitude=""/>
<ImageGroup>
<ImageReference>
<ImageCredit>Dina Rudick/Globe StaffSuzanne Kreiter/Globe Staff</ImageCredit>
<ImageCaption>&#8220;Over the years I learned this really is just all about people,&#8217;&#8217; a reflective Senator John Kerry said Thursday.John Kerry, a former assistant district attorney in Middlesex County, checked out his old desk at the office in Woburn. The s</ImageCaption>
<ImageOrientation>Landscape</ImageOrientation>
<Images>
<Image width="1136" height="640" type="iphone5" url="http://www.boston.com/partners/greader/images/6d7440e4-6bf9-11e2-822d-5680187169b0__1136x640.jpg"/>
<Image width="960" height="640" type="iphone4" url="http://www.boston.com/partners/greader/images/6d7440e4-6bf9-11e2-822d-5680187169b0__960x640.jpg"/>
</Images>
</ImageReference>
</ImageGroup>
</xml>
