<xml>
<PubDate>Fri, 1 Feb 2013 09:18:12 GMT</PubDate>
<Title>&#8216;Francona&#8217; a hit</Title>
<Author></Author>
<AuthorByTTL></AuthorByTTL>
<Description>The book by Globe columnist Dan Shaughnessy and former Sox manager Terry Francona is apparently selling well.</Description>
<ArticleId>02012013_48b73436-6bd7-11e2-b0fe-25b534362601</ArticleId>
<Kicker></Kicker>
<PrintPubDate>Fri, 1 Feb 2013 09:18:12 GMT</PrintPubDate>
<ArticleUrl>http://www.bostonglobe.com/lifestyle/names/2013/02/01/francona-book-finds-audience/6eof2aiekbjpAuLcEWFTiK/story.html</ArticleUrl>
<ShortUrl>http://b.globe.com/WF4pnH</ShortUrl>
<FirstParagraph>The book by Globe columnist Dan Shaughnessy and former Sox manager Terry Francona is apparently selling well.</FirstParagraph>
<SectionId>150001300</SectionId>
<SectionName>Arts</SectionName>
<LockedContent>0</LockedContent>
<DisplayAd>0</DisplayAd>
<Location primary="" latitudelongitude=""/>
</xml>
