<xml>
<PubDate>Fri, 1 Feb 2013 09:18:17 GMT</PubDate>
<Title>NRA&#8217;s position is indefensible</Title>
<Author></Author>
<AuthorByTTL></AuthorByTTL>
<Description>Bill Morrison writes: What I don&#8217;t understand is the National Rifle Association&#8217;s zealous attempts to block background checks, safety regulations, and the sharing of data with law enforcement, common-sense measures that would help prevent future tragedies.</Description>
<ArticleId>02012013_05023fe0-6963-11e2-b344-7dec3c831529</ArticleId>
<Kicker></Kicker>
<PrintPubDate>Fri, 1 Feb 2013 09:18:17 GMT</PrintPubDate>
<ArticleUrl>http://www.bostonglobe.com/opinion/letters/2013/02/01/nra-extreme-position-indefensible/OSbo5PAPrDdt1DtnFSTm2M/story.html</ArticleUrl>
<ShortUrl>http://b.globe.com/WF4tns</ShortUrl>
<FirstParagraph>Bill Morrison writes: What I don&#8217;t understand is the National Rifle Association&#8217;s zealous attempts to block background checks, safety regulations, and the sharing of data with law enforcement, common-sense measures that would help prevent future tragedies.</FirstParagraph>
<SectionId>150000000</SectionId>
<SectionName>Opinion</SectionName>
<LockedContent>0</LockedContent>
<DisplayAd>0</DisplayAd>
<Location primary="" latitudelongitude=""/>
</xml>
