<xml>
<PubDate>Fri, 1 Feb 2013 09:18:17 GMT</PubDate>
<Title>Reverse the exodus from Eritrea</Title>
<Author>By Dan Connell</Author>
<AuthorByTTL></AuthorByTTL>
<Description>Last week, soldiers in one of Africa&#8217;s most closed and repressive nations &#8212; Eritrea &#8212; occupied the country&#8217;s Ministry of Information and issued demands.</Description>
<ArticleId>02012013_dc202550-6afd-11e2-a242-50e79c56738a</ArticleId>
<Kicker></Kicker>
<PrintPubDate>Fri, 1 Feb 2013 09:18:17 GMT</PrintPubDate>
<ArticleUrl>http://www.bostonglobe.com/opinion/2013/02/01/eritrea-protests-send-message-country-where-hard-speak/kJpwdq9tOuUklJC0uN9YjK/story.html</ArticleUrl>
<ShortUrl>http://b.globe.com/WF4qYM</ShortUrl>
<FirstParagraph>Last week, soldiers in one of Africa&#8217;s most closed and repressive nations &#8212; Eritrea &#8212; occupied the country&#8217;s Ministry of Information and issued demands.</FirstParagraph>
<SectionId>150000000</SectionId>
<SectionName>Opinion</SectionName>
<LockedContent>0</LockedContent>
<DisplayAd>0</DisplayAd>
<Location primary="" latitudelongitude=""/>
</xml>
