<xml>
<PubDate>Fri, 1 Feb 2013 09:18:09 GMT</PubDate>
<Title>US Afghan deaths reach 4-year low</Title>
<Author>By Robert Burns</Author>
<AuthorByTTL>Associated Press</AuthorByTTL>
<Description>US troop deaths in Afghanistan have plunged to the lowest level in four years, reflecting a pullback from direct combat into the less deadly role of advising and assisting Afghan forces as they do more of the fighting.</Description>
<ArticleId>02012013_74b815c2-6bf6-11e2-b0fe-25b534362601</ArticleId>
<Kicker></Kicker>
<PrintPubDate>Fri, 1 Feb 2013 09:18:09 GMT</PrintPubDate>
<ArticleUrl>http://www.bostonglobe.com/news/nation/2013/02/01/american-deaths-afghan-war-drop-year-low/eeLHnY8Ey8g2oyaYi4FFNI/story.html</ArticleUrl>
<ShortUrl>http://b.globe.com/WF4oAk</ShortUrl>
<FirstParagraph>US troop deaths in Afghanistan have plunged to the lowest level in four years, reflecting a pullback from direct combat into the less deadly role of advising and assisting Afghan forces as they do more of the fighting.</FirstParagraph>
<SectionId>150001700</SectionId>
<SectionName>News</SectionName>
<LockedContent>0</LockedContent>
<DisplayAd>0</DisplayAd>
<Location primary="" latitudelongitude=""/>
</xml>
