<xml>
<PubDate>Fri, 1 Feb 2013 09:18:15 GMT</PubDate>
<Title>A better air game</Title>
<Author>By Callum Borchers</Author>
<AuthorByTTL>Globe Staff</AuthorByTTL>
<Description>In the high-stakes world of Super Bowl admaking, clients spend millions and expect miracles, viewers demand entertainment that rivals the big game itself, and the slightest miscalculation can get you fired.</Description>
<ArticleId>02012013_a1b57ccc-6962-11e2-b0fe-25b534362601</ArticleId>
<Kicker></Kicker>
<PrintPubDate>Fri, 1 Feb 2013 09:18:15 GMT</PrintPubDate>
<ArticleUrl>http://www.bostonglobe.com/business/2013/02/01/for-admakers-super-bowl-high-stakes-game/2Gf29oeKlBI4FZoPTm3KyO/story.html</ArticleUrl>
<ShortUrl>http://b.globe.com/WF4sA0</ShortUrl>
<FirstParagraph>In the high-stakes world of Super Bowl admaking, clients spend millions and expect miracles, viewers demand entertainment that rivals the big game itself, and the slightest miscalculation can get you fired.</FirstParagraph>
<SectionId>150001200</SectionId>
<SectionName>Business</SectionName>
<LockedContent>0</LockedContent>
<DisplayAd>0</DisplayAd>
<Location primary="" latitudelongitude=""/>
</xml>
