<xml>
<PubDate>Fri, 1 Feb 2013 09:18:11 GMT</PubDate>
<Title>MBTA ridership rose despite 2012 fare hike</Title>
<Author></Author>
<AuthorByTTL></AuthorByTTL>
<Description>MBTA ridership increased in 2012 &#8212; with an average daily ridership of 1.3 million &#8212; despite an increase in bus and train fares over the summer, T officials said Thursday.</Description>
<ArticleId>02012013_124af88c-6bc4-11e2-a242-50e79c56738a</ArticleId>
<Kicker></Kicker>
<PrintPubDate>Fri, 1 Feb 2013 09:18:11 GMT</PrintPubDate>
<ArticleUrl>http://www.bostonglobe.com/metro/2013/01/31/mbta-ridership-increased-despite-fare-hike-officials-say/cZZlk5fVyZYT4XdfGZzvtM/story.html</ArticleUrl>
<ShortUrl>http://b.globe.com/WF4oQR</ShortUrl>
<FirstParagraph>MBTA ridership increased in 2012 &#8212; with an average daily ridership of 1.3 million &#8212; despite an increase in bus and train fares over the summer, T officials said Thursday.</FirstParagraph>
<SectionId>150001000</SectionId>
<SectionName>Metro</SectionName>
<LockedContent>0</LockedContent>
<DisplayAd>0</DisplayAd>
<Location primary="" latitudelongitude=""/>
</xml>
