<xml>
<PubDate>Fri, 1 Feb 2013 09:18:12 GMT</PubDate>
<Title>Five documentary shorts that inspire, enrich</Title>
<Author>By Ty Burr</Author>
<AuthorByTTL>Globe Staff</AuthorByTTL>
<Description>**** The Oscar Nominated Short Films 2013: Documentaries Homeless teens, women with breast cancer, Rwandan children in dire need of heart surgery -- in theory, this year&#8217;s nominated shorts promise compassion fatigue.</Description>
<ArticleId>02012013_ce76f8b2-6b01-11e2-b0fe-25b534362601</ArticleId>
<Kicker>Movie Review</Kicker>
<PrintPubDate>Fri, 1 Feb 2013 09:18:12 GMT</PrintPubDate>
<ArticleUrl>http://www.bostonglobe.com/arts/movies/2013/01/31/movie-review-the-oscar-nominated-short-films-documentaries/Ib1gWsWOSXSRwscgUKXOXL/story.html</ArticleUrl>
<ShortUrl>http://b.globe.com/WF4s36</ShortUrl>
<FirstParagraph>**** The Oscar Nominated Short Films 2013: Documentaries Homeless teens, women with breast cancer, Rwandan children in dire need of heart surgery -- in theory, this year&#8217;s nominated shorts promise compassion fatigue.</FirstParagraph>
<SectionId>150001300</SectionId>
<SectionName>Arts</SectionName>
<LockedContent>0</LockedContent>
<DisplayAd>0</DisplayAd>
<Location primary="" latitudelongitude=""/>
<ImageGroup>
<ImageReference>
<ImageCredit></ImageCredit>
<ImageCaption>&#8220;Open Heart&#8217;&#8217; looks at Rwandan children with heart disease.</ImageCaption>
<ImageOrientation>Landscape</ImageOrientation>
<Images>
<Image width="1136" height="640" type="iphone5" url="http://www.boston.com/partners/greader/images/1dc8470e-6a5d-11e2-bf18-4fb9427cef87__1136x640.jpg"/>
<Image width="960" height="640" type="iphone4" url="http://www.boston.com/partners/greader/images/1dc8470e-6a5d-11e2-bf18-4fb9427cef87__960x640.jpg"/>
</Images>
</ImageReference>
</ImageGroup>
</xml>
