<xml>
<PubDate>Fri, 1 Feb 2013 09:18:11 GMT</PubDate>
<Title>Fishermen say cuts cast a net of ruin</Title>
<Author>By Jay Lindsay</Author>
<AuthorByTTL>Associated Press</AuthorByTTL>
<Description>Minutes after New England fishery managers took a vote that cast doubt on the historic industry&#8217;s future, the prospects clearest to Gloucester fishermen Paul Vitale were his own.</Description>
<ArticleId>02012013_4b57728c-6be1-11e2-a242-50e79c56738a</ArticleId>
<Kicker></Kicker>
<PrintPubDate>Fri, 1 Feb 2013 09:18:11 GMT</PrintPubDate>
<ArticleUrl>http://www.bostonglobe.com/metro/2013/02/01/new-england-fishermen-say-new-rules-mean-ruin/uSHSb868WmWvrgvslk5qCO/story.html</ArticleUrl>
<ShortUrl>http://b.globe.com/WF4p7h</ShortUrl>
<FirstParagraph>Minutes after New England fishery managers took a vote that cast doubt on the historic industry&#8217;s future, the prospects clearest to Gloucester fishermen Paul Vitale were his own.</FirstParagraph>
<SectionId>150001000</SectionId>
<SectionName>Metro</SectionName>
<LockedContent>0</LockedContent>
<DisplayAd>0</DisplayAd>
<Location primary="" latitudelongitude=""/>
</xml>
