<xml>
<PubDate>Fri, 1 Feb 2013 09:18:12 GMT</PubDate>
<Title>Netflix deals a winner with &#8216;House of Cards&#8217;</Title>
<Author>By Matthew Gilbert</Author>
<AuthorByTTL>Globe Staff</AuthorByTTL>
<Description>Listening to Kevin Spacey in &#8220;House of Cards,&#8217;&#8217; you feel as though you&#8217;re hearing the devil himself, in his most seductive and shrewd incarnation.</Description>
<ArticleId>02012013_57120eca-6b2d-11e2-b0fe-25b534362601</ArticleId>
<Kicker>Television Review</Kicker>
<PrintPubDate>Fri, 1 Feb 2013 09:18:12 GMT</PrintPubDate>
<ArticleUrl>http://www.bostonglobe.com/arts/2013/01/31/house-cards-with-kevin-spacey-netflix-ascending/gJ2uNKIVfsnWlVZX15hTCI/story.html</ArticleUrl>
<ShortUrl>http://b.globe.com/WF4sjp</ShortUrl>
<FirstParagraph>Listening to Kevin Spacey in &#8220;House of Cards,&#8217;&#8217; you feel as though you&#8217;re hearing the devil himself, in his most seductive and shrewd incarnation.</FirstParagraph>
<SectionId>150001300</SectionId>
<SectionName>Arts</SectionName>
<LockedContent>0</LockedContent>
<DisplayAd>0</DisplayAd>
<Location primary="" latitudelongitude=""/>
<ImageGroup>
<ImageReference>
<ImageCredit>Patrick Harbron/Netflix</ImageCredit>
<ImageCaption>From left: Kevin Spacey, Robin Wright, and Michael Kelly in a scene from &#8220;House of Cards.&#8217;&#8217;</ImageCaption>
<ImageOrientation>Landscape</ImageOrientation>
<Images>
<Image width="1136" height="640" type="iphone5" url="http://www.boston.com/partners/greader/images/bde52e3a-6b3b-11e2-bf18-4fb9427cef87__1136x640.jpg"/>
<Image width="960" height="640" type="iphone4" url="http://www.boston.com/partners/greader/images/bde52e3a-6b3b-11e2-bf18-4fb9427cef87__960x640.jpg"/>
</Images>
</ImageReference>
</ImageGroup>
</xml>
