<xml>
<PubDate>Fri, 1 Feb 2013 09:18:12 GMT</PubDate>
<Title>Quote of the Day: Paul Emsley</Title>
<Author></Author>
<AuthorByTTL></AuthorByTTL>
<Description>&#8220;I&#8217;ve tried to record, in a polite way, what I regard as her natural beauty.&#8217;&#8217; Artist Paul Emsley to the Washington Post.</Description>
<ArticleId>02012013_1a26e10a-6be3-11e2-b0fe-25b534362601</ArticleId>
<Kicker></Kicker>
<PrintPubDate>Fri, 1 Feb 2013 09:18:12 GMT</PrintPubDate>
<ArticleUrl>http://www.bostonglobe.com/lifestyle/names/2013/02/01/quote-day-paul-emsley/EJNMwua2SYhGMK1iEGOyxN/story.html</ArticleUrl>
<ShortUrl>http://b.globe.com/WF4rMB</ShortUrl>
<FirstParagraph>&#8220;I&#8217;ve tried to record, in a polite way, what I regard as her natural beauty.&#8217;&#8217; Artist Paul Emsley to the Washington Post.</FirstParagraph>
<SectionId>150001300</SectionId>
<SectionName>Arts</SectionName>
<LockedContent>0</LockedContent>
<DisplayAd>0</DisplayAd>
<Location primary="" latitudelongitude=""/>
<ImageGroup>
<ImageReference>
<ImageCredit></ImageCredit>
<ImageCaption></ImageCaption>
<ImageOrientation>Landscape</ImageOrientation>
<Images>
<Image width="1136" height="640" type="iphone5" url="http://www.boston.com/partners/greader/images/98d79f04-6bf6-11e2-baa1-9e8515cd26f3__1136x640.jpg"/>
<Image width="960" height="640" type="iphone4" url="http://www.boston.com/partners/greader/images/98d79f04-6bf6-11e2-baa1-9e8515cd26f3__960x640.jpg"/>
</Images>
</ImageReference>
</ImageGroup>
</xml>
