<xml>
<PubDate>Fri, 1 Feb 2013 09:18:16 GMT</PubDate>
<Title>SportsLog</Title>
<Author></Author>
<AuthorByTTL></AuthorByTTL>
<Description>Ottawa Senators forward Jason Spezza will have back surgery Friday to repair a herniated disk..</Description>
<ArticleId>02012013_e761c502-6bf9-11e2-a242-50e79c56738a</ArticleId>
<Kicker></Kicker>
<PrintPubDate>Fri, 1 Feb 2013 09:18:16 GMT</PrintPubDate>
<ArticleUrl>http://www.bostonglobe.com/sports/2013/01/31/senators-jason-spezza-will-have-back-surgery-friday/0TENHT3Hka9JzyEK0QBG8L/story.html</ArticleUrl>
<ShortUrl>http://b.globe.com/WF4qrY</ShortUrl>
<FirstParagraph>Ottawa Senators forward Jason Spezza will have back surgery Friday to repair a herniated disk..</FirstParagraph>
<SectionId>150001400</SectionId>
<SectionName>Sports</SectionName>
<LockedContent>0</LockedContent>
<DisplayAd>0</DisplayAd>
<Location primary="" latitudelongitude=""/>
</xml>
