<xml>
<PubDate>Fri, 1 Feb 2013 09:18:12 GMT</PubDate>
<Title>Daily guide</Title>
<Author></Author>
<AuthorByTTL></AuthorByTTL>
<Description> Daily guide of TV movies and radio highlights .</Description>
<ArticleId>02012013_9680ac0e-6a3f-11e2-a242-50e79c56738a</ArticleId>
<Kicker></Kicker>
<PrintPubDate>Fri, 1 Feb 2013 09:18:12 GMT</PrintPubDate>
<ArticleUrl>http://www.bostonglobe.com/ae/tv/2013/01/31/daily-guide-movies-and-radio-highlights/cf8VyewLDwfrZKqq9difQL/story.html</ArticleUrl>
<ShortUrl>http://b.globe.com/WF4pUR</ShortUrl>
<FirstParagraph> Daily guide of TV movies and radio highlights .</FirstParagraph>
<SectionId>150001300</SectionId>
<SectionName>Arts</SectionName>
<LockedContent>0</LockedContent>
<DisplayAd>0</DisplayAd>
<Location primary="" latitudelongitude=""/>
</xml>
