<xml>
<PubDate>Fri, 1 Feb 2013 09:18:15 GMT</PubDate>
<Title>Consumer-spending growth slows</Title>
<Author>By Martin Crutsinger</Author>
<AuthorByTTL>Associated Press</AuthorByTTL>
<Description>US consumers increased their spending in December at a slower pace, while their income grew by the largest amount in eight years.</Description>
<ArticleId>02012013_ce6f3f18-6bed-11e2-baa1-9e8515cd26f3</ArticleId>
<Kicker></Kicker>
<PrintPubDate>Fri, 1 Feb 2013 09:18:15 GMT</PrintPubDate>
<ArticleUrl>http://www.bostonglobe.com/business/2013/02/01/consumer-spending-slight-percent/aeGCIJizUbkZK99LjFVKlN/story.html</ArticleUrl>
<ShortUrl>http://b.globe.com/WF4qbp</ShortUrl>
<FirstParagraph>US consumers increased their spending in December at a slower pace, while their income grew by the largest amount in eight years.</FirstParagraph>
<SectionId>150001200</SectionId>
<SectionName>Business</SectionName>
<LockedContent>0</LockedContent>
<DisplayAd>0</DisplayAd>
<Location primary="" latitudelongitude=""/>
<ImageGroup>
<ImageReference>
<ImageCredit>David Goldman /Associated Press/File 2012</ImageCredit>
<ImageCaption>Paul Dales, at Capital Economics, predicts the economy will begin growing again this quarter.</ImageCaption>
<ImageOrientation>Landscape</ImageOrientation>
<Images>
<Image width="1136" height="640" type="iphone5" url="http://www.boston.com/partners/greader/images/47b1f4e4-6bf6-11e2-b0fe-25b534362601__1136x640.jpg"/>
<Image width="960" height="640" type="iphone4" url="http://www.boston.com/partners/greader/images/47b1f4e4-6bf6-11e2-b0fe-25b534362601__960x640.jpg"/>
</Images>
</ImageReference>
</ImageGroup>
</xml>
