<xml>
<PubDate>Fri, 1 Feb 2013 09:18:11 GMT</PubDate>
<Title>As video ads debut, T hopes to take in millions</Title>
<Author>By Martine Powers</Author>
<AuthorByTTL>Globe Staff</AuthorByTTL>
<Description>Digital advertising signs, promised by the MBTA last year as a means to shore up revenue, finally made their debut Thursday afternoon in Harvard Square T station, gracing the station&#8217;s atrium as well as staring out at waiting commuters from across the inbound tracks.</Description>
<ArticleId>02012013_88e0f0ce-6bc8-11e2-baa1-9e8515cd26f3</ArticleId>
<Kicker></Kicker>
<PrintPubDate>Fri, 1 Feb 2013 09:18:11 GMT</PrintPubDate>
<ArticleUrl>http://www.bostonglobe.com/metro/2013/02/01/digital-ads-debut-harvard-square-station/KUF8t5yZY5yBA7zHXjkioJ/story.html</ArticleUrl>
<ShortUrl>http://b.globe.com/WF4oQP</ShortUrl>
<FirstParagraph>Digital advertising signs, promised by the MBTA last year as a means to shore up revenue, finally made their debut Thursday afternoon in Harvard Square T station, gracing the station&#8217;s atrium as well as staring out at waiting commuters from across the inbound tracks.</FirstParagraph>
<SectionId>150001000</SectionId>
<SectionName>Metro</SectionName>
<LockedContent>0</LockedContent>
<DisplayAd>0</DisplayAd>
<Location primary="" latitudelongitude=""/>
<ImageGroup>
<ImageReference>
<ImageCredit>Matthew J. Lee/Globe Staff</ImageCredit>
<ImageCaption>New digital advertising screens awaited MBTA riders using Harvard Square Station on Thursday.</ImageCaption>
<ImageOrientation>Landscape</ImageOrientation>
<Images>
<Image width="1136" height="640" type="iphone5" url="http://www.boston.com/partners/greader/images/56a73e3a-6bfd-11e2-822d-5680187169b0__1136x640.jpg"/>
<Image width="960" height="640" type="iphone4" url="http://www.boston.com/partners/greader/images/56a73e3a-6bfd-11e2-822d-5680187169b0__960x640.jpg"/>
</Images>
</ImageReference>
</ImageGroup>
</xml>
