<xml>
<PubDate>Fri, 1 Feb 2013 09:18:11 GMT</PubDate>
<Title>Welfare errors cost taxpayers</Title>
<Author></Author>
<AuthorByTTL>State House News Service</AuthorByTTL>
<Description>A Massachusetts watchdog agency&#8217;s study of information submitted to the state by welfare recipients found errors and eligibility concerns with an average annual cost to taxpayers of about $25 million per year.</Description>
<ArticleId>02012013_ef988940-6bef-11e2-a242-50e79c56738a</ArticleId>
<Kicker></Kicker>
<PrintPubDate>Fri, 1 Feb 2013 09:18:11 GMT</PrintPubDate>
<ArticleUrl>http://www.bostonglobe.com/metro/2013/02/01/finds-welfare-system-may-squandering-benefits/w3xQwuHOHoxngJm1VUTHmN/story.html</ArticleUrl>
<ShortUrl>http://b.globe.com/WF4rMp</ShortUrl>
<FirstParagraph>A Massachusetts watchdog agency&#8217;s study of information submitted to the state by welfare recipients found errors and eligibility concerns with an average annual cost to taxpayers of about $25 million per year.</FirstParagraph>
<SectionId>150001000</SectionId>
<SectionName>Metro</SectionName>
<LockedContent>0</LockedContent>
<DisplayAd>0</DisplayAd>
<Location primary="" latitudelongitude=""/>
</xml>
