<xml>
<PubDate>Fri, 1 Feb 2013 09:18:16 GMT</PubDate>
<Title>Overbay agrees to minor league deal</Title>
<Author>By Nick Cafardo</Author>
<AuthorByTTL>Globe Staff</AuthorByTTL>
<Description>Lyle Overbay, 36, has agreed to terms with the Red Sox on a minor league contract.</Description>
<ArticleId>02012013_b73bdf6e-6bfb-11e2-a242-50e79c56738a</ArticleId>
<Kicker>red sox notebook</Kicker>
<PrintPubDate>Fri, 1 Feb 2013 09:18:16 GMT</PrintPubDate>
<ArticleUrl>http://www.bostonglobe.com/sports/2013/02/01/red-sox-sign-lyle-overbay-minor-league-deal/mmhz61yQQJtFxTt2TapJQJ/story.html</ArticleUrl>
<ShortUrl>http://b.globe.com/WF4qrW</ShortUrl>
<FirstParagraph>Lyle Overbay, 36, has agreed to terms with the Red Sox on a minor league contract.</FirstParagraph>
<SectionId>150001400</SectionId>
<SectionName>Sports</SectionName>
<LockedContent>0</LockedContent>
<DisplayAd>0</DisplayAd>
<Location primary="" latitudelongitude=""/>
</xml>
