<xml>
<PubDate>Fri, 1 Feb 2013 09:18:15 GMT</PubDate>
<Title>Robo-signing firm will pay $1.6m</Title>
<Author>By Jenifer B. McKim</Author>
<AuthorByTTL>Globe Staff</AuthorByTTL>
<Description>Massachusetts is expected to receive about $1.6 million from a Florida-based foreclosure processing company as part of a multi-state settlement to resolve allegations the firm engaged in the &#8220;robo-signing&#8217;&#8217; of documents, attorney general Martha Coakley said Thursday.</Description>
<ArticleId>02012013_cdab49b8-6be4-11e2-b0fe-25b534362601</ArticleId>
<Kicker></Kicker>
<PrintPubDate>Fri, 1 Feb 2013 09:18:15 GMT</PrintPubDate>
<ArticleUrl>http://www.bostonglobe.com/business/2013/01/31/massachusetts-martha-coakley-reaches-million-settlement-with-company-tied-robosigning/4HR5ALFBOEL7KgqIrBy5xL/story.html</ArticleUrl>
<ShortUrl>http://b.globe.com/WF4qbj</ShortUrl>
<FirstParagraph>Massachusetts is expected to receive about $1.6 million from a Florida-based foreclosure processing company as part of a multi-state settlement to resolve allegations the firm engaged in the &#8220;robo-signing&#8217;&#8217; of documents, attorney general Martha Coakley said Thursday.</FirstParagraph>
<SectionId>150001200</SectionId>
<SectionName>Business</SectionName>
<LockedContent>0</LockedContent>
<DisplayAd>0</DisplayAd>
<Location primary="" latitudelongitude=""/>
<ImageGroup>
<ImageReference>
<ImageCredit>David Zalubowski /Associated Press/File 2008</ImageCredit>
<ImageCaption>Robo-signing &#8212; the practice of signing documents without properly reviewing or even reading them &#8212; became part of the national lexicon during the housing crisis.</ImageCaption>
<ImageOrientation>Landscape</ImageOrientation>
<Images>
<Image width="1136" height="640" type="iphone5" url="http://www.boston.com/partners/greader/images/3527abca-6c00-11e2-b0fe-25b534362601__1136x640.jpg"/>
<Image width="960" height="640" type="iphone4" url="http://www.boston.com/partners/greader/images/3527abca-6c00-11e2-b0fe-25b534362601__960x640.jpg"/>
</Images>
</ImageReference>
<ImageReference>
<ImageCredit></ImageCredit>
<ImageCaption>Attorney General Coakley cited a serious violation of state law.</ImageCaption>
<ImageOrientation>Landscape</ImageOrientation>
<Images>
<Image width="1136" height="640" type="iphone5" url="http://www.boston.com/partners/greader/images/c3495d08-6bed-11e2-baa1-9e8515cd26f3__1136x640.jpg"/>
<Image width="960" height="640" type="iphone4" url="http://www.boston.com/partners/greader/images/c3495d08-6bed-11e2-baa1-9e8515cd26f3__960x640.jpg"/>
</Images>
</ImageReference>
</ImageGroup>
</xml>
