<xml>
<PubDate>Fri, 1 Feb 2013 09:18:09 GMT</PubDate>
<Title>Somali rape accuser is arrested</Title>
<Author>By ABDI GULED</Author>
<AuthorByTTL>Associated Press</AuthorByTTL>
<Description>The Somali government has charged a woman who has said she was raped by security forces, according to an international human rights group, which says the case is politically motivated.The group said a journalist who interviewed her was also charged..</Description>
<ArticleId>02012013_8b1d1758-6bc5-11e2-b0fe-25b534362601</ArticleId>
<Kicker></Kicker>
<PrintPubDate>Fri, 1 Feb 2013 09:18:09 GMT</PrintPubDate>
<ArticleUrl>http://www.bostonglobe.com/news/world/2013/02/01/somali-govt-government-charges-woman-who-says-she-was-raped/KUDLdNurVrHM7I5QUiflGI/story.html</ArticleUrl>
<ShortUrl>http://b.globe.com/WF4oAi</ShortUrl>
<FirstParagraph>The Somali government has charged a woman who has said she was raped by security forces, according to an international human rights group, which says the case is politically motivated.The group said a journalist who interviewed her was also charged..</FirstParagraph>
<SectionId>150001700</SectionId>
<SectionName>News</SectionName>
<LockedContent>0</LockedContent>
<DisplayAd>0</DisplayAd>
<Location primary="" latitudelongitude=""/>
</xml>
