<xml>
<PubDate>Fri, 1 Feb 2013 09:18:11 GMT</PubDate>
<Title>Sharp drop in crime reported</Title>
<Author>By Brock Parker</Author>
<AuthorByTTL>Globe Correspondent</AuthorByTTL>
<Description>Serious crime in Cambridge fell by 3 percent in 2012, sinking to the lowest mark in almost 50 years, the city&#8217;s police department reported Thursday.</Description>
<ArticleId>02012013_690af880-6bf0-11e2-baa1-9e8515cd26f3</ArticleId>
<Kicker></Kicker>
<PrintPubDate>Fri, 1 Feb 2013 09:18:11 GMT</PrintPubDate>
<ArticleUrl>http://www.bostonglobe.com/metro/2013/02/01/serious-crime-cambridge-drops-lowest-mark-almost-years-police-say/gJuAw22kxpljetRgyd3WJP/story.html</ArticleUrl>
<ShortUrl>http://b.globe.com/WF4p7j</ShortUrl>
<FirstParagraph>Serious crime in Cambridge fell by 3 percent in 2012, sinking to the lowest mark in almost 50 years, the city&#8217;s police department reported Thursday.</FirstParagraph>
<SectionId>150001000</SectionId>
<SectionName>Metro</SectionName>
<LockedContent>0</LockedContent>
<DisplayAd>0</DisplayAd>
<Location primary="" latitudelongitude=""/>
</xml>
