<xml>
<PubDate>Fri, 1 Feb 2013 09:18:11 GMT</PubDate>
<Title>Jailed mobster faces charges</Title>
<Author>By Haven Orecchio-Egresitz</Author>
<AuthorByTTL>Globe Correspondent</AuthorByTTL>
<Description>A notorious New England mobster was indicted Thursday on 18 counts of racketeering, drug trafficking, witness tampering, and other charges, according to a spokeswoman for the US Attorney&#8217;s office.</Description>
<ArticleId>02012013_5406c6fc-6c1e-11e2-a242-50e79c56738a</ArticleId>
<Kicker></Kicker>
<PrintPubDate>Fri, 1 Feb 2013 09:18:11 GMT</PrintPubDate>
<ArticleUrl>http://www.bostonglobe.com/metro/2013/02/01/former-fugitive-and-new-england-mobster-enrico-ponzo-indicted-racketeering-drug-charges/mmTAycWwWP5M5KwWwSPL2K/story.html</ArticleUrl>
<ShortUrl>http://b.globe.com/WF4rMn</ShortUrl>
<FirstParagraph>A notorious New England mobster was indicted Thursday on 18 counts of racketeering, drug trafficking, witness tampering, and other charges, according to a spokeswoman for the US Attorney&#8217;s office.</FirstParagraph>
<SectionId>150001000</SectionId>
<SectionName>Metro</SectionName>
<LockedContent>0</LockedContent>
<DisplayAd>0</DisplayAd>
<Location primary="" latitudelongitude=""/>
</xml>
