<xml>
<PubDate>Fri, 1 Feb 2013 09:18:16 GMT</PubDate>
<Title>Tuiasosopo opens up</Title>
<Author>By Pat Eaton-Robb</Author>
<AuthorByTTL>Associated Press</AuthorByTTL>
<Description>Ronaiah Tuiasosopo said he created the hoax involving Te&#8217;o and a fake girlfriend because he was in love with the football player..</Description>
<ArticleId>02012013_2f41cfb8-6bb7-11e2-a242-50e79c56738a</ArticleId>
<Kicker></Kicker>
<PrintPubDate>Fri, 1 Feb 2013 09:18:16 GMT</PrintPubDate>
<ArticleUrl>http://www.bostonglobe.com/sports/2013/01/31/man-center-hoax-says-was-love-with-manti/mWryVJmvMf1w9FVdYGfZvK/story.html</ArticleUrl>
<ShortUrl>http://b.globe.com/WF4qIt</ShortUrl>
<FirstParagraph>Ronaiah Tuiasosopo said he created the hoax involving Te&#8217;o and a fake girlfriend because he was in love with the football player..</FirstParagraph>
<SectionId>150001400</SectionId>
<SectionName>Sports</SectionName>
<LockedContent>0</LockedContent>
<DisplayAd>0</DisplayAd>
<Location primary="" latitudelongitude=""/>
<ImageGroup>
<ImageReference>
<ImageCredit>associated press/cbs television</ImageCredit>
<ImageCaption>Dr. Phil McGraw interviews Ronaiah Tuiasosopo during a two-part interview that will conclude on CBS on Friday.</ImageCaption>
<ImageOrientation>Landscape</ImageOrientation>
<Images>
<Image width="1136" height="640" type="iphone5" url="http://www.boston.com/partners/greader/images/9b2efbb0-6c16-11e2-a242-50e79c56738a__1136x640.jpg"/>
<Image width="960" height="640" type="iphone4" url="http://www.boston.com/partners/greader/images/9b2efbb0-6c16-11e2-a242-50e79c56738a__960x640.jpg"/>
</Images>
</ImageReference>
</ImageGroup>
</xml>
