<xml>
<PubDate>Fri, 1 Feb 2013 09:18:12 GMT</PubDate>
<Title>Noisy Neighbors</Title>
<Author>By Matt Parish</Author>
<AuthorByTTL>Globe Correspondent</AuthorByTTL>
<Description>This shimmering Boston quartet has been shifting through lineups for years, blasting through a collection of high-speed indie rock at an admirable pace.</Description>
<ArticleId>02012013_e66e6038-6aeb-11e2-bf18-4fb9427cef87</ArticleId>
<Kicker>Noisy Neighbors</Kicker>
<PrintPubDate>Fri, 1 Feb 2013 09:18:12 GMT</PrintPubDate>
<ArticleUrl>http://www.bostonglobe.com/arts/2013/01/31/review-guillermo-sexo-bring-down-your-arms/2STHkbP1vrTubRd4IdtiNN/story.html</ArticleUrl>
<ShortUrl>http://b.globe.com/WF4pEr</ShortUrl>
<FirstParagraph>This shimmering Boston quartet has been shifting through lineups for years, blasting through a collection of high-speed indie rock at an admirable pace.</FirstParagraph>
<SectionId>150001300</SectionId>
<SectionName>Arts</SectionName>
<LockedContent>0</LockedContent>
<DisplayAd>0</DisplayAd>
<Location primary="" latitudelongitude=""/>
</xml>
