<xml>
<PubDate>Fri, 1 Feb 2013 09:18:09 GMT</PubDate>
<Title>Borislav Milosevic, brother of former Serbian leader</Title>
<Author></Author>
<AuthorByTTL>Associated Press</AuthorByTTL>
<Description>Borislav Milosevic, the brother of late Serbian strongman Slobodan Milosevic, has died at the age of 79..</Description>
<ArticleId>02012013_23b74fd0-6a5c-11e2-a242-50e79c56738a</ArticleId>
<Kicker></Kicker>
<PrintPubDate>Fri, 1 Feb 2013 09:18:09 GMT</PrintPubDate>
<ArticleUrl>http://www.bostonglobe.com/metro/obituaries/2013/02/01/brother-serbian-strongman-milosevic-dies/sRhnZtlU1eaAprzrv1HGyH/story.html</ArticleUrl>
<ShortUrl>http://b.globe.com/WF4oAq</ShortUrl>
<FirstParagraph>Borislav Milosevic, the brother of late Serbian strongman Slobodan Milosevic, has died at the age of 79..</FirstParagraph>
<SectionId>150001700</SectionId>
<SectionName>News</SectionName>
<LockedContent>0</LockedContent>
<DisplayAd>0</DisplayAd>
<Location primary="" latitudelongitude=""/>
<ImageGroup>
<ImageReference>
<ImageCredit>Alexander Merkushev/A.P./2001</ImageCredit>
<ImageCaption>Mr. Milosevic was critical of the UN war crimes tribunal, which tried his brother.</ImageCaption>
<ImageOrientation>Portrait</ImageOrientation>
<Images>
<Image width="480" height="640" type="iphone4" url="http://www.boston.com/partners/greader/images/eefe0ac0-6b43-11e2-a242-50e79c56738a__480x640.jpg"/>
</Images>
</ImageReference>
</ImageGroup>
</xml>
