<xml>
<PubDate>Fri, 1 Feb 2013 09:18:16 GMT</PubDate>
<Title>Singh asks out, citing bad back</Title>
<Author>By John Nicholson</Author>
<AuthorByTTL>Associated Press</AuthorByTTL>
<Description>A day after saying he used a deer-antler spray containing a banned substance, Singh withdrew as the PGA Tour investigated him..</Description>
<ArticleId>02012013_74c00138-6bba-11e2-a242-50e79c56738a</ArticleId>
<Kicker></Kicker>
<PrintPubDate>Fri, 1 Feb 2013 09:18:16 GMT</PrintPubDate>
<ArticleUrl>http://www.bostonglobe.com/sports/2013/01/31/vijay-singh-withdraws-from-phoenix-open/YdCa7ctCJHKXFP62yX9gzO/story.html</ArticleUrl>
<ShortUrl>http://b.globe.com/WF4qs2</ShortUrl>
<FirstParagraph>A day after saying he used a deer-antler spray containing a banned substance, Singh withdrew as the PGA Tour investigated him..</FirstParagraph>
<SectionId>150001400</SectionId>
<SectionName>Sports</SectionName>
<LockedContent>0</LockedContent>
<DisplayAd>0</DisplayAd>
<Location primary="" latitudelongitude=""/>
<ImageGroup>
<ImageReference>
<ImageCredit></ImageCredit>
<ImageCaption>VIJAY SINGHUsed banned drug</ImageCaption>
<ImageOrientation>Portrait</ImageOrientation>
<Images>
<Image width="480" height="640" type="iphone4" url="http://www.boston.com/partners/greader/images/6c335b84-6c12-11e2-a242-50e79c56738a__480x640.jpg"/>
</Images>
</ImageReference>
</ImageGroup>
</xml>
