<xml>
<PubDate>Fri, 1 Feb 2013 09:18:12 GMT</PubDate>
<Title>Night Watch</Title>
<Author>By Katy Rushlau</Author>
<AuthorByTTL>Globe Correspondent</AuthorByTTL>
<Description>Former ManRay clubgoers: the night is back and bigger than ever.</Description>
<ArticleId>02012013_81ddce02-6a45-11e2-baa1-9e8515cd26f3</ArticleId>
<Kicker>Night Watch</Kicker>
<PrintPubDate>Fri, 1 Feb 2013 09:18:12 GMT</PrintPubDate>
<ArticleUrl></ArticleUrl>
<ShortUrl></ShortUrl>
<FirstParagraph>Former ManRay clubgoers: the night is back and bigger than ever.</FirstParagraph>
<SectionId>150001300</SectionId>
<SectionName>Arts</SectionName>
<LockedContent>0</LockedContent>
<DisplayAd>0</DisplayAd>
<Location primary="" latitudelongitude=""/>
</xml>
