<xml>
<PubDate>Fri, 1 Feb 2013 09:18:09 GMT</PubDate>
<Title>Explosion in Mexico City kills 25</Title>
<Author>By Michael Weissenstein and Olga R. Rodriguez</Author>
<AuthorByTTL>Associated Press</AuthorByTTL>
<Description>An explosion at the main headquarters of Mexico&#8217;s state-owned oil company in the capital killed 14 people and injured 100 on Thursday as it heavily damaged three floors of a building, sending hundreds into the streets and a large plume of smoke over the skyline..</Description>
<ArticleId>02012013_aeb1f59a-6c23-11e2-baa1-9e8515cd26f3</ArticleId>
<Kicker></Kicker>
<PrintPubDate>Fri, 1 Feb 2013 09:18:09 GMT</PrintPubDate>
<ArticleUrl>http://www.bostonglobe.com/news/world/2013/02/01/dead-least-hurt-mexico-oil-blast/aaWNFvwGdMdlH7mOPZtaFM/story.html</ArticleUrl>
<ShortUrl>http://b.globe.com/WF4mbv</ShortUrl>
<FirstParagraph>An explosion at the main headquarters of Mexico&#8217;s state-owned oil company in the capital killed 14 people and injured 100 on Thursday as it heavily damaged three floors of a building, sending hundreds into the streets and a large plume of smoke over the skyline..</FirstParagraph>
<SectionId>150001700</SectionId>
<SectionName>News</SectionName>
<LockedContent>0</LockedContent>
<DisplayAd>0</DisplayAd>
<Location primary="" latitudelongitude=""/>
</xml>
