<xml>
<PubDate>Fri, 1 Feb 2013 09:18:15 GMT</PubDate>
<Title>Downtown condo market improves in 2012</Title>
<Author>By Jenifer B. McKim</Author>
<AuthorByTTL>Globe Staff</AuthorByTTL>
<Description>Boston&#8217;s downtown condominium market soared in 2012, with the number of sales increasing dramatically and the median sale price reaching a record high, as prospective buyers battled over a shrinking housing stock.</Description>
<ArticleId>02012013_f760f31a-6b1d-11e2-a242-50e79c56738a</ArticleId>
<Kicker></Kicker>
<PrintPubDate>Fri, 1 Feb 2013 09:18:15 GMT</PrintPubDate>
<ArticleUrl>http://www.bostonglobe.com/business/2013/02/01/boston-downtown-condo-market-soars-with-rapid-sales-and-rising-home-values/UFpZyIGegqnA2GhEY6AbnM/story.html</ArticleUrl>
<ShortUrl>http://b.globe.com/WF4qbh</ShortUrl>
<FirstParagraph>Boston&#8217;s downtown condominium market soared in 2012, with the number of sales increasing dramatically and the median sale price reaching a record high, as prospective buyers battled over a shrinking housing stock.</FirstParagraph>
<SectionId>150001200</SectionId>
<SectionName>Business</SectionName>
<LockedContent>0</LockedContent>
<DisplayAd>0</DisplayAd>
<Location primary="" latitudelongitude=""/>
</xml>
