<xml>
<PubDate>Fri, 1 Feb 2013 09:18:12 GMT</PubDate>
<Title>Hijinks on the menu with &#8216;The Servant of Two Masters&#8217;</Title>
<Author>By Don Aucoin</Author>
<AuthorByTTL>Globe Staff</AuthorByTTL>
<Description>Since they&#8217;re performing a commedia dell&#8217;arte classic, any cast of &#8220;The Servant of Two Masters&#8217;&#8217; has a license to chew the scenery.</Description>
<ArticleId>02012013_f2fad0ac-6a64-11e2-baa1-9e8515cd26f3</ArticleId>
<Kicker>Stage Review</Kicker>
<PrintPubDate>Fri, 1 Feb 2013 09:18:12 GMT</PrintPubDate>
<ArticleUrl>http://www.bostonglobe.com/arts/2013/02/01/hijinks-are-menu-with-the-servant-two-masters/WGVZpdvsGPiPkJX9iEsvIP/story.html</ArticleUrl>
<ShortUrl>http://b.globe.com/WF4pnT</ShortUrl>
<FirstParagraph>Since they&#8217;re performing a commedia dell&#8217;arte classic, any cast of &#8220;The Servant of Two Masters&#8217;&#8217; has a license to chew the scenery.</FirstParagraph>
<SectionId>150001300</SectionId>
<SectionName>Arts</SectionName>
<LockedContent>0</LockedContent>
<DisplayAd>0</DisplayAd>
<Location primary="" latitudelongitude=""/>
<ImageGroup>
<ImageReference>
<ImageCredit>Richard Termine/File 2010</ImageCredit>
<ImageCaption>The cast of the commedia dell&#8217;arte classic turned each scene into a steadily escalating spiral of absurdity.</ImageCaption>
<ImageOrientation>Landscape</ImageOrientation>
<Images>
<Image width="1136" height="640" type="iphone5" url="http://www.boston.com/partners/greader/images/60e86794-64bd-11e2-8355-3f16db01f8cf__1136x640.jpg"/>
<Image width="960" height="640" type="iphone4" url="http://www.boston.com/partners/greader/images/60e86794-64bd-11e2-8355-3f16db01f8cf__960x640.jpg"/>
</Images>
</ImageReference>
</ImageGroup>
</xml>
