<xml>
<PubDate>Fri, 1 Feb 2013 09:18:16 GMT</PubDate>
<Title>Gronkowski eyes new year</Title>
<Author>By Shalise Manza Young</Author>
<AuthorByTTL>Globe Staff</AuthorByTTL>
<Description>Patriots tight end Rob Gronkowski broke his left arm twice in the span of two months, the second time on Jan.</Description>
<ArticleId>02012013_bf9e6a4c-6c09-11e2-a242-50e79c56738a</ArticleId>
<Kicker>nfl notebook</Kicker>
<PrintPubDate>Fri, 1 Feb 2013 09:18:16 GMT</PrintPubDate>
<ArticleUrl>http://www.bostonglobe.com/sports/2013/02/01/gronkowski-says-arm-fractures-freak-accidents/czGtSi95c6Hl1zmuGVnUTM/story.html</ArticleUrl>
<ShortUrl>http://b.globe.com/WF4qIl</ShortUrl>
<FirstParagraph>Patriots tight end Rob Gronkowski broke his left arm twice in the span of two months, the second time on Jan.</FirstParagraph>
<SectionId>150001400</SectionId>
<SectionName>Sports</SectionName>
<LockedContent>0</LockedContent>
<DisplayAd>0</DisplayAd>
<Location primary="" latitudelongitude=""/>
</xml>
