<xml>
<PubDate>Fri, 1 Feb 2013 09:18:12 GMT</PubDate>
<Title>Boston-area To Do list</Title>
<Author>By June Wulff</Author>
<AuthorByTTL>Globe Staff</AuthorByTTL>
<Description>What&#8217;s happening in and around Boston.</Description>
<ArticleId>02012013_00934d04-64b9-11e2-8a5b-55199e331bb4</ArticleId>
<Kicker></Kicker>
<PrintPubDate>Fri, 1 Feb 2013 09:18:12 GMT</PrintPubDate>
<ArticleUrl>http://www.bostonglobe.com/arts/2013/01/31/boston-area-list/OiTsdI9b7viHLw3cuBU7pJ/story.html</ArticleUrl>
<ShortUrl>http://b.globe.com/WF4pnQ</ShortUrl>
<FirstParagraph>What&#8217;s happening in and around Boston.</FirstParagraph>
<SectionId>150001300</SectionId>
<SectionName>Arts</SectionName>
<LockedContent>0</LockedContent>
<DisplayAd>0</DisplayAd>
<Location primary="" latitudelongitude=""/>
<ImageGroup>
<ImageReference>
<ImageCredit>Peter Schaaf</ImageCredit>
<ImageCaption></ImageCaption>
<ImageOrientation>Portrait</ImageOrientation>
<Images>
<Image width="480" height="640" type="iphone4" url="http://www.boston.com/partners/greader/images/41cbcb2e-6b04-11e2-b0fe-25b534362601__480x640.jpg"/>
</Images>
</ImageReference>
</ImageGroup>
</xml>
