<xml>
<PubDate>Fri, 1 Feb 2013 09:18:17 GMT</PubDate>
<Title>Andrews Sisters: Never out of uniform</Title>
<Author></Author>
<AuthorByTTL></AuthorByTTL>
<Description>Like so much else about the World War II era, the Andrews Sisters have been consigned to History Channel documentaries and film clips on the Internet.</Description>
<ArticleId>02012013_d2710c1e-6bc9-11e2-b0fe-25b534362601</ArticleId>
<Kicker></Kicker>
<PrintPubDate>Fri, 1 Feb 2013 09:18:17 GMT</PrintPubDate>
<ArticleUrl></ArticleUrl>
<ShortUrl></ShortUrl>
<FirstParagraph>Like so much else about the World War II era, the Andrews Sisters have been consigned to History Channel documentaries and film clips on the Internet.</FirstParagraph>
<SectionId>150000000</SectionId>
<SectionName>Opinion</SectionName>
<LockedContent>0</LockedContent>
<DisplayAd>0</DisplayAd>
<Location primary="" latitudelongitude=""/>
<ImageGroup>
<ImageReference>
<ImageCredit>associated press</ImageCredit>
<ImageCaption></ImageCaption>
<ImageOrientation>Portrait</ImageOrientation>
<Images>
<Image width="480" height="640" type="iphone4" url="http://www.boston.com/partners/greader/images/01aa5002-6bdf-11e2-baa1-9e8515cd26f3__480x640.jpg"/>
</Images>
</ImageReference>
</ImageGroup>
</xml>
