<xml>
<PubDate>Fri, 1 Feb 2013 09:18:17 GMT</PubDate>
<Title>The search for a big senator</Title>
<Author> By Scot Lehigh</Author>
<AuthorByTTL>Globe Columnist</AuthorByTTL>
<Description>The most common measuring stick when evaluating political candidates is the conservative-to-liberal scale.</Description>
<ArticleId>02012013_d95dd404-6bdc-11e2-baa1-9e8515cd26f3</ArticleId>
<Kicker>SCOT LEHIGH</Kicker>
<PrintPubDate>Fri, 1 Feb 2013 09:18:17 GMT</PrintPubDate>
<ArticleUrl></ArticleUrl>
<ShortUrl></ShortUrl>
<FirstParagraph>The most common measuring stick when evaluating political candidates is the conservative-to-liberal scale.</FirstParagraph>
<SectionId>150000000</SectionId>
<SectionName>Opinion</SectionName>
<LockedContent>0</LockedContent>
<DisplayAd>0</DisplayAd>
<Location primary="" latitudelongitude=""/>
<ImageGroup>
<ImageReference>
<ImageCredit>Suzanne Kreiter/ Globe Staff</ImageCredit>
<ImageCaption>Bill Weld was governor of Massachusetts from 1991 to &#8217;97.</ImageCaption>
<ImageOrientation>Portrait</ImageOrientation>
<Images>
<Image width="480" height="640" type="iphone4" url="http://www.boston.com/partners/greader/images/76cf1f2a-6be9-11e2-baa1-9e8515cd26f3__480x640.jpg"/>
</Images>
</ImageReference>
</ImageGroup>
</xml>
