<xml>
<PubDate>Fri, 1 Feb 2013 09:18:09 GMT</PubDate>
<Title>Iran says it will use advanced nuclear gear</Title>
<Author>By Alan Cowell</Author>
<AuthorByTTL>New York Times</AuthorByTTL>
<Description>Iran has told the UN nuclear supervisory body that it plans to install more sophisticated equipment at its principal nuclear enrichment plant, a diplomat said Thursday, enabling it to greatly accelerate processing of uranium in a move likely to worry the United States, Israel, and the West..</Description>
<ArticleId>02012013_c9035f48-6bfa-11e2-b0fe-25b534362601</ArticleId>
<Kicker></Kicker>
<PrintPubDate>Fri, 1 Feb 2013 09:18:09 GMT</PrintPubDate>
<ArticleUrl>http://www.bostonglobe.com/news/world/2013/02/01/iran-intends-install-more-sophisticated-equipment-enrich-uranium/0lFHgw5rKO7LYefCsGKHKK/story.html</ArticleUrl>
<ShortUrl>http://b.globe.com/WF4lVf</ShortUrl>
<FirstParagraph>Iran has told the UN nuclear supervisory body that it plans to install more sophisticated equipment at its principal nuclear enrichment plant, a diplomat said Thursday, enabling it to greatly accelerate processing of uranium in a move likely to worry the United States, Israel, and the West..</FirstParagraph>
<SectionId>150001700</SectionId>
<SectionName>News</SectionName>
<LockedContent>0</LockedContent>
<DisplayAd>0</DisplayAd>
<Location primary="" latitudelongitude=""/>
</xml>
