<xml>
<PubDate>Fri, 1 Feb 2013 09:18:12 GMT</PubDate>
<Title>Nicholas Phan has found a muse in Britten</Title>
<Author>By David Weininger</Author>
<AuthorByTTL>Globe Correspondent</AuthorByTTL>
<Description>Singer Nicholas Phan has become one of the public&#8217;s most visible and talented advocates for Benjamin Britten&#8217;s vocal music, including dozens of concert performances and two superb all-Britten CDs.</Description>
<ArticleId>02012013_fd8f4fa2-6a32-11e2-bf18-4fb9427cef87</ArticleId>
<Kicker>Classical Notes</Kicker>
<PrintPubDate>Fri, 1 Feb 2013 09:18:12 GMT</PrintPubDate>
<ArticleUrl>http://www.bostonglobe.com/arts/2013/01/31/classical-notes-tenor-nicholas-phan-sing-britten/sLKVram126WSVLG5z7DHbI/story.html</ArticleUrl>
<ShortUrl>http://b.globe.com/WF4pnX</ShortUrl>
<FirstParagraph>Singer Nicholas Phan has become one of the public&#8217;s most visible and talented advocates for Benjamin Britten&#8217;s vocal music, including dozens of concert performances and two superb all-Britten CDs.</FirstParagraph>
<SectionId>150001300</SectionId>
<SectionName>Arts</SectionName>
<LockedContent>0</LockedContent>
<DisplayAd>0</DisplayAd>
<Location primary="" latitudelongitude=""/>
<ImageGroup>
<ImageReference>
<ImageCredit>HIROYUKI ITO FOR THE NEW YORK TIMES</ImageCredit>
<ImageCaption>Nicholas Phan, performing here with Musica Sacra at Carnegie Hall in New York in December, sings in Boston this weekend.</ImageCaption>
<ImageOrientation>Landscape</ImageOrientation>
<Images>
<Image width="1136" height="640" type="iphone5" url="http://www.boston.com/partners/greader/images/9682086c-6664-11e2-8168-3fe0aff0fa46__1136x640.jpg"/>
<Image width="960" height="640" type="iphone4" url="http://www.boston.com/partners/greader/images/9682086c-6664-11e2-8168-3fe0aff0fa46__960x640.jpg"/>
</Images>
</ImageReference>
</ImageGroup>
</xml>
