<xml>
<PubDate>Fri, 1 Feb 2013 09:18:15 GMT</PubDate>
<Title>787 woes have cost largest operator $15.4m</Title>
<Author>By Hiroko Tabuchi</Author>
<AuthorByTTL>New York Times</AuthorByTTL>
<Description>All Nippon Airways, an enthusiastic Boeing customer now reeling from battery problems on its Dreamliner jets, said Thursday that the grounding of its 787 fleet hurt sales by about $15.4 million in January, casting a shadow on the airline&#8217;s future earnings..</Description>
<ArticleId>02012013_3d24b10e-6bee-11e2-baa1-9e8515cd26f3</ArticleId>
<Kicker></Kicker>
<PrintPubDate>Fri, 1 Feb 2013 09:18:15 GMT</PrintPubDate>
<ArticleUrl>http://www.bostonglobe.com/business/2013/02/01/airline-says-grounding-dreamliners-will-hurt-earnings/CEr6PGptD9wWkdBxDbV6RJ/story.html</ArticleUrl>
<ShortUrl>http://b.globe.com/WF4sQA</ShortUrl>
<FirstParagraph>All Nippon Airways, an enthusiastic Boeing customer now reeling from battery problems on its Dreamliner jets, said Thursday that the grounding of its 787 fleet hurt sales by about $15.4 million in January, casting a shadow on the airline&#8217;s future earnings..</FirstParagraph>
<SectionId>150001200</SectionId>
<SectionName>Business</SectionName>
<LockedContent>0</LockedContent>
<DisplayAd>0</DisplayAd>
<Location primary="" latitudelongitude=""/>
<ImageGroup>
<ImageReference>
<ImageCredit>Shizuo Kambayashi /Associated Press</ImageCredit>
<ImageCaption>All Nippon Airways, with a fleet of 17 Dreamliners, is the world&#8217;s largest operator of Boeing&#8217;s troubled 787.</ImageCaption>
<ImageOrientation>Landscape</ImageOrientation>
<Images>
<Image width="1136" height="640" type="iphone5" url="http://www.boston.com/partners/greader/images/2a0d71f8-6c09-11e2-baa1-9e8515cd26f3__1136x640.jpg"/>
<Image width="960" height="640" type="iphone4" url="http://www.boston.com/partners/greader/images/2a0d71f8-6c09-11e2-baa1-9e8515cd26f3__960x640.jpg"/>
</Images>
</ImageReference>
</ImageGroup>
</xml>
