<xml>
<PubDate>Fri, 1 Feb 2013 09:18:16 GMT</PubDate>
<Title>Sabres 7, Bruins 4</Title>
<Author></Author>
<AuthorByTTL></AuthorByTTL>
<Description>.</Description>
<ArticleId>02012013_40bf67ea-6c21-11e2-b0fe-25b534362601</ArticleId>
<Kicker></Kicker>
<PrintPubDate>Fri, 1 Feb 2013 09:18:16 GMT</PrintPubDate>
<ArticleUrl></ArticleUrl>
<ShortUrl></ShortUrl>
<FirstParagraph>.</FirstParagraph>
<SectionId>150001400</SectionId>
<SectionName>Sports</SectionName>
<LockedContent>0</LockedContent>
<DisplayAd>0</DisplayAd>
<Location primary="" latitudelongitude=""/>
</xml>
