<xml>
<PubDate>Fri, 1 Feb 2013 09:18:15 GMT</PubDate>
<Title>Brokerage fraud ends in 50-year prison sentence</Title>
<Author>By Ryan J. Foley</Author>
<AuthorByTTL>Associated Press</AuthorByTTL>
<Description>A judge sentenced Peregrine Financial Group Inc.</Description>
<ArticleId>02012013_001bd260-6bee-11e2-baa1-9e8515cd26f3</ArticleId>
<Kicker></Kicker>
<PrintPubDate>Fri, 1 Feb 2013 09:18:15 GMT</PrintPubDate>
<ArticleUrl>http://www.bostonglobe.com/business/2013/02/01/iowa-brokerage-head-gets-years-for-theft/WkaYTjknPA1Sv1FJWKnZuK/story.html</ArticleUrl>
<ShortUrl>http://b.globe.com/WF4sQu</ShortUrl>
<FirstParagraph>A judge sentenced Peregrine Financial Group Inc.</FirstParagraph>
<SectionId>150001200</SectionId>
<SectionName>Business</SectionName>
<LockedContent>0</LockedContent>
<DisplayAd>0</DisplayAd>
<Location primary="" latitudelongitude=""/>
<ImageGroup>
<ImageReference>
<ImageCredit> Associated Press/File 2011</ImageCredit>
<ImageCaption>Russ Wasendorf Sr., 64, apologized Thursday for what prosecutors called the biggest fraud in Iowa history.</ImageCaption>
<ImageOrientation>Landscape</ImageOrientation>
<Images>
<Image width="1136" height="640" type="iphone5" url="http://www.boston.com/partners/greader/images/8629093c-6bfc-11e2-b0fe-25b534362601__1136x640.jpg"/>
<Image width="960" height="640" type="iphone4" url="http://www.boston.com/partners/greader/images/8629093c-6bfc-11e2-b0fe-25b534362601__960x640.jpg"/>
</Images>
</ImageReference>
</ImageGroup>
</xml>
