<xml>
<PubDate>Fri, 1 Feb 2013 09:18:17 GMT</PubDate>
<Title>Maybe it&#8217;s time for background checks on gun owners</Title>
<Author></Author>
<AuthorByTTL></AuthorByTTL>
<Description>Marcia Kaufman writes: I don&#8217;t like the implications of stigmatizing mental health patients, although I realize that the recent atrocities were committed by mentally defective people.</Description>
<ArticleId>02012013_b2d935cc-699c-11e2-bf18-4fb9427cef87</ArticleId>
<Kicker></Kicker>
<PrintPubDate>Fri, 1 Feb 2013 09:18:17 GMT</PrintPubDate>
<ArticleUrl>http://www.bostonglobe.com/opinion/letters/2013/02/01/maybe-time-for-background-checks-gun-owners/Cm6RruhwmV1g7VFUo9tmiM/story.html</ArticleUrl>
<ShortUrl>http://b.globe.com/WF4tnq</ShortUrl>
<FirstParagraph>Marcia Kaufman writes: I don&#8217;t like the implications of stigmatizing mental health patients, although I realize that the recent atrocities were committed by mentally defective people.</FirstParagraph>
<SectionId>150000000</SectionId>
<SectionName>Opinion</SectionName>
<LockedContent>0</LockedContent>
<DisplayAd>0</DisplayAd>
<Location primary="" latitudelongitude=""/>
</xml>
