<xml>
<PubDate>Fri, 1 Feb 2013 09:18:16 GMT</PubDate>
<Title>Ravens&#8217; DeCosta awaiting his turn</Title>
<Author>By Greg A. Bedard</Author>
<AuthorByTTL>Globe Staff</AuthorByTTL>
<Description>Ravens assistant general manager Eric DeCosta is content to sit behind Ozzie Newsome for the rest of his career..</Description>
<ArticleId>02012013_0c58c82a-6c12-11e2-baa1-9e8515cd26f3</ArticleId>
<Kicker></Kicker>
<PrintPubDate>Fri, 1 Feb 2013 09:18:16 GMT</PrintPubDate>
<ArticleUrl></ArticleUrl>
<ShortUrl></ShortUrl>
<FirstParagraph>Ravens assistant general manager Eric DeCosta is content to sit behind Ozzie Newsome for the rest of his career..</FirstParagraph>
<SectionId>150001400</SectionId>
<SectionName>Sports</SectionName>
<LockedContent>0</LockedContent>
<DisplayAd>0</DisplayAd>
<Location primary="" latitudelongitude=""/>
</xml>
