<xml>
<PubDate>Fri, 1 Feb 2013 09:18:16 GMT</PubDate>
<Title>Vokoun, Penguins shut out Rangers</Title>
<Author></Author>
<AuthorByTTL>Associated press</AuthorByTTL>
<Description>Tomas Vokoun stopped 28 shots for his 49th NHL shutout, and the Pittsburgh Penguins scored on the first shot of the first and third periods in a 3-0 victory over the Rangers on Thursday night in New York..</Description>
<ArticleId>02012013_bbfd77e8-6c04-11e2-a242-50e79c56738a</ArticleId>
<Kicker>nhl roundup</Kicker>
<PrintPubDate>Fri, 1 Feb 2013 09:18:16 GMT</PrintPubDate>
<ArticleUrl>http://www.bostonglobe.com/sports/2013/01/31/pittsburgh-penguins-shut-out-new-york-rangers/Qf9UgVe8ECB3ZauwLgx3fP/story.html</ArticleUrl>
<ShortUrl>http://b.globe.com/WF4qs3</ShortUrl>
<FirstParagraph>Tomas Vokoun stopped 28 shots for his 49th NHL shutout, and the Pittsburgh Penguins scored on the first shot of the first and third periods in a 3-0 victory over the Rangers on Thursday night in New York..</FirstParagraph>
<SectionId>150001400</SectionId>
<SectionName>Sports</SectionName>
<LockedContent>0</LockedContent>
<DisplayAd>0</DisplayAd>
<Location primary="" latitudelongitude=""/>
<ImageGroup>
<ImageReference>
<ImageCredit>kathy willens/associated press</ImageCredit>
<ImageCaption>Rangers center Brad Richards can&#8217;t get his shot past Penguins goalie Tomas Vokoun.</ImageCaption>
<ImageOrientation>Landscape</ImageOrientation>
<Images>
<Image width="1136" height="640" type="iphone5" url="http://www.boston.com/partners/greader/images/3ae0dd26-6c1d-11e2-a242-50e79c56738a__1136x640.jpg"/>
<Image width="960" height="640" type="iphone4" url="http://www.boston.com/partners/greader/images/3ae0dd26-6c1d-11e2-a242-50e79c56738a__960x640.jpg"/>
</Images>
</ImageReference>
</ImageGroup>
</xml>
