<xml>
<PubDate>Fri, 1 Feb 2013 09:18:12 GMT</PubDate>
<Title>Cotillard honored as Hasty&#8217;s Woman of the Year</Title>
<Author></Author>
<AuthorByTTL></AuthorByTTL>
<Description>Maybe because the cross-dressing men of Harvard&#8217;s Hasty Pudding Theatricals remind her of the Moulin Rouge, French actress Marion Cotillard looked entirely at ease while being honored Thursday as the troupe&#8217;s 2013 Woman of the Year..</Description>
<ArticleId>02012013_9948f400-6bd4-11e2-b0fe-25b534362601</ArticleId>
<Kicker></Kicker>
<PrintPubDate>Fri, 1 Feb 2013 09:18:12 GMT</PrintPubDate>
<ArticleUrl>http://www.bostonglobe.com/lifestyle/names/2013/01/31/marion-cotillard-honored-woman-year-hasty-pudding-theatricals/0lRLpLgbjMRzejoyADBuuL/story.html</ArticleUrl>
<ShortUrl>http://b.globe.com/WF4rMv</ShortUrl>
<FirstParagraph>Maybe because the cross-dressing men of Harvard&#8217;s Hasty Pudding Theatricals remind her of the Moulin Rouge, French actress Marion Cotillard looked entirely at ease while being honored Thursday as the troupe&#8217;s 2013 Woman of the Year..</FirstParagraph>
<SectionId>150001300</SectionId>
<SectionName>Arts</SectionName>
<LockedContent>0</LockedContent>
<DisplayAd>0</DisplayAd>
<Location primary="" latitudelongitude=""/>
<ImageGroup>
<ImageReference>
<ImageCredit>Photos By Jim Davis/Globe Staff</ImageCredit>
<ImageCaption>Actress Marion Cotillard (with Renee Rober, left, and Ben Moss) waves during the Hasty Pudding parade.</ImageCaption>
<ImageOrientation>Landscape</ImageOrientation>
<Images>
<Image width="1136" height="640" type="iphone5" url="http://www.boston.com/partners/greader/images/2712efdc-6bfa-11e2-822d-5680187169b0__1136x640.jpg"/>
<Image width="960" height="640" type="iphone4" url="http://www.boston.com/partners/greader/images/2712efdc-6bfa-11e2-822d-5680187169b0__960x640.jpg"/>
</Images>
</ImageReference>
<ImageReference>
<ImageCredit></ImageCredit>
<ImageCaption>Cotillard with Ethan Hardy during the Hasty Pudding show.</ImageCaption>
<ImageOrientation>Landscape</ImageOrientation>
<Images>
<Image width="1136" height="640" type="iphone5" url="http://www.boston.com/partners/greader/images/31f47bc4-6bf9-11e2-822d-5680187169b0__1136x640.jpg"/>
<Image width="960" height="640" type="iphone4" url="http://www.boston.com/partners/greader/images/31f47bc4-6bf9-11e2-822d-5680187169b0__960x640.jpg"/>
</Images>
</ImageReference>
</ImageGroup>
</xml>
